mtllib head_link1.mtl
o node
usemtl DefaultMaterial
v 9.093705177307129 14.25 63.18666458129883
v 30.95697593688965 14.25 62.04214859008789
v 32.12693786621094 14.25 63.36735916137695
v 32.12693786621094 16.25 63.36735916137695
v 32.12693786621094 14.25 63.36735916137695
v 30.95697593688965 14.25 62.04214859008789
v 33.047386169433594 14.25 64.67704772949219
v 32.12693786621094 14.25 63.36735916137695
v 33.4521484375 14.25 62.19739532470703
v 33.4521484375 16.25 62.19739532470703
v 33.4521484375 14.25 62.19739532470703
v 32.12693786621094 14.25 63.36735916137695
v 33.047386169433594 14.25 64.67704772949219
v 9.093705177307129 14.25 63.18666458129883
v 32.12693786621094 14.25 63.36735916137695
v 32.12693786621094 16.25 63.36735916137695
v 33.4521484375 16.25 62.19739532470703
v 32.12693786621094 14.25 63.36735916137695
v 32.87213134765625 14.25 51.39052200317383
v 32.282188415527344 14.25 60.87218475341797
v 30.95697593688965 14.25 62.04214859008789
v 30.95697593688965 16.25 62.04214859008789
v 30.95697593688965 14.25 62.04214859008789
v 32.282188415527344 14.25 60.87218475341797
v 31.702167510986328 14.25 50.0653076171875
v 32.87213134765625 14.25 51.39052200317383
v 30.95697593688965 14.25 62.04214859008789
v 9.093705177307129 14.25 63.18666458129883
v 31.702167510986328 14.25 50.0653076171875
v 30.95697593688965 14.25 62.04214859008789
v 30.95697593688965 16.25 62.04214859008789
v 32.12693786621094 16.25 63.36735916137695
v 30.95697593688965 14.25 62.04214859008789
v 34.19734191894531 14.25 50.220558166503906
v 33.4521484375 14.25 62.19739532470703
v 32.282188415527344 14.25 60.87218475341797
v 32.282188415527344 16.25 60.87218475341797
v 32.282188415527344 14.25 60.87218475341797
v 33.4521484375 14.25 62.19739532470703
v 34.19734191894531 14.25 50.220558166503906
v 32.282188415527344 14.25 60.87218475341797
v 32.87213134765625 14.25 51.39052200317383
v 30.95697593688965 16.25 62.04214859008789
v 32.282188415527344 14.25 60.87218475341797
v 32.282188415527344 16.25 60.87218475341797
v 36.476097106933594 14.25 43.72834014892578
v 33.4521484375 14.25 62.19739532470703
v 34.19734191894531 14.25 50.220558166503906
v 33.4521484375 14.25 62.19739532470703
v 36.476097106933594 14.25 43.72834014892578
v 35.219058990478516 14.25 63.931663513183594
v 33.4521484375 16.25 62.19739532470703
v 32.282188415527344 16.25 60.87218475341797
v 33.4521484375 14.25 62.19739532470703
v 32.87213134765625 16.25 51.39052200317383
v 32.87213134765625 14.25 51.39052200317383
v 31.702167510986328 14.25 50.0653076171875
v 34.19734191894531 16.25 50.220558166503906
v 34.19734191894531 14.25 50.220558166503906
v 32.87213134765625 14.25 51.39052200317383
v 32.87213134765625 16.25 51.39052200317383
v 34.19734191894531 16.25 50.220558166503906
v 32.87213134765625 14.25 51.39052200317383
v 34.413570404052734 14.25 42.719505310058594
v 33.02737808227539 14.25 48.89534378051758
v 31.702167510986328 14.25 50.0653076171875
v 31.702167510986328 16.25 50.0653076171875
v 31.702167510986328 14.25 50.0653076171875
v 33.02737808227539 14.25 48.89534378051758
v 17.446378707885742 14.25 41.663818359375
v 34.413570404052734 14.25 42.719505310058594
v 31.702167510986328 14.25 50.0653076171875
v 9.093705177307129 14.25 63.18666458129883
v 17.446378707885742 14.25 41.663818359375
v 31.702167510986328 14.25 50.0653076171875
v 31.702167510986328 16.25 50.0653076171875
v 32.87213134765625 16.25 51.39052200317383
v 31.702167510986328 14.25 50.0653076171875
v 34.413570404052734 14.25 42.719505310058594
v 34.19734191894531 14.25 50.220558166503906
v 33.02737808227539 14.25 48.89534378051758
v 33.02737808227539 16.25 48.89534378051758
v 33.02737808227539 14.25 48.89534378051758
v 34.19734191894531 14.25 50.220558166503906
v 31.702167510986328 16.25 50.0653076171875
v 33.02737808227539 14.25 48.89534378051758
v 33.02737808227539 16.25 48.89534378051758
v 36.476097106933594 14.25 43.72834014892578
v 34.19734191894531 14.25 50.220558166503906
v 34.413570404052734 14.25 42.719505310058594
v 34.19734191894531 16.25 50.220558166503906
v 33.02737808227539 16.25 48.89534378051758
v 34.19734191894531 14.25 50.220558166503906
v 3.5934064388275146 14.25 60.496639251708984
v 7.0032958984375 14.25 60.55176544189453
v 8.173258781433105 14.25 61.876976013183594
v 8.173258781433105 16.25 61.876976013183594
v 8.173258781433105 14.25 61.876976013183594
v 7.0032958984375 14.25 60.55176544189453
v 9.093705177307129 14.25 63.18666458129883
v 8.173258781433105 14.25 61.876976013183594
v 9.4984712600708 14.25 60.70701217651367
v 9.4984712600708 16.25 60.70701217651367
v 9.4984712600708 14.25 60.70701217651367
v 8.173258781433105 14.25 61.876976013183594
v 9.093705177307129 14.25 63.18666458129883
v 3.5934064388275146 14.25 60.496639251708984
v 8.173258781433105 14.25 61.876976013183594
v 8.173258781433105 16.25 61.876976013183594
v 9.4984712600708 16.25 60.70701217651367
v 8.173258781433105 14.25 61.876976013183594
v 8.918450355529785 14.25 49.90013885498047
v 8.328507423400879 14.25 59.38180160522461
v 7.0032958984375 14.25 60.55176544189453
v 7.0032958984375 16.25 60.55176544189453
v 7.0032958984375 14.25 60.55176544189453
v 8.328507423400879 14.25 59.38180160522461
v 7.7484869956970215 14.25 48.57492446899414
v 8.918450355529785 14.25 49.90013885498047
v 7.0032958984375 14.25 60.55176544189453
v 3.5934064388275146 14.25 60.496639251708984
v 7.7484869956970215 14.25 48.57492446899414
v 7.0032958984375 14.25 60.55176544189453
v 7.0032958984375 16.25 60.55176544189453
v 8.173258781433105 16.25 61.876976013183594
v 7.0032958984375 14.25 60.55176544189453
v 10.243661880493164 14.25 48.73017501831055
v 9.4984712600708 14.25 60.70701217651367
v 8.328507423400879 14.25 59.38180160522461
v 8.328507423400879 16.25 59.38180160522461
v 8.328507423400879 14.25 59.38180160522461
v 9.4984712600708 14.25 60.70701217651367
v 10.243661880493164 14.25 48.73017501831055
v 8.328507423400879 14.25 59.38180160522461
v 8.918450355529785 14.25 49.90013885498047
v 7.0032958984375 16.25 60.55176544189453
v 8.328507423400879 14.25 59.38180160522461
v 8.328507423400879 16.25 59.38180160522461
v 17.477428436279297 14.25 41.1647834777832
v 9.4984712600708 14.25 60.70701217651367
v 10.243661880493164 14.25 48.73017501831055
v 9.093705177307129 14.25 63.18666458129883
v 9.4984712600708 14.25 60.70701217651367
v 17.477428436279297 14.25 41.1647834777832
v 9.4984712600708 16.25 60.70701217651367
v 8.328507423400879 16.25 59.38180160522461
v 9.4984712600708 14.25 60.70701217651367
v 8.918450355529785 16.25 49.90013885498047
v 8.918450355529785 14.25 49.90013885498047
v 7.7484869956970215 14.25 48.57492446899414
v 10.243661880493164 16.25 48.73017501831055
v 10.243661880493164 14.25 48.73017501831055
v 8.918450355529785 14.25 49.90013885498047
v 8.918450355529785 16.25 49.90013885498047
v 10.243661880493164 16.25 48.73017501831055
v 8.918450355529785 14.25 49.90013885498047
v 2.5063788890838623 14.25 40.23329544067383
v 9.073698997497559 14.25 47.404964447021484
v 7.7484869956970215 14.25 48.57492446899414
v 7.7484869956970215 16.25 48.57492446899414
v 7.7484869956970215 14.25 48.57492446899414
v 9.073698997497559 14.25 47.404964447021484
v 1.605939507484436 14.25 54.7053108215332
v 2.5063788890838623 14.25 40.23329544067383
v 7.7484869956970215 14.25 48.57492446899414
v 3.5934064388275146 14.25 60.496639251708984
v 1.605939507484436 14.25 54.7053108215332
v 7.7484869956970215 14.25 48.57492446899414
v 7.7484869956970215 16.25 48.57492446899414
v 8.918450355529785 16.25 49.90013885498047
v 7.7484869956970215 14.25 48.57492446899414
v 17.477428436279297 14.25 41.1647834777832
v 10.243661880493164 14.25 48.73017501831055
v 9.073698997497559 14.25 47.404964447021484
v 9.073698997497559 16.25 47.404964447021484
v 9.073698997497559 14.25 47.404964447021484
v 10.243661880493164 14.25 48.73017501831055
v 2.5063788890838623 14.25 40.23329544067383
v 17.477428436279297 14.25 41.1647834777832
v 9.073698997497559 14.25 47.404964447021484
v 7.7484869956970215 16.25 48.57492446899414
v 9.073698997497559 14.25 47.404964447021484
v 9.073698997497559 16.25 47.404964447021484
v 10.243661880493164 16.25 48.73017501831055
v 9.073698997497559 16.25 47.404964447021484
v 10.243661880493164 14.25 48.73017501831055
v 34.413570404052734 16.25 42.719505310058594
v 34.413570404052734 14.25 42.719505310058594
v 17.446378707885742 14.25 41.663818359375
v 36.476097106933594 16.25 43.72834014892578
v 36.476097106933594 14.25 43.72834014892578
v 34.413570404052734 14.25 42.719505310058594
v 36.476097106933594 16.25 43.72834014892578
v 34.413570404052734 14.25 42.719505310058594
v 34.413570404052734 16.25 42.719505310058594
v 9.093705177307129 14.25 63.18666458129883
v 17.477428436279297 14.25 41.1647834777832
v 17.446378707885742 14.25 41.663818359375
v 17.477428436279297 16.25 41.1647834777832
v 17.446378707885742 14.25 41.663818359375
v 17.477428436279297 14.25 41.1647834777832
v 17.446378707885742 16.25 41.663818359375
v 17.446378707885742 14.25 41.663818359375
v 17.477428436279297 16.25 41.1647834777832
v 34.413570404052734 16.25 42.719505310058594
v 17.446378707885742 14.25 41.663818359375
v 17.446378707885742 16.25 41.663818359375
v 2.682011842727661 15.421740531921387 37.41049575805664
v 17.477428436279297 14.25 41.1647834777832
v 2.5063788890838623 14.25 40.23329544067383
v 17.653060913085938 15.421740531921387 38.341983795166016
v 17.477428436279297 14.25 41.1647834777832
v 2.682011842727661 15.421740531921387 37.41049575805664
v 17.477428436279297 16.25 41.1647834777832
v 17.477428436279297 14.25 41.1647834777832
v 17.653060913085938 15.421740531921387 38.341983795166016
v 2.5063788890838623 16.25 40.23329544067383
v 2.5063788890838623 14.25 40.23329544067383
v 1.605939507484436 14.25 54.7053108215332
v 2.5941953659057617 16.83587074279785 38.821895599365234
v 2.682011842727661 15.421740531921387 37.41049575805664
v 2.5063788890838623 14.25 40.23329544067383
v 2.5941953659057617 16.83587074279785 38.821895599365234
v 2.5063788890838623 14.25 40.23329544067383
v 2.5063788890838623 16.25 40.23329544067383
v 1.605939507484436 16.25 54.7053108215332
v 1.605939507484436 14.25 54.7053108215332
v 3.5934064388275146 14.25 60.496639251708984
v 2.5063788890838623 16.25 40.23329544067383
v 1.605939507484436 14.25 54.7053108215332
v 1.605939507484436 16.25 54.7053108215332
v 3.5934064388275146 16.25 60.496639251708984
v 3.5934064388275146 14.25 60.496639251708984
v 9.093705177307129 14.25 63.18666458129883
v 3.5934064388275146 16.25 60.496639251708984
v 1.605939507484436 16.25 54.7053108215332
v 3.5934064388275146 14.25 60.496639251708984
v 9.093705177307129 16.25 63.18666458129883
v 9.093705177307129 14.25 63.18666458129883
v 33.047386169433594 14.25 64.67704772949219
v 3.5934064388275146 16.25 60.496639251708984
v 9.093705177307129 14.25 63.18666458129883
v 9.093705177307129 16.25 63.18666458129883
v 35.219058990478516 14.25 63.931663513183594
v 33.047386169433594 14.25 64.67704772949219
v 33.4521484375 14.25 62.19739532470703
v 33.047386169433594 16.25 64.67704772949219
v 33.047386169433594 14.25 64.67704772949219
v 35.219058990478516 14.25 63.931663513183594
v 9.093705177307129 16.25 63.18666458129883
v 33.047386169433594 14.25 64.67704772949219
v 33.047386169433594 16.25 64.67704772949219
v 37.22148132324219 14.25 45.90001678466797
v 36.2278938293457 14.25 61.86913299560547
v 35.219058990478516 14.25 63.931663513183594
v 35.219058990478516 16.25 63.931663513183594
v 35.219058990478516 14.25 63.931663513183594
v 36.2278938293457 14.25 61.86913299560547
v 36.476097106933594 14.25 43.72834014892578
v 37.22148132324219 14.25 45.90001678466797
v 35.219058990478516 14.25 63.931663513183594
v 35.219058990478516 16.25 63.931663513183594
v 33.047386169433594 16.25 64.67704772949219
v 35.219058990478516 14.25 63.931663513183594
v 36.2278938293457 16.25 61.86913299560547
v 36.2278938293457 14.25 61.86913299560547
v 37.22148132324219 14.25 45.90001678466797
v 35.219058990478516 16.25 63.931663513183594
v 36.2278938293457 14.25 61.86913299560547
v 36.2278938293457 16.25 61.86913299560547
v 37.22148132324219 16.25 45.90001678466797
v 37.22148132324219 14.25 45.90001678466797
v 36.476097106933594 14.25 43.72834014892578
v 36.2278938293457 16.25 61.86913299560547
v 37.22148132324219 14.25 45.90001678466797
v 37.22148132324219 16.25 45.90001678466797
v 36.476097106933594 16.25 43.72834014892578
v 37.22148132324219 16.25 45.90001678466797
v 36.476097106933594 14.25 43.72834014892578
v 2.7547760009765625 18.25 36.24101638793945
v 17.725826263427734 22.5 37.17250442504883
v 17.725826263427734 18.25 37.17250442504883
v 17.601627349853516 18.25 39.168643951416016
v 17.725826263427734 18.25 37.17250442504883
v 17.725826263427734 22.5 37.17250442504883
v 17.653060913085938 15.421740531921387 38.341983795166016
v 2.7547760009765625 18.25 36.24101638793945
v 17.725826263427734 18.25 37.17250442504883
v 17.601627349853516 18.25 39.168643951416016
v 17.653060913085938 15.421740531921387 38.341983795166016
v 17.725826263427734 18.25 37.17250442504883
v 2.7547760009765625 18.25 36.24101638793945
v 2.7547760009765625 22.5 36.24101638793945
v 17.725826263427734 22.5 37.17250442504883
v 2.7911529541015625 23.914213180541992 35.6563606262207
v 17.725826263427734 22.5 37.17250442504883
v 2.7547760009765625 22.5 36.24101638793945
v 17.762203216552734 23.914213180541992 36.58784866333008
v 17.725826263427734 22.5 37.17250442504883
v 2.7911529541015625 23.914213180541992 35.6563606262207
v 17.67439079284668 25.32826042175293 37.99916458129883
v 17.725826263427734 22.5 37.17250442504883
v 17.762203216552734 23.914213180541992 36.58784866333008
v 17.601627349853516 22.5 39.168643951416016
v 17.601627349853516 18.25 39.168643951416016
v 17.725826263427734 22.5 37.17250442504883
v 17.67439079284668 25.32826042175293 37.99916458129883
v 17.601627349853516 22.5 39.168643951416016
v 17.725826263427734 22.5 37.17250442504883
v 2.630577564239502 22.5 38.23715591430664
v 2.7547760009765625 22.5 36.24101638793945
v 2.7547760009765625 18.25 36.24101638793945
v 2.7033417224884033 25.32826042175293 37.06767654418945
v 2.7911529541015625 23.914213180541992 35.6563606262207
v 2.7547760009765625 22.5 36.24101638793945
v 2.7033417224884033 25.32826042175293 37.06767654418945
v 2.7547760009765625 22.5 36.24101638793945
v 2.630577564239502 22.5 38.23715591430664
v 17.653060913085938 15.421740531921387 38.341983795166016
v 2.682011842727661 15.421740531921387 37.41049575805664
v 2.7547760009765625 18.25 36.24101638793945
v 2.630577564239502 18.25 38.23715591430664
v 2.7547760009765625 18.25 36.24101638793945
v 2.682011842727661 15.421740531921387 37.41049575805664
v 2.630577564239502 18.25 38.23715591430664
v 2.630577564239502 22.5 38.23715591430664
v 2.7547760009765625 18.25 36.24101638793945
v 2.5941953659057617 16.83587074279785 38.821895599365234
v 2.630577564239502 18.25 38.23715591430664
v 2.682011842727661 15.421740531921387 37.41049575805664
v 17.565244674682617 16.83587074279785 39.75338363647461
v 17.477428436279297 16.25 41.1647834777832
v 17.653060913085938 15.421740531921387 38.341983795166016
v 17.565244674682617 16.83587074279785 39.75338363647461
v 17.653060913085938 15.421740531921387 38.341983795166016
v 17.601627349853516 18.25 39.168643951416016
v 3.600519895553589 24.5 9.768722534179688
v -2.204041004180908 24.5 10.508596420288086
v -3.4206018447875977 24.5 9.130389213562012
v -3.4206018447875977 26.5 9.130389213562012
v -3.4206018447875977 24.5 9.130389213562012
v -2.204041004180908 24.5 10.508596420288086
v -4.798620700836182 24.5 10.347163200378418
v -14.404529571533203 24.5 4.183474540710449
v -9.930168151855469 24.5 6.195300579071045
v -4.798620700836182 26.5 10.347163200378418
v -4.798620700836182 24.5 10.347163200378418
v -3.4206018447875977 24.5 9.130389213562012
v -0.5433686375617981 24.5 8.733112335205078
v 3.600519895553589 24.5 9.768722534179688
v -3.4206018447875977 24.5 9.130389213562012
v -0.5433686375617981 24.5 8.733112335205078
v -3.4206018447875977 24.5 9.130389213562012
v -9.930168151855469 24.5 6.195300579071045
v -9.930168151855469 24.5 6.195300579071045
v -3.4206018447875977 24.5 9.130389213562012
v -4.798620700836182 24.5 10.347163200378418
v -4.798620700836182 26.5 10.347163200378418
v -3.4206018447875977 24.5 9.130389213562012
v -3.4206018447875977 26.5 9.130389213562012
v 4.817080974578857 24.5 11.146930694580078
v -3.582059860229492 24.5 11.725371360778809
v -2.204041004180908 24.5 10.508596420288086
v -2.204041004180908 26.5 10.508596420288086
v -2.204041004180908 24.5 10.508596420288086
v -3.582059860229492 24.5 11.725371360778809
v 3.600519895553589 24.5 9.768722534179688
v 4.817080974578857 24.5 11.146930694580078
v -2.204041004180908 24.5 10.508596420288086
v -2.204041004180908 26.5 10.508596420288086
v -3.4206018447875977 26.5 9.130389213562012
v -2.204041004180908 24.5 10.508596420288086
v -14.404529571533203 24.5 4.183474540710449
v -4.798620700836182 24.5 10.347163200378418
v -3.582059860229492 24.5 11.725371360778809
v -3.582059860229492 26.5 11.725371360778809
v -3.582059860229492 24.5 11.725371360778809
v -4.798620700836182 24.5 10.347163200378418
v 7.170661449432373 24.5 13.57790470123291
v -3.582059860229492 24.5 11.725371360778809
v 4.817080974578857 24.5 11.146930694580078
v 6.375792503356934 24.5 14.279898643493652
v -3.582059860229492 24.5 11.725371360778809
v 7.170661449432373 24.5 13.57790470123291
v 6.375792503356934 24.5 14.279898643493652
v 7.077512741088867 24.5 15.075010299682617
v -3.582059860229492 24.5 11.725371360778809
v -3.0733702182769775 24.5 14.681771278381348
v -3.582059860229492 24.5 11.725371360778809
v 7.077512741088867 24.5 15.075010299682617
v -14.404529571533203 24.5 4.183474540710449
v -3.582059860229492 24.5 11.725371360778809
v -3.0733702182769775 24.5 14.681771278381348
v -3.582059860229492 26.5 11.725371360778809
v -2.204041004180908 26.5 10.508596420288086
v -3.582059860229492 24.5 11.725371360778809
v -4.798620700836182 26.5 10.347163200378418
v -3.582059860229492 26.5 11.725371360778809
v -4.798620700836182 24.5 10.347163200378418
v 18.812562942504883 24.5 19.706279754638672
v 6.195099830627441 24.5 9.930155754089355
v 4.978538990020752 24.5 8.551948547363281
v 4.978538990020752 26.5 8.551948547363281
v 4.978538990020752 24.5 8.551948547363281
v 6.195099830627441 24.5 9.930155754089355
v -0.5433686375617981 24.5 8.733112335205078
v 4.978538990020752 24.5 8.551948547363281
v 3.600519895553589 24.5 9.768722534179688
v 3.600519895553589 26.5 9.768722534179688
v 3.600519895553589 24.5 9.768722534179688
v 4.978538990020752 24.5 8.551948547363281
v 8.039543151855469 24.5 3.453153371810913
v 10.347150802612305 24.5 4.798821926116943
v 4.978538990020752 24.5 8.551948547363281
v 18.812562942504883 24.5 19.706279754638672
v 4.978538990020752 24.5 8.551948547363281
v 10.347150802612305 24.5 4.798821926116943
v 8.039543151855469 24.5 3.453153371810913
v 4.978538990020752 24.5 8.551948547363281
v -0.5433686375617981 24.5 8.733112335205078
v 3.600519895553589 26.5 9.768722534179688
v 4.978538990020752 24.5 8.551948547363281
v 4.978538990020752 26.5 8.551948547363281
v 18.812562942504883 24.5 19.706279754638672
v 4.817080974578857 24.5 11.146930694580078
v 6.195099830627441 24.5 9.930155754089355
v 6.195099830627441 26.5 9.930155754089355
v 6.195099830627441 24.5 9.930155754089355
v 4.817080974578857 24.5 11.146930694580078
v 6.195099830627441 26.5 9.930155754089355
v 4.978538990020752 26.5 8.551948547363281
v 6.195099830627441 24.5 9.930155754089355
v 4.817080974578857 26.5 11.146930694580078
v 4.817080974578857 24.5 11.146930694580078
v 3.600519895553589 24.5 9.768722534179688
v 18.812562942504883 24.5 19.706279754638672
v 7.170661449432373 24.5 13.57790470123291
v 4.817080974578857 24.5 11.146930694580078
v 4.817080974578857 26.5 11.146930694580078
v 6.195099830627441 26.5 9.930155754089355
v 4.817080974578857 24.5 11.146930694580078
v 3.600519895553589 26.5 9.768722534179688
v 4.817080974578857 26.5 11.146930694580078
v 3.600519895553589 24.5 9.768722534179688
v 14.75993824005127 24.5 -2.6728672981262207
v 11.725170135498047 24.5 3.582047462463379
v 10.5086088180542 24.5 2.2038400173187256
v 10.5086088180542 26.5 2.2038400173187256
v 10.5086088180542 24.5 2.2038400173187256
v 11.725170135498047 24.5 3.582047462463379
v 5.957942008972168 24.5 -6.40793514251709
v 10.5086088180542 24.5 2.2038400173187256
v 9.130590438842773 24.5 3.42061448097229
v 9.130590438842773 26.5 3.42061448097229
v 9.130590438842773 24.5 3.42061448097229
v 10.5086088180542 24.5 2.2038400173187256
v 14.75993824005127 24.5 -2.6728672981262207
v 10.5086088180542 24.5 2.2038400173187256
v 5.957942008972168 24.5 -6.40793514251709
v 9.130590438842773 26.5 3.42061448097229
v 10.5086088180542 24.5 2.2038400173187256
v 10.5086088180542 26.5 2.2038400173187256
v 18.812562942504883 24.5 19.706279754638672
v 10.347150802612305 24.5 4.798821926116943
v 11.725170135498047 24.5 3.582047462463379
v 11.725170135498047 26.5 3.582047462463379
v 11.725170135498047 24.5 3.582047462463379
v 10.347150802612305 24.5 4.798821926116943
v 14.75993824005127 24.5 -2.6728672981262207
v 18.812562942504883 24.5 19.706279754638672
v 11.725170135498047 24.5 3.582047462463379
v 11.725170135498047 26.5 3.582047462463379
v 10.5086088180542 26.5 2.2038400173187256
v 11.725170135498047 24.5 3.582047462463379
v 8.039543151855469 24.5 3.453153371810913
v 9.130590438842773 24.5 3.42061448097229
v 10.347150802612305 24.5 4.798821926116943
v 10.347150802612305 26.5 4.798821926116943
v 10.347150802612305 24.5 4.798821926116943
v 9.130590438842773 24.5 3.42061448097229
v 10.347150802612305 26.5 4.798821926116943
v 11.725170135498047 26.5 3.582047462463379
v 10.347150802612305 24.5 4.798821926116943
v 8.039543151855469 24.5 3.453153371810913
v 5.957942008972168 24.5 -6.40793514251709
v 9.130590438842773 24.5 3.42061448097229
v 9.130590438842773 26.5 3.42061448097229
v 10.347150802612305 26.5 4.798821926116943
v 9.130590438842773 24.5 3.42061448097229
v -0.5433686375617981 24.5 8.733112335205078
v -8.552149772644043 24.5 4.978526592254639
v -9.768710136413574 24.5 3.6003189086914062
v -9.768710136413574 26.5 3.6003189086914062
v -9.768710136413574 24.5 3.6003189086914062
v -8.552149772644043 24.5 4.978526592254639
v -14.404529571533203 24.5 4.183474540710449
v -9.768710136413574 24.5 3.6003189086914062
v -11.146729469299316 24.5 4.817093372344971
v -11.146729469299316 26.5 4.817093372344971
v -11.146729469299316 24.5 4.817093372344971
v -9.768710136413574 24.5 3.6003189086914062
v -8.560521125793457 24.5 1.8101823329925537
v -9.768710136413574 24.5 3.6003189086914062
v -11.725170135498047 24.5 -3.582047462463379
v -14.404529571533203 24.5 4.183474540710449
v -11.725170135498047 24.5 -3.582047462463379
v -9.768710136413574 24.5 3.6003189086914062
v -8.560521125793457 24.5 1.8101823329925537
v -0.5433686375617981 24.5 8.733112335205078
v -9.768710136413574 24.5 3.6003189086914062
v -11.146729469299316 26.5 4.817093372344971
v -9.768710136413574 24.5 3.6003189086914062
v -9.768710136413574 26.5 3.6003189086914062
v -0.5433686375617981 24.5 8.733112335205078
v -9.930168151855469 24.5 6.195300579071045
v -8.552149772644043 24.5 4.978526592254639
v -8.552149772644043 26.5 4.978526592254639
v -8.552149772644043 24.5 4.978526592254639
v -9.930168151855469 24.5 6.195300579071045
v -8.552149772644043 26.5 4.978526592254639
v -9.768710136413574 26.5 3.6003189086914062
v -8.552149772644043 24.5 4.978526592254639
v -14.404529571533203 24.5 4.183474540710449
v -11.146729469299316 24.5 4.817093372344971
v -9.930168151855469 24.5 6.195300579071045
v -9.930168151855469 26.5 6.195300579071045
v -9.930168151855469 24.5 6.195300579071045
v -11.146729469299316 24.5 4.817093372344971
v -9.930168151855469 26.5 6.195300579071045
v -8.552149772644043 26.5 4.978526592254639
v -9.930168151855469 24.5 6.195300579071045
v -11.146729469299316 26.5 4.817093372344971
v -9.930168151855469 26.5 6.195300579071045
v -11.146729469299316 24.5 4.817093372344971
v -4.032495975494385 24.5 -7.765402317047119
v -9.130590438842773 24.5 -3.42061448097229
v -10.347150802612305 24.5 -4.798821926116943
v -10.347150802612305 26.5 -4.798821926116943
v -10.347150802612305 24.5 -4.798821926116943
v -9.130590438842773 24.5 -3.42061448097229
v -10.459920883178711 24.5 -10.75128173828125
v -10.347150802612305 24.5 -4.798821926116943
v -11.725170135498047 24.5 -3.582047462463379
v -11.725170135498047 26.5 -3.582047462463379
v -11.725170135498047 24.5 -3.582047462463379
v -10.347150802612305 24.5 -4.798821926116943
v -10.459920883178711 24.5 -10.75128173828125
v -4.032495975494385 24.5 -7.765402317047119
v -10.347150802612305 24.5 -4.798821926116943
v -11.725170135498047 26.5 -3.582047462463379
v -10.347150802612305 24.5 -4.798821926116943
v -10.347150802612305 26.5 -4.798821926116943
v -8.560521125793457 24.5 1.8101823329925537
v -10.5086088180542 24.5 -2.2038400173187256
v -9.130590438842773 24.5 -3.42061448097229
v -9.130590438842773 26.5 -3.42061448097229
v -9.130590438842773 24.5 -3.42061448097229
v -10.5086088180542 24.5 -2.2038400173187256
v -4.032495975494385 24.5 -7.765402317047119
v -8.560521125793457 24.5 1.8101823329925537
v -9.130590438842773 24.5 -3.42061448097229
v -9.130590438842773 26.5 -3.42061448097229
v -10.347150802612305 26.5 -4.798821926116943
v -9.130590438842773 24.5 -3.42061448097229
v -8.560521125793457 24.5 1.8101823329925537
v -11.725170135498047 24.5 -3.582047462463379
v -10.5086088180542 24.5 -2.2038400173187256
v -10.5086088180542 26.5 -2.2038400173187256
v -10.5086088180542 24.5 -2.2038400173187256
v -11.725170135498047 24.5 -3.582047462463379
v -10.5086088180542 26.5 -2.2038400173187256
v -9.130590438842773 26.5 -3.42061448097229
v -10.5086088180542 24.5 -2.2038400173187256
v -14.404529571533203 24.5 4.183474540710449
v -10.459920883178711 24.5 -10.75128173828125
v -11.725170135498047 24.5 -3.582047462463379
v -11.725170135498047 26.5 -3.582047462463379
v -10.5086088180542 26.5 -2.2038400173187256
v -11.725170135498047 24.5 -3.582047462463379
v -0.5433686375617981 26.5 8.733112335205078
v -0.5433686375617981 24.5 8.733112335205078
v -8.560521125793457 24.5 1.8101823329925537
v 8.039543151855469 26.5 3.453153371810913
v 8.039543151855469 24.5 3.453153371810913
v -0.5433686375617981 24.5 8.733112335205078
v 8.039543151855469 26.5 3.453153371810913
v -0.5433686375617981 24.5 8.733112335205078
v -0.5433686375617981 26.5 8.733112335205078
v -8.560521125793457 26.5 1.8101823329925537
v -8.560521125793457 24.5 1.8101823329925537
v -4.032495975494385 24.5 -7.765402317047119
v -8.560521125793457 26.5 1.8101823329925537
v -0.5433686375617981 26.5 8.733112335205078
v -8.560521125793457 24.5 1.8101823329925537
v -10.459920883178711 24.5 -10.75128173828125
v 5.957942008972168 24.5 -6.40793514251709
v -4.032495975494385 24.5 -7.765402317047119
v -4.032495975494385 26.5 -7.765402317047119
v -4.032495975494385 24.5 -7.765402317047119
v 5.957942008972168 24.5 -6.40793514251709
v -4.032495975494385 26.5 -7.765402317047119
v -8.560521125793457 26.5 1.8101823329925537
v -4.032495975494385 24.5 -7.765402317047119
v 5.957942008972168 26.5 -6.40793514251709
v 5.957942008972168 24.5 -6.40793514251709
v 8.039543151855469 24.5 3.453153371810913
v 4.57747745513916 24.5 -14.284209251403809
v 14.75993824005127 24.5 -2.6728672981262207
v 5.957942008972168 24.5 -6.40793514251709
v -10.459920883178711 24.5 -10.75128173828125
v 4.57747745513916 24.5 -14.284209251403809
v 5.957942008972168 24.5 -6.40793514251709
v 5.957942008972168 26.5 -6.40793514251709
v -4.032495975494385 26.5 -7.765402317047119
v 5.957942008972168 24.5 -6.40793514251709
v 8.039543151855469 26.5 3.453153371810913
v 5.957942008972168 26.5 -6.40793514251709
v 8.039543151855469 24.5 3.453153371810913
v 18.812562942504883 24.5 19.706279754638672
v 7.872381687164307 24.5 14.373016357421875
v 7.170661449432373 24.5 13.57790470123291
v 7.170661449432373 26.5 13.57790470123291
v 7.170661449432373 24.5 13.57790470123291
v 7.872381687164307 24.5 14.373016357421875
v 6.375792503356934 26.5 14.279898643493652
v 6.375792503356934 24.5 14.279898643493652
v 7.170661449432373 24.5 13.57790470123291
v 6.375792503356934 26.5 14.279898643493652
v 7.170661449432373 24.5 13.57790470123291
v 7.170661449432373 26.5 13.57790470123291
v 18.812562942504883 24.5 19.706279754638672
v 7.077512741088867 24.5 15.075010299682617
v 7.872381687164307 24.5 14.373016357421875
v 7.872381687164307 26.5 14.373016357421875
v 7.872381687164307 24.5 14.373016357421875
v 7.077512741088867 24.5 15.075010299682617
v 7.872381687164307 26.5 14.373016357421875
v 7.170661449432373 26.5 13.57790470123291
v 7.872381687164307 24.5 14.373016357421875
v 7.077512741088867 26.5 15.075010299682617
v 7.077512741088867 24.5 15.075010299682617
v 6.375792503356934 24.5 14.279898643493652
v 18.812562942504883 24.5 19.706279754638672
v -3.0733702182769775 24.5 14.681771278381348
v 7.077512741088867 24.5 15.075010299682617
v 7.077512741088867 26.5 15.075010299682617
v 7.872381687164307 26.5 14.373016357421875
v 7.077512741088867 24.5 15.075010299682617
v 6.375792503356934 26.5 14.279898643493652
v 7.077512741088867 26.5 15.075010299682617
v 6.375792503356934 24.5 14.279898643493652
v 18.812562942504883 24.5 19.706279754638672
v 3.6241657733917236 24.5 22.268035888671875
v -3.0733702182769775 24.5 14.681771278381348
v -3.0733702182769775 26.5 14.681771278381348
v -3.0733702182769775 24.5 14.681771278381348
v 3.6241657733917236 24.5 22.268035888671875
v -14.404529571533203 26.5 4.183474540710449
v -14.404529571533203 24.5 4.183474540710449
v -3.0733702182769775 24.5 14.681771278381348
v -14.404529571533203 26.5 4.183474540710449
v -3.0733702182769775 24.5 14.681771278381348
v -3.0733702182769775 26.5 14.681771278381348
v 10.659470558166504 24.5 29.96978759765625
v 2.878974676132202 24.5 34.244876861572266
v 3.6241657733917236 24.5 22.268035888671875
v 3.6241657733917236 26.5 22.268035888671875
v 3.6241657733917236 24.5 22.268035888671875
v 2.878974676132202 24.5 34.244876861572266
v 10.814719200134277 24.5 27.474613189697266
v 3.6241657733917236 24.5 22.268035888671875
v 18.812562942504883 24.5 19.706279754638672
v 9.489507675170898 24.5 28.644577026367188
v 3.6241657733917236 24.5 22.268035888671875
v 10.814719200134277 24.5 27.474613189697266
v 9.489507675170898 24.5 28.644577026367188
v 10.659470558166504 24.5 29.96978759765625
v 3.6241657733917236 24.5 22.268035888671875
v 3.6241657733917236 26.5 22.268035888671875
v -3.0733702182769775 26.5 14.681771278381348
v 3.6241657733917236 24.5 22.268035888671875
v 10.659470558166504 24.5 29.96978759765625
v 17.850025177001953 24.5 35.17636489868164
v 2.878974676132202 24.5 34.244876861572266
v 17.762203216552734 23.914213180541992 36.58784866333008
v 2.878974676132202 24.5 34.244876861572266
v 17.850025177001953 24.5 35.17636489868164
v 17.762203216552734 23.914213180541992 36.58784866333008
v 2.7911529541015625 23.914213180541992 35.6563606262207
v 2.878974676132202 24.5 34.244876861572266
v 2.7033417224884033 25.32826042175293 37.06767654418945
v 2.878974676132202 24.5 34.244876861572266
v 2.7911529541015625 23.914213180541992 35.6563606262207
v 2.7033417224884033 25.32826042175293 37.06767654418945
v 2.878974676132202 26.5 34.244876861572266
v 2.878974676132202 24.5 34.244876861572266
v 3.6241657733917236 26.5 22.268035888671875
v 2.878974676132202 24.5 34.244876861572266
v 2.878974676132202 26.5 34.244876861572266
v 10.814719200134277 24.5 27.474613189697266
v 18.812562942504883 24.5 19.706279754638672
v 17.850025177001953 24.5 35.17636489868164
v 17.850025177001953 26.5 35.17636489868164
v 17.850025177001953 24.5 35.17636489868164
v 18.812562942504883 24.5 19.706279754638672
v 11.984682083129883 24.5 28.799823760986328
v 10.814719200134277 24.5 27.474613189697266
v 17.850025177001953 24.5 35.17636489868164
v 10.659470558166504 24.5 29.96978759765625
v 11.984682083129883 24.5 28.799823760986328
v 17.850025177001953 24.5 35.17636489868164
v 17.67439079284668 25.32826042175293 37.99916458129883
v 17.762203216552734 23.914213180541992 36.58784866333008
v 17.850025177001953 24.5 35.17636489868164
v 17.850025177001953 26.5 35.17636489868164
v 17.67439079284668 25.32826042175293 37.99916458129883
v 17.850025177001953 24.5 35.17636489868164
v 18.812562942504883 26.5 19.706279754638672
v 18.812562942504883 24.5 19.706279754638672
v 14.75993824005127 24.5 -2.6728672981262207
v 18.812562942504883 26.5 19.706279754638672
v 17.850025177001953 26.5 35.17636489868164
v 18.812562942504883 24.5 19.706279754638672
v 14.75993824005127 26.5 -2.6728672981262207
v 14.75993824005127 24.5 -2.6728672981262207
v 4.57747745513916 24.5 -14.284209251403809
v 14.75993824005127 26.5 -2.6728672981262207
v 18.812562942504883 26.5 19.706279754638672
v 14.75993824005127 24.5 -2.6728672981262207
v 4.57747745513916 26.5 -14.284209251403809
v 4.57747745513916 24.5 -14.284209251403809
v -10.459920883178711 24.5 -10.75128173828125
v 4.57747745513916 26.5 -14.284209251403809
v 14.75993824005127 26.5 -2.6728672981262207
v 4.57747745513916 24.5 -14.284209251403809
v -10.459920883178711 26.5 -10.75128173828125
v -10.459920883178711 24.5 -10.75128173828125
v -14.404529571533203 24.5 4.183474540710449
v 4.57747745513916 26.5 -14.284209251403809
v -10.459920883178711 24.5 -10.75128173828125
v -10.459920883178711 26.5 -10.75128173828125
v -10.459920883178711 26.5 -10.75128173828125
v -14.404529571533203 24.5 4.183474540710449
v -14.404529571533203 26.5 4.183474540710449
v 10.814719200134277 26.5 27.474613189697266
v 10.814719200134277 24.5 27.474613189697266
v 11.984682083129883 24.5 28.799823760986328
v 9.489507675170898 26.5 28.644577026367188
v 9.489507675170898 24.5 28.644577026367188
v 10.814719200134277 24.5 27.474613189697266
v 9.489507675170898 26.5 28.644577026367188
v 10.814719200134277 24.5 27.474613189697266
v 10.814719200134277 26.5 27.474613189697266
v 11.984682083129883 26.5 28.799823760986328
v 11.984682083129883 24.5 28.799823760986328
v 10.659470558166504 24.5 29.96978759765625
v 11.984682083129883 26.5 28.799823760986328
v 10.814719200134277 26.5 27.474613189697266
v 11.984682083129883 24.5 28.799823760986328
v 10.659470558166504 26.5 29.96978759765625
v 10.659470558166504 24.5 29.96978759765625
v 9.489507675170898 24.5 28.644577026367188
v 11.984682083129883 26.5 28.799823760986328
v 10.659470558166504 24.5 29.96978759765625
v 10.659470558166504 26.5 29.96978759765625
v 10.659470558166504 26.5 29.96978759765625
v 9.489507675170898 24.5 28.644577026367188
v 9.489507675170898 26.5 28.644577026367188
v 32.87213134765625 16.25 51.39052200317383
v 32.282188415527344 16.25 60.87218475341797
v 33.4521484375 16.25 62.19739532470703
v 31.702167510986328 16.25 50.0653076171875
v 30.95697593688965 16.25 62.04214859008789
v 32.282188415527344 16.25 60.87218475341797
v 31.702167510986328 16.25 50.0653076171875
v 32.282188415527344 16.25 60.87218475341797
v 32.87213134765625 16.25 51.39052200317383
v 33.047386169433594 16.25 64.67704772949219
v 33.4521484375 16.25 62.19739532470703
v 32.12693786621094 16.25 63.36735916137695
v 32.87213134765625 16.25 51.39052200317383
v 33.4521484375 16.25 62.19739532470703
v 34.19734191894531 16.25 50.220558166503906
v 35.219058990478516 16.25 63.931663513183594
v 34.19734191894531 16.25 50.220558166503906
v 33.4521484375 16.25 62.19739532470703
v 35.219058990478516 16.25 63.931663513183594
v 33.4521484375 16.25 62.19739532470703
v 33.047386169433594 16.25 64.67704772949219
v 33.047386169433594 16.25 64.67704772949219
v 32.12693786621094 16.25 63.36735916137695
v 30.95697593688965 16.25 62.04214859008789
v 17.446378707885742 16.25 41.663818359375
v 30.95697593688965 16.25 62.04214859008789
v 31.702167510986328 16.25 50.0653076171875
v 33.047386169433594 16.25 64.67704772949219
v 30.95697593688965 16.25 62.04214859008789
v 10.243661880493164 16.25 48.73017501831055
v 17.446378707885742 16.25 41.663818359375
v 10.243661880493164 16.25 48.73017501831055
v 30.95697593688965 16.25 62.04214859008789
v 34.413570404052734 16.25 42.719505310058594
v 33.02737808227539 16.25 48.89534378051758
v 34.19734191894531 16.25 50.220558166503906
v 17.446378707885742 16.25 41.663818359375
v 31.702167510986328 16.25 50.0653076171875
v 33.02737808227539 16.25 48.89534378051758
v 34.413570404052734 16.25 42.719505310058594
v 17.446378707885742 16.25 41.663818359375
v 33.02737808227539 16.25 48.89534378051758
v 34.413570404052734 16.25 42.719505310058594
v 34.19734191894531 16.25 50.220558166503906
v 35.219058990478516 16.25 63.931663513183594
v 8.918450355529785 16.25 49.90013885498047
v 8.328507423400879 16.25 59.38180160522461
v 9.4984712600708 16.25 60.70701217651367
v 7.7484869956970215 16.25 48.57492446899414
v 7.0032958984375 16.25 60.55176544189453
v 8.328507423400879 16.25 59.38180160522461
v 7.7484869956970215 16.25 48.57492446899414
v 8.328507423400879 16.25 59.38180160522461
v 8.918450355529785 16.25 49.90013885498047
v 9.093705177307129 16.25 63.18666458129883
v 9.4984712600708 16.25 60.70701217651367
v 8.173258781433105 16.25 61.876976013183594
v 8.918450355529785 16.25 49.90013885498047
v 9.4984712600708 16.25 60.70701217651367
v 10.243661880493164 16.25 48.73017501831055
v 33.047386169433594 16.25 64.67704772949219
v 10.243661880493164 16.25 48.73017501831055
v 9.4984712600708 16.25 60.70701217651367
v 9.093705177307129 16.25 63.18666458129883
v 33.047386169433594 16.25 64.67704772949219
v 9.4984712600708 16.25 60.70701217651367
v 9.093705177307129 16.25 63.18666458129883
v 8.173258781433105 16.25 61.876976013183594
v 7.0032958984375 16.25 60.55176544189453
v 2.5063788890838623 16.25 40.23329544067383
v 7.0032958984375 16.25 60.55176544189453
v 7.7484869956970215 16.25 48.57492446899414
v 3.5934064388275146 16.25 60.496639251708984
v 7.0032958984375 16.25 60.55176544189453
v 2.5063788890838623 16.25 40.23329544067383
v 3.5934064388275146 16.25 60.496639251708984
v 9.093705177307129 16.25 63.18666458129883
v 7.0032958984375 16.25 60.55176544189453
v 17.446378707885742 16.25 41.663818359375
v 9.073698997497559 16.25 47.404964447021484
v 10.243661880493164 16.25 48.73017501831055
v 2.5063788890838623 16.25 40.23329544067383
v 7.7484869956970215 16.25 48.57492446899414
v 9.073698997497559 16.25 47.404964447021484
v 17.446378707885742 16.25 41.663818359375
v 2.5063788890838623 16.25 40.23329544067383
v 9.073698997497559 16.25 47.404964447021484
v 3.5934064388275146 16.25 60.496639251708984
v 2.5063788890838623 16.25 40.23329544067383
v 1.605939507484436 16.25 54.7053108215332
v 17.565244674682617 16.83587074279785 39.75338363647461
v 2.5941953659057617 16.83587074279785 38.821895599365234
v 2.5063788890838623 16.25 40.23329544067383
v 17.446378707885742 16.25 41.663818359375
v 17.477428436279297 16.25 41.1647834777832
v 2.5063788890838623 16.25 40.23329544067383
v 17.565244674682617 16.83587074279785 39.75338363647461
v 2.5063788890838623 16.25 40.23329544067383
v 17.477428436279297 16.25 41.1647834777832
v 17.601627349853516 18.25 39.168643951416016
v 2.630577564239502 22.5 38.23715591430664
v 2.630577564239502 18.25 38.23715591430664
v 17.601627349853516 22.5 39.168643951416016
v 2.630577564239502 22.5 38.23715591430664
v 17.601627349853516 18.25 39.168643951416016
v 17.67439079284668 25.32826042175293 37.99916458129883
v 2.630577564239502 22.5 38.23715591430664
v 17.601627349853516 22.5 39.168643951416016
v 2.7033417224884033 25.32826042175293 37.06767654418945
v 2.630577564239502 22.5 38.23715591430664
v 17.67439079284668 25.32826042175293 37.99916458129883
v 17.601627349853516 18.25 39.168643951416016
v 2.630577564239502 18.25 38.23715591430664
v 2.5941953659057617 16.83587074279785 38.821895599365234
v 17.565244674682617 16.83587074279785 39.75338363647461
v 17.601627349853516 18.25 39.168643951416016
v 2.5941953659057617 16.83587074279785 38.821895599365234
v 36.476097106933594 16.25 43.72834014892578
v 36.2278938293457 16.25 61.86913299560547
v 37.22148132324219 16.25 45.90001678466797
v 36.476097106933594 16.25 43.72834014892578
v 35.219058990478516 16.25 63.931663513183594
v 36.2278938293457 16.25 61.86913299560547
v 36.476097106933594 16.25 43.72834014892578
v 34.413570404052734 16.25 42.719505310058594
v 35.219058990478516 16.25 63.931663513183594
v 2.7033417224884033 25.32826042175293 37.06767654418945
v 17.67439079284668 25.32826042175293 37.99916458129883
v 17.850025177001953 26.5 35.17636489868164
v 2.7033417224884033 25.32826042175293 37.06767654418945
v 17.850025177001953 26.5 35.17636489868164
v 2.878974676132202 26.5 34.244876861572266
v 10.659470558166504 26.5 29.96978759765625
v 2.878974676132202 26.5 34.244876861572266
v 17.850025177001953 26.5 35.17636489868164
v 11.984682083129883 26.5 28.799823760986328
v 17.850025177001953 26.5 35.17636489868164
v 18.812562942504883 26.5 19.706279754638672
v 11.984682083129883 26.5 28.799823760986328
v 10.659470558166504 26.5 29.96978759765625
v 17.850025177001953 26.5 35.17636489868164
v 10.814719200134277 26.5 27.474613189697266
v 3.6241657733917236 26.5 22.268035888671875
v 2.878974676132202 26.5 34.244876861572266
v 9.489507675170898 26.5 28.644577026367188
v 10.814719200134277 26.5 27.474613189697266
v 2.878974676132202 26.5 34.244876861572266
v 10.659470558166504 26.5 29.96978759765625
v 9.489507675170898 26.5 28.644577026367188
v 2.878974676132202 26.5 34.244876861572266
v 3.600519895553589 26.5 9.768722534179688
v -3.4206018447875977 26.5 9.130389213562012
v -2.204041004180908 26.5 10.508596420288086
v -9.930168151855469 26.5 6.195300579071045
v -4.798620700836182 26.5 10.347163200378418
v -3.4206018447875977 26.5 9.130389213562012
v 3.600519895553589 26.5 9.768722534179688
v 4.978538990020752 26.5 8.551948547363281
v -3.4206018447875977 26.5 9.130389213562012
v -0.5433686375617981 26.5 8.733112335205078
v -3.4206018447875977 26.5 9.130389213562012
v 4.978538990020752 26.5 8.551948547363281
v -0.5433686375617981 26.5 8.733112335205078
v -9.930168151855469 26.5 6.195300579071045
v -3.4206018447875977 26.5 9.130389213562012
v 4.817080974578857 26.5 11.146930694580078
v -2.204041004180908 26.5 10.508596420288086
v -3.582059860229492 26.5 11.725371360778809
v 3.600519895553589 26.5 9.768722534179688
v -2.204041004180908 26.5 10.508596420288086
v 4.817080974578857 26.5 11.146930694580078
v -3.0733702182769775 26.5 14.681771278381348
v -3.582059860229492 26.5 11.725371360778809
v -4.798620700836182 26.5 10.347163200378418
v 7.170661449432373 26.5 13.57790470123291
v 4.817080974578857 26.5 11.146930694580078
v -3.582059860229492 26.5 11.725371360778809
v -3.0733702182769775 26.5 14.681771278381348
v 7.170661449432373 26.5 13.57790470123291
v -3.582059860229492 26.5 11.725371360778809
v -3.0733702182769775 26.5 14.681771278381348
v -4.798620700836182 26.5 10.347163200378418
v -9.930168151855469 26.5 6.195300579071045
v 10.347150802612305 26.5 4.798821926116943
v 4.978538990020752 26.5 8.551948547363281
v 6.195099830627441 26.5 9.930155754089355
v -0.5433686375617981 26.5 8.733112335205078
v 4.978538990020752 26.5 8.551948547363281
v 10.347150802612305 26.5 4.798821926116943
v 7.170661449432373 26.5 13.57790470123291
v 6.195099830627441 26.5 9.930155754089355
v 4.817080974578857 26.5 11.146930694580078
v 10.347150802612305 26.5 4.798821926116943
v 6.195099830627441 26.5 9.930155754089355
v 11.725170135498047 26.5 3.582047462463379
v 7.170661449432373 26.5 13.57790470123291
v 11.725170135498047 26.5 3.582047462463379
v 6.195099830627441 26.5 9.930155754089355
v 14.75993824005127 26.5 -2.6728672981262207
v 10.5086088180542 26.5 2.2038400173187256
v 11.725170135498047 26.5 3.582047462463379
v 8.039543151855469 26.5 3.453153371810913
v 9.130590438842773 26.5 3.42061448097229
v 10.5086088180542 26.5 2.2038400173187256
v 14.75993824005127 26.5 -2.6728672981262207
v 8.039543151855469 26.5 3.453153371810913
v 10.5086088180542 26.5 2.2038400173187256
v 14.75993824005127 26.5 -2.6728672981262207
v 11.725170135498047 26.5 3.582047462463379
v 7.170661449432373 26.5 13.57790470123291
v 8.039543151855469 26.5 3.453153371810913
v 10.347150802612305 26.5 4.798821926116943
v 9.130590438842773 26.5 3.42061448097229
v 8.039543151855469 26.5 3.453153371810913
v -0.5433686375617981 26.5 8.733112335205078
v 10.347150802612305 26.5 4.798821926116943
v -8.560521125793457 26.5 1.8101823329925537
v -9.768710136413574 26.5 3.6003189086914062
v -8.552149772644043 26.5 4.978526592254639
v -14.404529571533203 26.5 4.183474540710449
v -11.146729469299316 26.5 4.817093372344971
v -9.768710136413574 26.5 3.6003189086914062
v -14.404529571533203 26.5 4.183474540710449
v -9.768710136413574 26.5 3.6003189086914062
v -8.560521125793457 26.5 1.8101823329925537
v -0.5433686375617981 26.5 8.733112335205078
v -8.552149772644043 26.5 4.978526592254639
v -9.930168151855469 26.5 6.195300579071045
v -8.560521125793457 26.5 1.8101823329925537
v -8.552149772644043 26.5 4.978526592254639
v -0.5433686375617981 26.5 8.733112335205078
v -3.0733702182769775 26.5 14.681771278381348
v -9.930168151855469 26.5 6.195300579071045
v -11.146729469299316 26.5 4.817093372344971
v -14.404529571533203 26.5 4.183474540710449
v -3.0733702182769775 26.5 14.681771278381348
v -11.146729469299316 26.5 4.817093372344971
v -4.032495975494385 26.5 -7.765402317047119
v -10.347150802612305 26.5 -4.798821926116943
v -9.130590438842773 26.5 -3.42061448097229
v -10.459920883178711 26.5 -10.75128173828125
v -11.725170135498047 26.5 -3.582047462463379
v -10.347150802612305 26.5 -4.798821926116943
v -10.459920883178711 26.5 -10.75128173828125
v -10.347150802612305 26.5 -4.798821926116943
v -4.032495975494385 26.5 -7.765402317047119
v -4.032495975494385 26.5 -7.765402317047119
v -9.130590438842773 26.5 -3.42061448097229
v -10.5086088180542 26.5 -2.2038400173187256
v -14.404529571533203 26.5 4.183474540710449
v -10.5086088180542 26.5 -2.2038400173187256
v -11.725170135498047 26.5 -3.582047462463379
v -4.032495975494385 26.5 -7.765402317047119
v -10.5086088180542 26.5 -2.2038400173187256
v -8.560521125793457 26.5 1.8101823329925537
v -14.404529571533203 26.5 4.183474540710449
v -8.560521125793457 26.5 1.8101823329925537
v -10.5086088180542 26.5 -2.2038400173187256
v -10.459920883178711 26.5 -10.75128173828125
v -14.404529571533203 26.5 4.183474540710449
v -11.725170135498047 26.5 -3.582047462463379
v 4.57747745513916 26.5 -14.284209251403809
v -4.032495975494385 26.5 -7.765402317047119
v 5.957942008972168 26.5 -6.40793514251709
v 4.57747745513916 26.5 -14.284209251403809
v -10.459920883178711 26.5 -10.75128173828125
v -4.032495975494385 26.5 -7.765402317047119
v 14.75993824005127 26.5 -2.6728672981262207
v 5.957942008972168 26.5 -6.40793514251709
v 8.039543151855469 26.5 3.453153371810913
v 4.57747745513916 26.5 -14.284209251403809
v 5.957942008972168 26.5 -6.40793514251709
v 14.75993824005127 26.5 -2.6728672981262207
v 14.75993824005127 26.5 -2.6728672981262207
v 7.170661449432373 26.5 13.57790470123291
v 7.872381687164307 26.5 14.373016357421875
v -3.0733702182769775 26.5 14.681771278381348
v 6.375792503356934 26.5 14.279898643493652
v 7.170661449432373 26.5 13.57790470123291
v 18.812562942504883 26.5 19.706279754638672
v 7.872381687164307 26.5 14.373016357421875
v 7.077512741088867 26.5 15.075010299682617
v 14.75993824005127 26.5 -2.6728672981262207
v 7.872381687164307 26.5 14.373016357421875
v 18.812562942504883 26.5 19.706279754638672
v -3.0733702182769775 26.5 14.681771278381348
v 7.077512741088867 26.5 15.075010299682617
v 6.375792503356934 26.5 14.279898643493652
v 18.812562942504883 26.5 19.706279754638672
v 7.077512741088867 26.5 15.075010299682617
v -3.0733702182769775 26.5 14.681771278381348
v 18.812562942504883 26.5 19.706279754638672
v -3.0733702182769775 26.5 14.681771278381348
v 3.6241657733917236 26.5 22.268035888671875
v 10.814719200134277 26.5 27.474613189697266
v 18.812562942504883 26.5 19.706279754638672
v 3.6241657733917236 26.5 22.268035888671875
v 11.984682083129883 26.5 28.799823760986328
v 18.812562942504883 26.5 19.706279754638672
v 10.814719200134277 26.5 27.474613189697266
v 42.22709274291992 -14.25 59.09418487548828
v 42.261627197265625 -14.25 56.58195114135742
v 41.12350845336914 -14.25 57.93461227416992
v 41.12350845336914 -16.25 57.93461227416992
v 41.12350845336914 -14.25 57.93461227416992
v 42.261627197265625 -14.25 56.58195114135742
v 42.22709274291992 -14.25 59.09418487548828
v 41.12350845336914 -14.25 57.93461227416992
v 39.770851135253906 -14.25 56.7964973449707
v 39.770851135253906 -16.25 56.7964973449707
v 39.770851135253906 -14.25 56.7964973449707
v 41.12350845336914 -14.25 57.93461227416992
v 39.770851135253906 -16.25 56.7964973449707
v 41.12350845336914 -14.25 57.93461227416992
v 41.12350845336914 -16.25 57.93461227416992
v 40.09370040893555 -14.25 45.9788818359375
v 40.908966064453125 -14.25 55.4438362121582
v 42.261627197265625 -14.25 56.58195114135742
v 42.261627197265625 -16.25 56.58195114135742
v 42.261627197265625 -14.25 56.58195114135742
v 40.908966064453125 -14.25 55.4438362121582
v 41.23181915283203 -14.25 44.626220703125
v 40.09370040893555 -14.25 45.9788818359375
v 42.261627197265625 -14.25 56.58195114135742
v 44.265045166015625 -14.25 58.03658676147461
v 41.23181915283203 -14.25 44.626220703125
v 42.261627197265625 -14.25 56.58195114135742
v 42.22709274291992 -14.25 59.09418487548828
v 44.265045166015625 -14.25 58.03658676147461
v 42.261627197265625 -14.25 56.58195114135742
v 42.261627197265625 -16.25 56.58195114135742
v 41.12350845336914 -16.25 57.93461227416992
v 42.261627197265625 -14.25 56.58195114135742
v 38.74103927612305 -14.25 44.84076690673828
v 39.770851135253906 -14.25 56.7964973449707
v 40.908966064453125 -14.25 55.4438362121582
v 40.908966064453125 -16.25 55.4438362121582
v 40.908966064453125 -14.25 55.4438362121582
v 39.770851135253906 -14.25 56.7964973449707
v 38.74103927612305 -14.25 44.84076690673828
v 40.908966064453125 -14.25 55.4438362121582
v 40.09370040893555 -14.25 45.9788818359375
v 40.908966064453125 -16.25 55.4438362121582
v 42.261627197265625 -16.25 56.58195114135742
v 40.908966064453125 -14.25 55.4438362121582
v 23.401824951171875 -14.25 38.63424301147461
v 39.770851135253906 -14.25 56.7964973449707
v 38.74103927612305 -14.25 44.84076690673828
v 42.22709274291992 -14.25 59.09418487548828
v 39.770851135253906 -14.25 56.7964973449707
v 17.320356369018555 -14.25 46.68584060668945
v 23.401824951171875 -14.25 38.63424301147461
v 17.320356369018555 -14.25 46.68584060668945
v 39.770851135253906 -14.25 56.7964973449707
v 39.770851135253906 -16.25 56.7964973449707
v 40.908966064453125 -16.25 55.4438362121582
v 39.770851135253906 -14.25 56.7964973449707
v 40.09370040893555 -16.25 45.9788818359375
v 40.09370040893555 -14.25 45.9788818359375
v 41.23181915283203 -14.25 44.626220703125
v 38.74103927612305 -16.25 44.84076690673828
v 38.74103927612305 -14.25 44.84076690673828
v 40.09370040893555 -14.25 45.9788818359375
v 38.74103927612305 -16.25 44.84076690673828
v 40.09370040893555 -14.25 45.9788818359375
v 40.09370040893555 -16.25 45.9788818359375
v 40.339107513427734 -14.25 37.17534637451172
v 39.87915802001953 -14.25 43.48810577392578
v 41.23181915283203 -14.25 44.626220703125
v 41.23181915283203 -16.25 44.626220703125
v 41.23181915283203 -14.25 44.626220703125
v 39.87915802001953 -14.25 43.48810577392578
v 44.265045166015625 -14.25 58.03658676147461
v 40.339107513427734 -14.25 37.17534637451172
v 41.23181915283203 -14.25 44.626220703125
v 41.23181915283203 -16.25 44.626220703125
v 40.09370040893555 -16.25 45.9788818359375
v 41.23181915283203 -14.25 44.626220703125
v 23.401824951171875 -14.25 38.63424301147461
v 38.74103927612305 -14.25 44.84076690673828
v 39.87915802001953 -14.25 43.48810577392578
v 39.87915802001953 -16.25 43.48810577392578
v 39.87915802001953 -14.25 43.48810577392578
v 38.74103927612305 -14.25 44.84076690673828
v 23.401824951171875 -14.25 38.63424301147461
v 39.87915802001953 -14.25 43.48810577392578
v 40.339107513427734 -14.25 37.17534637451172
v 39.87915802001953 -16.25 43.48810577392578
v 41.23181915283203 -16.25 44.626220703125
v 39.87915802001953 -14.25 43.48810577392578
v 38.74103927612305 -16.25 44.84076690673828
v 39.87915802001953 -16.25 43.48810577392578
v 38.74103927612305 -14.25 44.84076690673828
v 18.315631866455078 -14.25 61.153804779052734
v 18.35016632080078 -14.25 58.641571044921875
v 17.21204948425293 -14.25 59.994232177734375
v 17.21204948425293 -16.25 59.994232177734375
v 17.21204948425293 -14.25 59.994232177734375
v 18.35016632080078 -14.25 58.641571044921875
v 18.315631866455078 -14.25 61.153804779052734
v 17.21204948425293 -14.25 59.994232177734375
v 15.85938835144043 -14.25 58.85611343383789
v 15.85938835144043 -16.25 58.85611343383789
v 15.85938835144043 -14.25 58.85611343383789
v 17.21204948425293 -14.25 59.994232177734375
v 15.85938835144043 -16.25 58.85611343383789
v 17.21204948425293 -14.25 59.994232177734375
v 17.21204948425293 -16.25 59.994232177734375
v 16.182239532470703 -14.25 48.03850173950195
v 16.99750518798828 -14.25 57.503456115722656
v 18.35016632080078 -14.25 58.641571044921875
v 18.35016632080078 -16.25 58.641571044921875
v 18.35016632080078 -14.25 58.641571044921875
v 16.99750518798828 -14.25 57.503456115722656
v 17.320356369018555 -14.25 46.68584060668945
v 16.182239532470703 -14.25 48.03850173950195
v 18.35016632080078 -14.25 58.641571044921875
v 42.22709274291992 -14.25 59.09418487548828
v 17.320356369018555 -14.25 46.68584060668945
v 18.35016632080078 -14.25 58.641571044921875
v 18.315631866455078 -14.25 61.153804779052734
v 42.22709274291992 -14.25 59.09418487548828
v 18.35016632080078 -14.25 58.641571044921875
v 18.35016632080078 -16.25 58.641571044921875
v 17.21204948425293 -16.25 59.994232177734375
v 18.35016632080078 -14.25 58.641571044921875
v 14.82957935333252 -14.25 46.90038299560547
v 15.85938835144043 -14.25 58.85611343383789
v 16.99750518798828 -14.25 57.503456115722656
v 16.99750518798828 -16.25 57.503456115722656
v 16.99750518798828 -14.25 57.503456115722656
v 15.85938835144043 -14.25 58.85611343383789
v 14.82957935333252 -14.25 46.90038299560547
v 16.99750518798828 -14.25 57.503456115722656
v 16.182239532470703 -14.25 48.03850173950195
v 16.99750518798828 -16.25 57.503456115722656
v 18.35016632080078 -16.25 58.641571044921875
v 16.99750518798828 -14.25 57.503456115722656
v 8.414252281188965 -14.25 39.42334747314453
v 15.85938835144043 -14.25 58.85611343383789
v 14.82957935333252 -14.25 46.90038299560547
v 12.47867488861084 -14.25 59.30462646484375
v 18.315631866455078 -14.25 61.153804779052734
v 15.85938835144043 -14.25 58.85611343383789
v 8.414252281188965 -14.25 39.42334747314453
v 12.47867488861084 -14.25 59.30462646484375
v 15.85938835144043 -14.25 58.85611343383789
v 15.85938835144043 -16.25 58.85611343383789
v 16.99750518798828 -16.25 57.503456115722656
v 15.85938835144043 -14.25 58.85611343383789
v 16.182239532470703 -16.25 48.03850173950195
v 16.182239532470703 -14.25 48.03850173950195
v 17.320356369018555 -14.25 46.68584060668945
v 14.82957935333252 -16.25 46.90038299560547
v 14.82957935333252 -14.25 46.90038299560547
v 16.182239532470703 -14.25 48.03850173950195
v 14.82957935333252 -16.25 46.90038299560547
v 16.182239532470703 -14.25 48.03850173950195
v 16.182239532470703 -16.25 48.03850173950195
v 23.401824951171875 -14.25 38.63424301147461
v 15.967696189880371 -14.25 45.547725677490234
v 17.320356369018555 -14.25 46.68584060668945
v 17.320356369018555 -16.25 46.68584060668945
v 17.320356369018555 -14.25 46.68584060668945
v 15.967696189880371 -14.25 45.547725677490234
v 17.320356369018555 -16.25 46.68584060668945
v 16.182239532470703 -16.25 48.03850173950195
v 17.320356369018555 -14.25 46.68584060668945
v 8.414252281188965 -14.25 39.42334747314453
v 14.82957935333252 -14.25 46.90038299560547
v 15.967696189880371 -14.25 45.547725677490234
v 15.967696189880371 -16.25 45.547725677490234
v 15.967696189880371 -14.25 45.547725677490234
v 14.82957935333252 -14.25 46.90038299560547
v 23.401824951171875 -14.25 38.63424301147461
v 8.414252281188965 -14.25 39.42334747314453
v 15.967696189880371 -14.25 45.547725677490234
v 15.967696189880371 -16.25 45.547725677490234
v 17.320356369018555 -16.25 46.68584060668945
v 15.967696189880371 -14.25 45.547725677490234
v 14.82957935333252 -16.25 46.90038299560547
v 15.967696189880371 -16.25 45.547725677490234
v 14.82957935333252 -14.25 46.90038299560547
v 44.265045166015625 -14.25 58.03658676147461
v 42.527896881103516 -14.25 37.868873596191406
v 40.339107513427734 -14.25 37.17534637451172
v 40.339107513427734 -16.25 37.17534637451172
v 40.339107513427734 -14.25 37.17534637451172
v 42.527896881103516 -14.25 37.868873596191406
v 23.401824951171875 -16.25 38.63424301147461
v 23.401824951171875 -14.25 38.63424301147461
v 40.339107513427734 -14.25 37.17534637451172
v 23.401824951171875 -16.25 38.63424301147461
v 40.339107513427734 -14.25 37.17534637451172
v 40.339107513427734 -16.25 37.17534637451172
v 44.95857238769531 -14.25 55.847801208496094
v 43.58549499511719 -14.25 39.90682601928711
v 42.527896881103516 -14.25 37.868873596191406
v 42.527896881103516 -16.25 37.868873596191406
v 42.527896881103516 -14.25 37.868873596191406
v 43.58549499511719 -14.25 39.90682601928711
v 44.265045166015625 -14.25 58.03658676147461
v 44.95857238769531 -14.25 55.847801208496094
v 42.527896881103516 -14.25 37.868873596191406
v 40.339107513427734 -16.25 37.17534637451172
v 42.527896881103516 -14.25 37.868873596191406
v 42.527896881103516 -16.25 37.868873596191406
v 43.58549499511719 -16.25 39.90682601928711
v 43.58549499511719 -14.25 39.90682601928711
v 44.95857238769531 -14.25 55.847801208496094
v 42.527896881103516 -16.25 37.868873596191406
v 43.58549499511719 -14.25 39.90682601928711
v 43.58549499511719 -16.25 39.90682601928711
v 44.95857238769531 -16.25 55.847801208496094
v 44.95857238769531 -14.25 55.847801208496094
v 44.265045166015625 -14.25 58.03658676147461
v 44.95857238769531 -16.25 55.847801208496094
v 43.58549499511719 -16.25 39.90682601928711
v 44.95857238769531 -14.25 55.847801208496094
v 44.265045166015625 -16.25 58.03658676147461
v 44.265045166015625 -14.25 58.03658676147461
v 42.22709274291992 -14.25 59.09418487548828
v 44.95857238769531 -16.25 55.847801208496094
v 44.265045166015625 -14.25 58.03658676147461
v 44.265045166015625 -16.25 58.03658676147461
v 42.22709274291992 -16.25 59.09418487548828
v 42.22709274291992 -14.25 59.09418487548828
v 18.315631866455078 -14.25 61.153804779052734
v 44.265045166015625 -16.25 58.03658676147461
v 42.22709274291992 -14.25 59.09418487548828
v 42.22709274291992 -16.25 59.09418487548828
v 18.315631866455078 -16.25 61.153804779052734
v 18.315631866455078 -14.25 61.153804779052734
v 12.47867488861084 -14.25 59.30462646484375
v 18.315631866455078 -16.25 61.153804779052734
v 42.22709274291992 -16.25 59.09418487548828
v 18.315631866455078 -14.25 61.153804779052734
v 8.414252281188965 -14.25 39.42334747314453
v 9.658605575561523 -14.25 53.86985397338867
v 12.47867488861084 -14.25 59.30462646484375
v 12.47867488861084 -16.25 59.30462646484375
v 12.47867488861084 -14.25 59.30462646484375
v 9.658605575561523 -14.25 53.86985397338867
v 12.47867488861084 -16.25 59.30462646484375
v 18.315631866455078 -16.25 61.153804779052734
v 12.47867488861084 -14.25 59.30462646484375
v 9.658605575561523 -16.25 53.86985397338867
v 9.658605575561523 -14.25 53.86985397338867
v 8.414252281188965 -14.25 39.42334747314453
v 12.47867488861084 -16.25 59.30462646484375
v 9.658605575561523 -14.25 53.86985397338867
v 9.658605575561523 -16.25 53.86985397338867
v 23.401824951171875 -14.25 38.63424301147461
v 23.358915328979492 -14.25 38.136085510253906
v 8.414252281188965 -14.25 39.42334747314453
v 23.116201400756836 -15.421740531921387 35.318260192871094
v 8.414252281188965 -14.25 39.42334747314453
v 23.358915328979492 -14.25 38.136085510253906
v 8.171538352966309 -15.421740531921387 36.60552215576172
v 8.414252281188965 -14.25 39.42334747314453
v 23.116201400756836 -15.421740531921387 35.318260192871094
v 8.414252281188965 -16.25 39.42334747314453
v 8.414252281188965 -14.25 39.42334747314453
v 8.171538352966309 -15.421740531921387 36.60552215576172
v 8.414252281188965 -16.25 39.42334747314453
v 9.658605575561523 -16.25 53.86985397338867
v 8.414252281188965 -14.25 39.42334747314453
v 23.401824951171875 -16.25 38.63424301147461
v 23.358915328979492 -14.25 38.136085510253906
v 23.401824951171875 -14.25 38.63424301147461
v 23.237558364868164 -16.83587074279785 36.7271728515625
v 23.116201400756836 -15.421740531921387 35.318260192871094
v 23.358915328979492 -14.25 38.136085510253906
v 23.358915328979492 -16.25 38.136085510253906
v 23.358915328979492 -14.25 38.136085510253906
v 23.401824951171875 -16.25 38.63424301147461
v 23.237558364868164 -16.83587074279785 36.7271728515625
v 23.358915328979492 -14.25 38.136085510253906
v 23.358915328979492 -16.25 38.136085510253906
v 8.070981979370117 -22.5 35.43810272216797
v 8.070981979370117 -18.25 35.43810272216797
v 23.01564598083496 -18.25 34.15084457397461
v 8.171538352966309 -15.421740531921387 36.60552215576172
v 23.01564598083496 -18.25 34.15084457397461
v 8.070981979370117 -18.25 35.43810272216797
v 23.01564598083496 -22.5 34.15084457397461
v 8.070981979370117 -22.5 35.43810272216797
v 23.01564598083496 -18.25 34.15084457397461
v 23.187280654907227 -22.5 36.143463134765625
v 23.01564598083496 -22.5 34.15084457397461
v 23.01564598083496 -18.25 34.15084457397461
v 8.171538352966309 -15.421740531921387 36.60552215576172
v 23.116201400756836 -15.421740531921387 35.318260192871094
v 23.01564598083496 -18.25 34.15084457397461
v 23.187280654907227 -18.25 36.143463134765625
v 23.01564598083496 -18.25 34.15084457397461
v 23.116201400756836 -15.421740531921387 35.318260192871094
v 23.187280654907227 -22.5 36.143463134765625
v 23.01564598083496 -18.25 34.15084457397461
v 23.187280654907227 -18.25 36.143463134765625
v 8.2426176071167 -18.25 37.43072509765625
v 8.070981979370117 -18.25 35.43810272216797
v 8.070981979370117 -22.5 35.43810272216797
v 8.2426176071167 -18.25 37.43072509765625
v 8.171538352966309 -15.421740531921387 36.60552215576172
v 8.070981979370117 -18.25 35.43810272216797
v 22.965373992919922 -23.914213180541992 33.56721878051758
v 8.070981979370117 -22.5 35.43810272216797
v 23.01564598083496 -22.5 34.15084457397461
v 8.020711898803711 -23.914213180541992 34.8544807434082
v 8.070981979370117 -22.5 35.43810272216797
v 22.965373992919922 -23.914213180541992 33.56721878051758
v 8.2426176071167 -22.5 37.43072509765625
v 8.070981979370117 -22.5 35.43810272216797
v 8.020711898803711 -23.914213180541992 34.8544807434082
v 8.2426176071167 -22.5 37.43072509765625
v 8.2426176071167 -18.25 37.43072509765625
v 8.070981979370117 -22.5 35.43810272216797
v 23.08672523498535 -25.32826042175293 34.97604751586914
v 22.965373992919922 -23.914213180541992 33.56721878051758
v 23.01564598083496 -22.5 34.15084457397461
v 23.08672523498535 -25.32826042175293 34.97604751586914
v 23.01564598083496 -22.5 34.15084457397461
v 23.187280654907227 -22.5 36.143463134765625
v 23.237558364868164 -16.83587074279785 36.7271728515625
v 23.187280654907227 -18.25 36.143463134765625
v 23.116201400756836 -15.421740531921387 35.318260192871094
v 8.292895317077637 -16.83587074279785 38.014434814453125
v 8.414252281188965 -16.25 39.42334747314453
v 8.171538352966309 -15.421740531921387 36.60552215576172
v 8.292895317077637 -16.83587074279785 38.014434814453125
v 8.171538352966309 -15.421740531921387 36.60552215576172
v 8.2426176071167 -18.25 37.43072509765625
v -8.907577514648438 -24.5 7.592434883117676
v -3.219683885574341 -24.5 10.941855430603027
v -2.036242961883545 -24.5 9.53510570526123
v -2.036242961883545 -26.5 9.53510570526123
v -2.036242961883545 -24.5 9.53510570526123
v -3.219683885574341 -24.5 10.941855430603027
v 5.002227306365967 -24.5 9.130684852600098
v -2.036242961883545 -24.5 9.53510570526123
v -0.6296768188476562 -24.5 10.718764305114746
v -0.6296768188476562 -26.5 10.718764305114746
v -0.6296768188476562 -24.5 10.718764305114746
v -2.036242961883545 -24.5 9.53510570526123
v 5.002227306365967 -24.5 9.130684852600098
v 6.185667991638184 -24.5 7.723935604095459
v -2.036242961883545 -24.5 9.53510570526123
v 0.7509026527404785 -24.5 8.717720031738281
v -2.036242961883545 -24.5 9.53510570526123
v 6.185667991638184 -24.5 7.723935604095459
v 0.7509026527404785 -24.5 8.717720031738281
v -8.907577514648438 -24.5 7.592434883117676
v -2.036242961883545 -24.5 9.53510570526123
v -0.6296768188476562 -26.5 10.718764305114746
v -2.036242961883545 -24.5 9.53510570526123
v -2.036242961883545 -26.5 9.53510570526123
v -0.8738596439361572 -24.5 14.974523544311523
v -1.8131177425384521 -24.5 12.125514030456543
v -3.219683885574341 -24.5 10.941855430603027
v -3.219683885574341 -26.5 10.941855430603027
v -3.219683885574341 -24.5 10.941855430603027
v -1.8131177425384521 -24.5 12.125514030456543
v -0.8738596439361572 -24.5 14.974523544311523
v -3.219683885574341 -24.5 10.941855430603027
v -8.907577514648438 -24.5 7.592434883117676
v -3.219683885574341 -26.5 10.941855430603027
v -2.036242961883545 -26.5 9.53510570526123
v -3.219683885574341 -24.5 10.941855430603027
v 6.4087934494018555 -24.5 10.31434440612793
v -0.6296768188476562 -24.5 10.718764305114746
v -1.8131177425384521 -24.5 12.125514030456543
v -1.8131177425384521 -26.5 12.125514030456543
v -1.8131177425384521 -24.5 12.125514030456543
v -0.6296768188476562 -24.5 10.718764305114746
v 9.095245361328125 -24.5 12.371516227722168
v 6.4087934494018555 -24.5 10.31434440612793
v -1.8131177425384521 -24.5 12.125514030456543
v -0.8738596439361572 -24.5 14.974523544311523
v 9.095245361328125 -24.5 12.371516227722168
v -1.8131177425384521 -24.5 12.125514030456543
v -3.219683885574341 -26.5 10.941855430603027
v -1.8131177425384521 -24.5 12.125514030456543
v -1.8131177425384521 -26.5 12.125514030456543
v 6.4087934494018555 -24.5 10.31434440612793
v 5.002227306365967 -24.5 9.130684852600098
v -0.6296768188476562 -24.5 10.718764305114746
v -0.6296768188476562 -26.5 10.718764305114746
v -1.8131177425384521 -26.5 12.125514030456543
v -0.6296768188476562 -24.5 10.718764305114746
v 6.185667991638184 -26.5 7.723935604095459
v 6.185667991638184 -24.5 7.723935604095459
v 5.002227306365967 -24.5 9.130684852600098
v 10.941872596740723 -24.5 3.2198846340179443
v 6.185667991638184 -24.5 7.723935604095459
v 7.592234134674072 -24.5 8.907594680786133
v 7.592234134674072 -26.5 8.907594680786133
v 7.592234134674072 -24.5 8.907594680786133
v 6.185667991638184 -24.5 7.723935604095459
v 0.7509026527404785 -24.5 8.717720031738281
v 6.185667991638184 -24.5 7.723935604095459
v 10.941872596740723 -24.5 3.2198846340179443
v 7.592234134674072 -26.5 8.907594680786133
v 6.185667991638184 -24.5 7.723935604095459
v 6.185667991638184 -26.5 7.723935604095459
v 5.002227306365967 -26.5 9.130684852600098
v 5.002227306365967 -24.5 9.130684852600098
v 6.4087934494018555 -24.5 10.31434440612793
v 5.002227306365967 -26.5 9.130684852600098
v 6.185667991638184 -26.5 7.723935604095459
v 5.002227306365967 -24.5 9.130684852600098
v 9.095245361328125 -24.5 12.371516227722168
v 7.592234134674072 -24.5 8.907594680786133
v 6.4087934494018555 -24.5 10.31434440612793
v 6.4087934494018555 -26.5 10.31434440612793
v 6.4087934494018555 -24.5 10.31434440612793
v 7.592234134674072 -24.5 8.907594680786133
v 5.002227306365967 -26.5 9.130684852600098
v 6.4087934494018555 -24.5 10.31434440612793
v 6.4087934494018555 -26.5 10.31434440612793
v 12.125312805175781 -24.5 1.813135027885437
v 10.941872596740723 -24.5 3.2198846340179443
v 7.592234134674072 -24.5 8.907594680786133
v 9.095245361328125 -24.5 12.371516227722168
v 12.125312805175781 -24.5 1.813135027885437
v 7.592234134674072 -24.5 8.907594680786133
v 7.592234134674072 -26.5 8.907594680786133
v 6.4087934494018555 -26.5 10.31434440612793
v 7.592234134674072 -24.5 8.907594680786133
v 8.460996627807617 -24.5 2.2293622493743896
v 9.535305976867676 -24.5 2.0362257957458496
v 10.71874713897705 -24.5 0.6294762492179871
v 10.71874713897705 -26.5 0.6294762492179871
v 10.71874713897705 -24.5 0.6294762492179871
v 9.535305976867676 -24.5 2.0362257957458496
v 14.204139709472656 -24.5 -4.821038246154785
v 10.71874713897705 -24.5 0.6294762492179871
v 12.125312805175781 -24.5 1.813135027885437
v 12.125312805175781 -26.5 1.813135027885437
v 12.125312805175781 -24.5 1.813135027885437
v 10.71874713897705 -24.5 0.6294762492179871
v 14.204139709472656 -24.5 -4.821038246154785
v 8.460996627807617 -24.5 2.2293622493743896
v 10.71874713897705 -24.5 0.6294762492179871
v 12.125312805175781 -26.5 1.813135027885437
v 10.71874713897705 -24.5 0.6294762492179871
v 10.71874713897705 -26.5 0.6294762492179871
v 8.460996627807617 -24.5 2.2293622493743896
v 10.941872596740723 -24.5 3.2198846340179443
v 9.535305976867676 -24.5 2.0362257957458496
v 9.535305976867676 -26.5 2.0362257957458496
v 9.535305976867676 -24.5 2.0362257957458496
v 10.941872596740723 -24.5 3.2198846340179443
v 9.535305976867676 -26.5 2.0362257957458496
v 10.71874713897705 -26.5 0.6294762492179871
v 9.535305976867676 -24.5 2.0362257957458496
v 10.941872596740723 -26.5 3.2198846340179443
v 10.941872596740723 -24.5 3.2198846340179443
v 12.125312805175781 -24.5 1.813135027885437
v 8.460996627807617 -24.5 2.2293622493743896
v 0.7509026527404785 -24.5 8.717720031738281
v 10.941872596740723 -24.5 3.2198846340179443
v 9.535305976867676 -26.5 2.0362257957458496
v 10.941872596740723 -24.5 3.2198846340179443
v 10.941872596740723 -26.5 3.2198846340179443
v 14.204139709472656 -24.5 -4.821038246154785
v 12.125312805175781 -24.5 1.813135027885437
v 9.095245361328125 -24.5 12.371516227722168
v 12.125312805175781 -26.5 1.813135027885437
v 10.941872596740723 -26.5 3.2198846340179443
v 12.125312805175781 -24.5 1.813135027885437
v -13.62977123260498 -24.5 6.2626872062683105
v -10.314143180847168 -24.5 6.40877628326416
v -9.13070297241211 -24.5 5.002026557922363
v -9.13070297241211 -26.5 5.002026557922363
v -9.13070297241211 -24.5 5.002026557922363
v -10.314143180847168 -24.5 6.40877628326416
v -8.199816703796387 -24.5 3.053241729736328
v -9.13070297241211 -24.5 5.002026557922363
v -7.7241363525390625 -24.5 6.185685157775879
v -7.7241363525390625 -26.5 6.185685157775879
v -7.7241363525390625 -24.5 6.185685157775879
v -9.13070297241211 -24.5 5.002026557922363
v -13.62977123260498 -24.5 6.2626872062683105
v -9.13070297241211 -24.5 5.002026557922363
v -8.199816703796387 -24.5 3.053241729736328
v -7.7241363525390625 -26.5 6.185685157775879
v -9.13070297241211 -24.5 5.002026557922363
v -9.13070297241211 -26.5 5.002026557922363
v -0.8738596439361572 -24.5 14.974523544311523
v -8.907577514648438 -24.5 7.592434883117676
v -10.314143180847168 -24.5 6.40877628326416
v -10.314143180847168 -26.5 6.40877628326416
v -10.314143180847168 -24.5 6.40877628326416
v -8.907577514648438 -24.5 7.592434883117676
v -13.62977123260498 -24.5 6.2626872062683105
v -0.8738596439361572 -24.5 14.974523544311523
v -10.314143180847168 -24.5 6.40877628326416
v -10.314143180847168 -26.5 6.40877628326416
v -9.13070297241211 -26.5 5.002026557922363
v -10.314143180847168 -24.5 6.40877628326416
v 0.7509026527404785 -24.5 8.717720031738281
v -7.7241363525390625 -24.5 6.185685157775879
v -8.907577514648438 -24.5 7.592434883117676
v -8.907577514648438 -26.5 7.592434883117676
v -8.907577514648438 -24.5 7.592434883117676
v -7.7241363525390625 -24.5 6.185685157775879
v -10.314143180847168 -26.5 6.40877628326416
v -8.907577514648438 -24.5 7.592434883117676
v -8.907577514648438 -26.5 7.592434883117676
v -8.199816703796387 -24.5 3.053241729736328
v -7.7241363525390625 -24.5 6.185685157775879
v 0.7509026527404785 -24.5 8.717720031738281
v -7.7241363525390625 -26.5 6.185685157775879
v -8.907577514648438 -26.5 7.592434883117676
v -7.7241363525390625 -24.5 6.185685157775879
v -11.931527137756348 -24.5 -9.090580940246582
v -12.125312805175781 -24.5 -1.813135027885437
v -10.941872596740723 -24.5 -3.2198846340179443
v -10.941872596740723 -26.5 -3.2198846340179443
v -10.941872596740723 -24.5 -3.2198846340179443
v -12.125312805175781 -24.5 -1.813135027885437
v -5.1339430809021 -24.5 -7.085557460784912
v -10.941872596740723 -24.5 -3.2198846340179443
v -9.535305976867676 -24.5 -2.0362257957458496
v -9.535305976867676 -26.5 -2.0362257957458496
v -9.535305976867676 -24.5 -2.0362257957458496
v -10.941872596740723 -24.5 -3.2198846340179443
v -11.931527137756348 -24.5 -9.090580940246582
v -10.941872596740723 -24.5 -3.2198846340179443
v -5.1339430809021 -24.5 -7.085557460784912
v -9.535305976867676 -26.5 -2.0362257957458496
v -10.941872596740723 -24.5 -3.2198846340179443
v -10.941872596740723 -26.5 -3.2198846340179443
v -13.62977123260498 -24.5 6.2626872062683105
v -10.71874713897705 -24.5 -0.6294762492179871
v -12.125312805175781 -24.5 -1.813135027885437
v -12.125312805175781 -26.5 -1.813135027885437
v -12.125312805175781 -24.5 -1.813135027885437
v -10.71874713897705 -24.5 -0.6294762492179871
v -11.931527137756348 -24.5 -9.090580940246582
v -13.62977123260498 -24.5 6.2626872062683105
v -12.125312805175781 -24.5 -1.813135027885437
v -12.125312805175781 -26.5 -1.813135027885437
v -10.941872596740723 -26.5 -3.2198846340179443
v -12.125312805175781 -24.5 -1.813135027885437
v -5.1339430809021 -24.5 -7.085557460784912
v -9.535305976867676 -24.5 -2.0362257957458496
v -10.71874713897705 -24.5 -0.6294762492179871
v -10.71874713897705 -26.5 -0.6294762492179871
v -10.71874713897705 -24.5 -0.6294762492179871
v -9.535305976867676 -24.5 -2.0362257957458496
v -8.199816703796387 -24.5 3.053241729736328
v -5.1339430809021 -24.5 -7.085557460784912
v -10.71874713897705 -24.5 -0.6294762492179871
v -13.62977123260498 -24.5 6.2626872062683105
v -8.199816703796387 -24.5 3.053241729736328
v -10.71874713897705 -24.5 -0.6294762492179871
v -12.125312805175781 -26.5 -1.813135027885437
v -10.71874713897705 -24.5 -0.6294762492179871
v -10.71874713897705 -26.5 -0.6294762492179871
v -9.535305976867676 -26.5 -2.0362257957458496
v -10.71874713897705 -26.5 -0.6294762492179871
v -9.535305976867676 -24.5 -2.0362257957458496
v 0.7509026527404785 -26.5 8.717720031738281
v 0.7509026527404785 -24.5 8.717720031738281
v 8.460996627807617 -24.5 2.2293622493743896
v -8.199816703796387 -26.5 3.053241729736328
v -8.199816703796387 -24.5 3.053241729736328
v 0.7509026527404785 -24.5 8.717720031738281
v 0.7509026527404785 -26.5 8.717720031738281
v -8.199816703796387 -26.5 3.053241729736328
v 0.7509026527404785 -24.5 8.717720031738281
v 14.204139709472656 -24.5 -4.821038246154785
v 4.94744348526001 -24.5 -7.216752052307129
v 8.460996627807617 -24.5 2.2293622493743896
v 8.460996627807617 -26.5 2.2293622493743896
v 8.460996627807617 -24.5 2.2293622493743896
v 4.94744348526001 -24.5 -7.216752052307129
v 8.460996627807617 -26.5 2.2293622493743896
v 0.7509026527404785 -26.5 8.717720031738281
v 8.460996627807617 -24.5 2.2293622493743896
v 2.420159339904785 -24.5 -14.803200721740723
v -5.1339430809021 -24.5 -7.085557460784912
v 4.94744348526001 -24.5 -7.216752052307129
v 4.94744348526001 -26.5 -7.216752052307129
v 4.94744348526001 -24.5 -7.216752052307129
v -5.1339430809021 -24.5 -7.085557460784912
v 14.204139709472656 -24.5 -4.821038246154785
v 2.420159339904785 -24.5 -14.803200721740723
v 4.94744348526001 -24.5 -7.216752052307129
v 4.94744348526001 -26.5 -7.216752052307129
v 8.460996627807617 -26.5 2.2293622493743896
v 4.94744348526001 -24.5 -7.216752052307129
v -5.1339430809021 -26.5 -7.085557460784912
v -5.1339430809021 -24.5 -7.085557460784912
v -8.199816703796387 -24.5 3.053241729736328
v 2.420159339904785 -24.5 -14.803200721740723
v -11.931527137756348 -24.5 -9.090580940246582
v -5.1339430809021 -24.5 -7.085557460784912
v 4.94744348526001 -26.5 -7.216752052307129
v -5.1339430809021 -24.5 -7.085557460784912
v -5.1339430809021 -26.5 -7.085557460784912
v -8.199816703796387 -26.5 3.053241729736328
v -5.1339430809021 -26.5 -7.085557460784912
v -8.199816703796387 -24.5 3.053241729736328
v -0.8738596439361572 -24.5 14.974523544311523
v 8.412632942199707 -24.5 13.183090209960938
v 9.095245361328125 -24.5 12.371516227722168
v 9.095245361328125 -26.5 12.371516227722168
v 9.095245361328125 -24.5 12.371516227722168
v 8.412632942199707 -24.5 13.183090209960938
v 14.204139709472656 -24.5 -4.821038246154785
v 9.095245361328125 -24.5 12.371516227722168
v 9.906583786010742 -24.5 13.054408073425293
v 9.906583786010742 -26.5 13.054408073425293
v 9.906583786010742 -24.5 13.054408073425293
v 9.095245361328125 -24.5 12.371516227722168
v 9.906583786010742 -26.5 13.054408073425293
v 9.095245361328125 -24.5 12.371516227722168
v 9.095245361328125 -26.5 12.371516227722168
v -0.8738596439361572 -24.5 14.974523544311523
v 9.223971366882324 -24.5 13.865982055664062
v 8.412632942199707 -24.5 13.183090209960938
v 8.412632942199707 -26.5 13.183090209960938
v 8.412632942199707 -24.5 13.183090209960938
v 9.223971366882324 -24.5 13.865982055664062
v 8.412632942199707 -26.5 13.183090209960938
v 9.095245361328125 -26.5 12.371516227722168
v 8.412632942199707 -24.5 13.183090209960938
v 21.513839721679688 -24.5 16.715402603149414
v 9.906583786010742 -24.5 13.054408073425293
v 9.223971366882324 -24.5 13.865982055664062
v 9.223971366882324 -26.5 13.865982055664062
v 9.223971366882324 -24.5 13.865982055664062
v 9.906583786010742 -24.5 13.054408073425293
v 21.513839721679688 -24.5 16.715402603149414
v 9.223971366882324 -24.5 13.865982055664062
v -0.8738596439361572 -24.5 14.974523544311523
v 8.412632942199707 -26.5 13.183090209960938
v 9.223971366882324 -24.5 13.865982055664062
v 9.223971366882324 -26.5 13.865982055664062
v 21.513839721679688 -24.5 16.715402603149414
v 14.204139709472656 -24.5 -4.821038246154785
v 9.906583786010742 -24.5 13.054408073425293
v 9.906583786010742 -26.5 13.054408073425293
v 9.223971366882324 -26.5 13.865982055664062
v 9.906583786010742 -24.5 13.054408073425293
v -0.8738596439361572 -26.5 14.974523544311523
v -0.8738596439361572 -24.5 14.974523544311523
v -13.62977123260498 -24.5 6.2626872062683105
v 6.869538307189941 -24.5 21.4897518157959
v 21.513839721679688 -24.5 16.715402603149414
v -0.8738596439361572 -24.5 14.974523544311523
v 6.869538307189941 -26.5 21.4897518157959
v 6.869538307189941 -24.5 21.4897518157959
v -0.8738596439361572 -24.5 14.974523544311523
v -0.8738596439361572 -26.5 14.974523544311523
v 6.869538307189941 -26.5 21.4897518157959
v -0.8738596439361572 -24.5 14.974523544311523
v -13.62977123260498 -26.5 6.2626872062683105
v -13.62977123260498 -24.5 6.2626872062683105
v -11.931527137756348 -24.5 -9.090580940246582
v -13.62977123260498 -26.5 6.2626872062683105
v -0.8738596439361572 -26.5 14.974523544311523
v -13.62977123260498 -24.5 6.2626872062683105
v -11.931527137756348 -26.5 -9.090580940246582
v -11.931527137756348 -24.5 -9.090580940246582
v 2.420159339904785 -24.5 -14.803200721740723
v -13.62977123260498 -26.5 6.2626872062683105
v -11.931527137756348 -24.5 -9.090580940246582
v -11.931527137756348 -26.5 -9.090580940246582
v 2.420159339904785 -26.5 -14.803200721740723
v 2.420159339904785 -24.5 -14.803200721740723
v 14.204139709472656 -24.5 -4.821038246154785
v -11.931527137756348 -26.5 -9.090580940246582
v 2.420159339904785 -24.5 -14.803200721740723
v 2.420159339904785 -26.5 -14.803200721740723
v 14.204139709472656 -26.5 -4.821038246154785
v 14.204139709472656 -24.5 -4.821038246154785
v 21.513839721679688 -24.5 16.715402603149414
v 2.420159339904785 -26.5 -14.803200721740723
v 14.204139709472656 -24.5 -4.821038246154785
v 14.204139709472656 -26.5 -4.821038246154785
v 16.102163314819336 -24.5 26.71671485900879
v 22.844011306762695 -24.5 32.15822219848633
v 21.513839721679688 -24.5 16.715402603149414
v 21.513839721679688 -26.5 16.715402603149414
v 21.513839721679688 -24.5 16.715402603149414
v 22.844011306762695 -24.5 32.15822219848633
v 14.749502182006836 -24.5 25.578598022460938
v 21.513839721679688 -24.5 16.715402603149414
v 6.869538307189941 -24.5 21.4897518157959
v 16.102163314819336 -24.5 26.71671485900879
v 21.513839721679688 -24.5 16.715402603149414
v 14.749502182006836 -24.5 25.578598022460938
v 14.204139709472656 -26.5 -4.821038246154785
v 21.513839721679688 -24.5 16.715402603149414
v 21.513839721679688 -26.5 16.715402603149414
v 14.964046478271484 -24.5 28.06937599182129
v 7.899347305297852 -24.5 33.44548416137695
v 22.844011306762695 -24.5 32.15822219848633
v 8.020711898803711 -23.914213180541992 34.8544807434082
v 22.844011306762695 -24.5 32.15822219848633
v 7.899347305297852 -24.5 33.44548416137695
v 16.102163314819336 -24.5 26.71671485900879
v 14.964046478271484 -24.5 28.06937599182129
v 22.844011306762695 -24.5 32.15822219848633
v 8.020711898803711 -23.914213180541992 34.8544807434082
v 22.965373992919922 -23.914213180541992 33.56721878051758
v 22.844011306762695 -24.5 32.15822219848633
v 22.844011306762695 -26.5 32.15822219848633
v 22.844011306762695 -24.5 32.15822219848633
v 22.965373992919922 -23.914213180541992 33.56721878051758
v 21.513839721679688 -26.5 16.715402603149414
v 22.844011306762695 -24.5 32.15822219848633
v 22.844011306762695 -26.5 32.15822219848633
v 14.749502182006836 -24.5 25.578598022460938
v 6.869538307189941 -24.5 21.4897518157959
v 7.899347305297852 -24.5 33.44548416137695
v 7.899347305297852 -26.5 33.44548416137695
v 7.899347305297852 -24.5 33.44548416137695
v 6.869538307189941 -24.5 21.4897518157959
v 13.6113862991333 -24.5 26.931259155273438
v 14.749502182006836 -24.5 25.578598022460938
v 7.899347305297852 -24.5 33.44548416137695
v 14.964046478271484 -24.5 28.06937599182129
v 13.6113862991333 -24.5 26.931259155273438
v 7.899347305297852 -24.5 33.44548416137695
v 8.142061233520508 -25.32826042175293 36.263309478759766
v 8.020711898803711 -23.914213180541992 34.8544807434082
v 7.899347305297852 -24.5 33.44548416137695
v 7.899347305297852 -26.5 33.44548416137695
v 8.142061233520508 -25.32826042175293 36.263309478759766
v 7.899347305297852 -24.5 33.44548416137695
v 6.869538307189941 -26.5 21.4897518157959
v 7.899347305297852 -26.5 33.44548416137695
v 6.869538307189941 -24.5 21.4897518157959
v 14.749502182006836 -26.5 25.578598022460938
v 14.749502182006836 -24.5 25.578598022460938
v 13.6113862991333 -24.5 26.931259155273438
v 16.102163314819336 -26.5 26.71671485900879
v 16.102163314819336 -24.5 26.71671485900879
v 14.749502182006836 -24.5 25.578598022460938
v 16.102163314819336 -26.5 26.71671485900879
v 14.749502182006836 -24.5 25.578598022460938
v 14.749502182006836 -26.5 25.578598022460938
v 13.6113862991333 -26.5 26.931259155273438
v 13.6113862991333 -24.5 26.931259155273438
v 14.964046478271484 -24.5 28.06937599182129
v 13.6113862991333 -26.5 26.931259155273438
v 14.749502182006836 -26.5 25.578598022460938
v 13.6113862991333 -24.5 26.931259155273438
v 14.964046478271484 -26.5 28.06937599182129
v 14.964046478271484 -24.5 28.06937599182129
v 16.102163314819336 -24.5 26.71671485900879
v 13.6113862991333 -26.5 26.931259155273438
v 14.964046478271484 -24.5 28.06937599182129
v 14.964046478271484 -26.5 28.06937599182129
v 14.964046478271484 -26.5 28.06937599182129
v 16.102163314819336 -24.5 26.71671485900879
v 16.102163314819336 -26.5 26.71671485900879
v 23.08672523498535 -25.32826042175293 34.97604751586914
v 22.844011306762695 -26.5 32.15822219848633
v 22.965373992919922 -23.914213180541992 33.56721878051758
v 8.142061233520508 -25.32826042175293 36.263309478759766
v 8.2426176071167 -22.5 37.43072509765625
v 8.020711898803711 -23.914213180541992 34.8544807434082
v 42.22709274291992 -16.25 59.09418487548828
v 41.12350845336914 -16.25 57.93461227416992
v 42.261627197265625 -16.25 56.58195114135742
v 18.315631866455078 -16.25 61.153804779052734
v 39.770851135253906 -16.25 56.7964973449707
v 41.12350845336914 -16.25 57.93461227416992
v 18.315631866455078 -16.25 61.153804779052734
v 41.12350845336914 -16.25 57.93461227416992
v 42.22709274291992 -16.25 59.09418487548828
v 41.23181915283203 -16.25 44.626220703125
v 42.261627197265625 -16.25 56.58195114135742
v 40.908966064453125 -16.25 55.4438362121582
v 42.527896881103516 -16.25 37.868873596191406
v 42.261627197265625 -16.25 56.58195114135742
v 41.23181915283203 -16.25 44.626220703125
v 42.261627197265625 -16.25 56.58195114135742
v 42.527896881103516 -16.25 37.868873596191406
v 44.265045166015625 -16.25 58.03658676147461
v 40.09370040893555 -16.25 45.9788818359375
v 40.908966064453125 -16.25 55.4438362121582
v 39.770851135253906 -16.25 56.7964973449707
v 41.23181915283203 -16.25 44.626220703125
v 40.908966064453125 -16.25 55.4438362121582
v 40.09370040893555 -16.25 45.9788818359375
v 38.74103927612305 -16.25 44.84076690673828
v 40.09370040893555 -16.25 45.9788818359375
v 39.770851135253906 -16.25 56.7964973449707
v 18.315631866455078 -16.25 61.153804779052734
v 38.74103927612305 -16.25 44.84076690673828
v 39.770851135253906 -16.25 56.7964973449707
v 40.339107513427734 -16.25 37.17534637451172
v 41.23181915283203 -16.25 44.626220703125
v 39.87915802001953 -16.25 43.48810577392578
v 40.339107513427734 -16.25 37.17534637451172
v 42.527896881103516 -16.25 37.868873596191406
v 41.23181915283203 -16.25 44.626220703125
v 40.339107513427734 -16.25 37.17534637451172
v 39.87915802001953 -16.25 43.48810577392578
v 38.74103927612305 -16.25 44.84076690673828
v 23.401824951171875 -16.25 38.63424301147461
v 38.74103927612305 -16.25 44.84076690673828
v 18.315631866455078 -16.25 61.153804779052734
v 23.401824951171875 -16.25 38.63424301147461
v 40.339107513427734 -16.25 37.17534637451172
v 38.74103927612305 -16.25 44.84076690673828
v 18.315631866455078 -16.25 61.153804779052734
v 17.21204948425293 -16.25 59.994232177734375
v 18.35016632080078 -16.25 58.641571044921875
v 12.47867488861084 -16.25 59.30462646484375
v 15.85938835144043 -16.25 58.85611343383789
v 17.21204948425293 -16.25 59.994232177734375
v 12.47867488861084 -16.25 59.30462646484375
v 17.21204948425293 -16.25 59.994232177734375
v 18.315631866455078 -16.25 61.153804779052734
v 17.320356369018555 -16.25 46.68584060668945
v 18.35016632080078 -16.25 58.641571044921875
v 16.99750518798828 -16.25 57.503456115722656
v 23.358915328979492 -16.25 38.136085510253906
v 18.35016632080078 -16.25 58.641571044921875
v 17.320356369018555 -16.25 46.68584060668945
v 23.358915328979492 -16.25 38.136085510253906
v 18.315631866455078 -16.25 61.153804779052734
v 18.35016632080078 -16.25 58.641571044921875
v 16.182239532470703 -16.25 48.03850173950195
v 16.99750518798828 -16.25 57.503456115722656
v 15.85938835144043 -16.25 58.85611343383789
v 17.320356369018555 -16.25 46.68584060668945
v 16.99750518798828 -16.25 57.503456115722656
v 16.182239532470703 -16.25 48.03850173950195
v 14.82957935333252 -16.25 46.90038299560547
v 16.182239532470703 -16.25 48.03850173950195
v 15.85938835144043 -16.25 58.85611343383789
v 12.47867488861084 -16.25 59.30462646484375
v 14.82957935333252 -16.25 46.90038299560547
v 15.85938835144043 -16.25 58.85611343383789
v 23.358915328979492 -16.25 38.136085510253906
v 17.320356369018555 -16.25 46.68584060668945
v 15.967696189880371 -16.25 45.547725677490234
v 8.414252281188965 -16.25 39.42334747314453
v 15.967696189880371 -16.25 45.547725677490234
v 14.82957935333252 -16.25 46.90038299560547
v 23.358915328979492 -16.25 38.136085510253906
v 15.967696189880371 -16.25 45.547725677490234
v 8.414252281188965 -16.25 39.42334747314453
v 8.414252281188965 -16.25 39.42334747314453
v 14.82957935333252 -16.25 46.90038299560547
v 9.658605575561523 -16.25 53.86985397338867
v 12.47867488861084 -16.25 59.30462646484375
v 9.658605575561523 -16.25 53.86985397338867
v 14.82957935333252 -16.25 46.90038299560547
v 23.358915328979492 -16.25 38.136085510253906
v 8.414252281188965 -16.25 39.42334747314453
v 8.292895317077637 -16.83587074279785 38.014434814453125
v 44.265045166015625 -16.25 58.03658676147461
v 42.22709274291992 -16.25 59.09418487548828
v 42.261627197265625 -16.25 56.58195114135742
v 23.358915328979492 -16.25 38.136085510253906
v 23.401824951171875 -16.25 38.63424301147461
v 18.315631866455078 -16.25 61.153804779052734
v 23.187280654907227 -22.5 36.143463134765625
v 8.2426176071167 -18.25 37.43072509765625
v 8.2426176071167 -22.5 37.43072509765625
v 23.237558364868164 -16.83587074279785 36.7271728515625
v 8.292895317077637 -16.83587074279785 38.014434814453125
v 8.2426176071167 -18.25 37.43072509765625
v 23.187280654907227 -22.5 36.143463134765625
v 23.187280654907227 -18.25 36.143463134765625
v 8.2426176071167 -18.25 37.43072509765625
v 23.237558364868164 -16.83587074279785 36.7271728515625
v 8.2426176071167 -18.25 37.43072509765625
v 23.187280654907227 -18.25 36.143463134765625
v 8.142061233520508 -25.32826042175293 36.263309478759766
v 23.187280654907227 -22.5 36.143463134765625
v 8.2426176071167 -22.5 37.43072509765625
v 23.237558364868164 -16.83587074279785 36.7271728515625
v 23.358915328979492 -16.25 38.136085510253906
v 8.292895317077637 -16.83587074279785 38.014434814453125
v 44.265045166015625 -16.25 58.03658676147461
v 42.527896881103516 -16.25 37.868873596191406
v 43.58549499511719 -16.25 39.90682601928711
v 44.95857238769531 -16.25 55.847801208496094
v 44.265045166015625 -16.25 58.03658676147461
v 43.58549499511719 -16.25 39.90682601928711
v 8.142061233520508 -25.32826042175293 36.263309478759766
v 23.08672523498535 -25.32826042175293 34.97604751586914
v 23.187280654907227 -22.5 36.143463134765625
v 7.899347305297852 -26.5 33.44548416137695
v 22.844011306762695 -26.5 32.15822219848633
v 23.08672523498535 -25.32826042175293 34.97604751586914
v 14.964046478271484 -26.5 28.06937599182129
v 22.844011306762695 -26.5 32.15822219848633
v 7.899347305297852 -26.5 33.44548416137695
v 14.749502182006836 -26.5 25.578598022460938
v 21.513839721679688 -26.5 16.715402603149414
v 22.844011306762695 -26.5 32.15822219848633
v 16.102163314819336 -26.5 26.71671485900879
v 14.749502182006836 -26.5 25.578598022460938
v 22.844011306762695 -26.5 32.15822219848633
v 14.964046478271484 -26.5 28.06937599182129
v 16.102163314819336 -26.5 26.71671485900879
v 22.844011306762695 -26.5 32.15822219848633
v 7.899347305297852 -26.5 33.44548416137695
v 23.08672523498535 -25.32826042175293 34.97604751586914
v 8.142061233520508 -25.32826042175293 36.263309478759766
v 14.964046478271484 -26.5 28.06937599182129
v 7.899347305297852 -26.5 33.44548416137695
v 6.869538307189941 -26.5 21.4897518157959
v 5.002227306365967 -26.5 9.130684852600098
v -0.6296768188476562 -26.5 10.718764305114746
v -2.036242961883545 -26.5 9.53510570526123
v -3.219683885574341 -26.5 10.941855430603027
v -13.62977123260498 -26.5 6.2626872062683105
v -8.907577514648438 -26.5 7.592434883117676
v 0.7509026527404785 -26.5 8.717720031738281
v 5.002227306365967 -26.5 9.130684852600098
v -2.036242961883545 -26.5 9.53510570526123
v 0.7509026527404785 -26.5 8.717720031738281
v -2.036242961883545 -26.5 9.53510570526123
v -8.907577514648438 -26.5 7.592434883117676
v -8.907577514648438 -26.5 7.592434883117676
v -2.036242961883545 -26.5 9.53510570526123
v -3.219683885574341 -26.5 10.941855430603027
v 6.4087934494018555 -26.5 10.31434440612793
v -1.8131177425384521 -26.5 12.125514030456543
v -0.6296768188476562 -26.5 10.718764305114746
v -13.62977123260498 -26.5 6.2626872062683105
v -3.219683885574341 -26.5 10.941855430603027
v -1.8131177425384521 -26.5 12.125514030456543
v 9.095245361328125 -26.5 12.371516227722168
v -1.8131177425384521 -26.5 12.125514030456543
v 6.4087934494018555 -26.5 10.31434440612793
v 8.412632942199707 -26.5 13.183090209960938
v -1.8131177425384521 -26.5 12.125514030456543
v 9.095245361328125 -26.5 12.371516227722168
v 8.412632942199707 -26.5 13.183090209960938
v 9.223971366882324 -26.5 13.865982055664062
v -1.8131177425384521 -26.5 12.125514030456543
v -0.8738596439361572 -26.5 14.974523544311523
v -1.8131177425384521 -26.5 12.125514030456543
v 9.223971366882324 -26.5 13.865982055664062
v -13.62977123260498 -26.5 6.2626872062683105
v -1.8131177425384521 -26.5 12.125514030456543
v -0.8738596439361572 -26.5 14.974523544311523
v 5.002227306365967 -26.5 9.130684852600098
v 6.4087934494018555 -26.5 10.31434440612793
v -0.6296768188476562 -26.5 10.718764305114746
v 21.513839721679688 -26.5 16.715402603149414
v 7.592234134674072 -26.5 8.907594680786133
v 6.185667991638184 -26.5 7.723935604095459
v 0.7509026527404785 -26.5 8.717720031738281
v 6.185667991638184 -26.5 7.723935604095459
v 5.002227306365967 -26.5 9.130684852600098
v 8.460996627807617 -26.5 2.2293622493743896
v 10.941872596740723 -26.5 3.2198846340179443
v 6.185667991638184 -26.5 7.723935604095459
v 21.513839721679688 -26.5 16.715402603149414
v 6.185667991638184 -26.5 7.723935604095459
v 10.941872596740723 -26.5 3.2198846340179443
v 8.460996627807617 -26.5 2.2293622493743896
v 6.185667991638184 -26.5 7.723935604095459
v 0.7509026527404785 -26.5 8.717720031738281
v 21.513839721679688 -26.5 16.715402603149414
v 6.4087934494018555 -26.5 10.31434440612793
v 7.592234134674072 -26.5 8.907594680786133
v 21.513839721679688 -26.5 16.715402603149414
v 9.095245361328125 -26.5 12.371516227722168
v 6.4087934494018555 -26.5 10.31434440612793
v 14.204139709472656 -26.5 -4.821038246154785
v 12.125312805175781 -26.5 1.813135027885437
v 10.71874713897705 -26.5 0.6294762492179871
v 4.94744348526001 -26.5 -7.216752052307129
v 10.71874713897705 -26.5 0.6294762492179871
v 9.535305976867676 -26.5 2.0362257957458496
v 14.204139709472656 -26.5 -4.821038246154785
v 10.71874713897705 -26.5 0.6294762492179871
v 4.94744348526001 -26.5 -7.216752052307129
v 21.513839721679688 -26.5 16.715402603149414
v 10.941872596740723 -26.5 3.2198846340179443
v 12.125312805175781 -26.5 1.813135027885437
v 8.460996627807617 -26.5 2.2293622493743896
v 9.535305976867676 -26.5 2.0362257957458496
v 10.941872596740723 -26.5 3.2198846340179443
v 14.204139709472656 -26.5 -4.821038246154785
v 21.513839721679688 -26.5 16.715402603149414
v 12.125312805175781 -26.5 1.813135027885437
v 4.94744348526001 -26.5 -7.216752052307129
v 9.535305976867676 -26.5 2.0362257957458496
v 8.460996627807617 -26.5 2.2293622493743896
v 0.7509026527404785 -26.5 8.717720031738281
v -7.7241363525390625 -26.5 6.185685157775879
v -9.13070297241211 -26.5 5.002026557922363
v -13.62977123260498 -26.5 6.2626872062683105
v -9.13070297241211 -26.5 5.002026557922363
v -10.314143180847168 -26.5 6.40877628326416
v -8.199816703796387 -26.5 3.053241729736328
v -9.13070297241211 -26.5 5.002026557922363
v -12.125312805175781 -26.5 -1.813135027885437
v -13.62977123260498 -26.5 6.2626872062683105
v -12.125312805175781 -26.5 -1.813135027885437
v -9.13070297241211 -26.5 5.002026557922363
v 0.7509026527404785 -26.5 8.717720031738281
v -9.13070297241211 -26.5 5.002026557922363
v -8.199816703796387 -26.5 3.053241729736328
v 0.7509026527404785 -26.5 8.717720031738281
v -8.907577514648438 -26.5 7.592434883117676
v -7.7241363525390625 -26.5 6.185685157775879
v -13.62977123260498 -26.5 6.2626872062683105
v -10.314143180847168 -26.5 6.40877628326416
v -8.907577514648438 -26.5 7.592434883117676
v -5.1339430809021 -26.5 -7.085557460784912
v -9.535305976867676 -26.5 -2.0362257957458496
v -10.941872596740723 -26.5 -3.2198846340179443
v -11.931527137756348 -26.5 -9.090580940246582
v -10.941872596740723 -26.5 -3.2198846340179443
v -12.125312805175781 -26.5 -1.813135027885437
v -11.931527137756348 -26.5 -9.090580940246582
v -5.1339430809021 -26.5 -7.085557460784912
v -10.941872596740723 -26.5 -3.2198846340179443
v -8.199816703796387 -26.5 3.053241729736328
v -10.71874713897705 -26.5 -0.6294762492179871
v -9.535305976867676 -26.5 -2.0362257957458496
v -8.199816703796387 -26.5 3.053241729736328
v -12.125312805175781 -26.5 -1.813135027885437
v -10.71874713897705 -26.5 -0.6294762492179871
v -8.199816703796387 -26.5 3.053241729736328
v -9.535305976867676 -26.5 -2.0362257957458496
v -5.1339430809021 -26.5 -7.085557460784912
v -13.62977123260498 -26.5 6.2626872062683105
v -11.931527137756348 -26.5 -9.090580940246582
v -12.125312805175781 -26.5 -1.813135027885437
v -11.931527137756348 -26.5 -9.090580940246582
v 4.94744348526001 -26.5 -7.216752052307129
v -5.1339430809021 -26.5 -7.085557460784912
v 2.420159339904785 -26.5 -14.803200721740723
v 14.204139709472656 -26.5 -4.821038246154785
v 4.94744348526001 -26.5 -7.216752052307129
v -11.931527137756348 -26.5 -9.090580940246582
v 2.420159339904785 -26.5 -14.803200721740723
v 4.94744348526001 -26.5 -7.216752052307129
v 21.513839721679688 -26.5 16.715402603149414
v 9.906583786010742 -26.5 13.054408073425293
v 9.095245361328125 -26.5 12.371516227722168
v 21.513839721679688 -26.5 16.715402603149414
v 9.223971366882324 -26.5 13.865982055664062
v 9.906583786010742 -26.5 13.054408073425293
v 21.513839721679688 -26.5 16.715402603149414
v -0.8738596439361572 -26.5 14.974523544311523
v 9.223971366882324 -26.5 13.865982055664062
v 21.513839721679688 -26.5 16.715402603149414
v 6.869538307189941 -26.5 21.4897518157959
v -0.8738596439361572 -26.5 14.974523544311523
v 14.749502182006836 -26.5 25.578598022460938
v 6.869538307189941 -26.5 21.4897518157959
v 21.513839721679688 -26.5 16.715402603149414
v 13.6113862991333 -26.5 26.931259155273438
v 6.869538307189941 -26.5 21.4897518157959
v 14.749502182006836 -26.5 25.578598022460938
v 13.6113862991333 -26.5 26.931259155273438
v 14.964046478271484 -26.5 28.06937599182129
v 6.869538307189941 -26.5 21.4897518157959
v 44.94551086425781 -3.5 73.93377685546875
v 46.342811584472656 -3.5 74.02071380615234
v 46.766876220703125 -3.5 73.64633178710938
v 46.342811584472656 -12.084314346313477 74.02071380615234
v 46.766876220703125 -3.5 73.64633178710938
v 46.342811584472656 -3.5 74.02071380615234
v 46.95938491821289 -3.5 70.55231475830078
v 44.94551086425781 -3.5 73.93377685546875
v 46.766876220703125 -3.5 73.64633178710938
v 48.17032241821289 -9.350000381469727 51.08994674682617
v 46.95938491821289 -3.5 70.55231475830078
v 46.766876220703125 -3.5 73.64633178710938
v 46.342811584472656 -12.084314346313477 74.02071380615234
v 46.766876220703125 -12.25 73.64633178710938
v 46.766876220703125 -3.5 73.64633178710938
v 48.828575134277344 -12.25 40.510406494140625
v 46.766876220703125 -3.5 73.64633178710938
v 46.766876220703125 -12.25 73.64633178710938
v 48.17032241821289 -9.350000381469727 51.08994674682617
v 46.766876220703125 -3.5 73.64633178710938
v 48.828575134277344 -12.25 40.510406494140625
v 28.521738052368164 -5.650000095367432 72.91190338134766
v 46.342811584472656 -3.5 74.02071380615234
v 44.94551086425781 -3.5 73.93377685546875
v 45.89350891113281 -11.007100105285645 73.99275970458984
v 46.342811584472656 -12.084314346313477 74.02071380615234
v 46.342811584472656 -3.5 74.02071380615234
v 43.49831008911133 -8.600000381469727 73.84373474121094
v 46.342811584472656 -3.5 74.02071380615234
v 28.521738052368164 -5.650000095367432 72.91190338134766
v 45.200809478759766 -9.311720848083496 73.94966125488281
v 45.89350891113281 -11.007100105285645 73.99275970458984
v 46.342811584472656 -3.5 74.02071380615234
v 43.49831008911133 -8.600000381469727 73.84373474121094
v 45.200809478759766 -9.311720848083496 73.94966125488281
v 46.342811584472656 -3.5 74.02071380615234
v 46.95938491821289 -3.5 70.55231475830078
v 45.16286087036133 -3.5 70.4405288696289
v 44.94551086425781 -3.5 73.93377685546875
v 45.16286087036133 3.5 70.4405288696289
v 44.94551086425781 -3.5 73.93377685546875
v 45.16286087036133 -3.5 70.4405288696289
v 27.04338836669922 -2.995844602584839 72.81991577148438
v 28.521738052368164 -5.650000095367432 72.91190338134766
v 44.94551086425781 -3.5 73.93377685546875
v 44.94551086425781 3.5 73.93377685546875
v 27.04338836669922 -2.995844602584839 72.81991577148438
v 44.94551086425781 -3.5 73.93377685546875
v 45.16286087036133 3.5 70.4405288696289
v 44.94551086425781 3.5 73.93377685546875
v 44.94551086425781 -3.5 73.93377685546875
v 46.95938491821289 3.5 70.55231475830078
v 45.16286087036133 -3.5 70.4405288696289
v 46.95938491821289 -3.5 70.55231475830078
v 45.16286087036133 3.5 70.4405288696289
v 45.16286087036133 -3.5 70.4405288696289
v 46.95938491821289 3.5 70.55231475830078
v 48.17032241821289 -9.350000381469727 51.08994674682617
v 46.95938491821289 3.5 70.55231475830078
v 46.95938491821289 -3.5 70.55231475830078
v 44.58053207397461 -13.850000381469727 73.91107177734375
v 46.766876220703125 -12.25 73.64633178710938
v 46.342811584472656 -12.084314346313477 74.02071380615234
v 46.83243179321289 -14.25 40.386207580566406
v 48.828575134277344 -12.25 40.510406494140625
v 46.766876220703125 -12.25 73.64633178710938
v 44.77073669433594 -14.25 73.52213287353516
v 46.766876220703125 -12.25 73.64633178710938
v 44.58053207397461 -13.850000381469727 73.91107177734375
v 46.83243179321289 -14.25 40.386207580566406
v 46.766876220703125 -12.25 73.64633178710938
v 44.77073669433594 -14.25 73.52213287353516
v 43.49831008911133 -13.399999618530273 73.84373474121094
v 44.58053207397461 -13.850000381469727 73.91107177734375
v 46.342811584472656 -12.084314346313477 74.02071380615234
v 45.89350891113281 -11.007100105285645 73.99275970458984
v 43.49831008911133 -13.399999618530273 73.84373474121094
v 46.342811584472656 -12.084314346313477 74.02071380615234
v 48.254154205322266 7.994688987731934 49.74256896972656
v 48.828575134277344 -12.25 40.510406494140625
v 48.828575134277344 12.25 40.510406494140625
v 48.454185485839844 12.084314346313477 40.08633804321289
v 48.828575134277344 12.25 40.510406494140625
v 48.828575134277344 -12.25 40.510406494140625
v 48.254154205322266 -8.005311012268066 49.74256896972656
v 48.828575134277344 -12.25 40.510406494140625
v 48.254154205322266 7.994688987731934 49.74256896972656
v 48.254154205322266 -8.005311012268066 49.74256896972656
v 48.17032241821289 -9.350000381469727 51.08994674682617
v 48.828575134277344 -12.25 40.510406494140625
v 48.454185485839844 -12.084314346313477 40.08633804321289
v 48.454185485839844 12.084314346313477 40.08633804321289
v 48.828575134277344 -12.25 40.510406494140625
v 46.83243179321289 -14.25 40.386207580566406
v 48.454185485839844 -12.084314346313477 40.08633804321289
v 48.828575134277344 -12.25 40.510406494140625
v 46.766876220703125 12.25 73.64633178710938
v 46.766876220703125 3.5 73.64633178710938
v 46.95938491821289 3.5 70.55231475830078
v 45.16286087036133 3.5 70.4405288696289
v 46.95938491821289 3.5 70.55231475830078
v 46.766876220703125 3.5 73.64633178710938
v 48.08648681640625 -7.994688987731934 52.43732452392578
v 46.766876220703125 12.25 73.64633178710938
v 46.95938491821289 3.5 70.55231475830078
v 48.17032241821289 -9.350000381469727 51.08994674682617
v 48.08648681640625 -7.994688987731934 52.43732452392578
v 46.95938491821289 3.5 70.55231475830078
v 46.342811584472656 3.5 74.02071380615234
v 46.766876220703125 3.5 73.64633178710938
v 46.766876220703125 12.25 73.64633178710938
v 45.16286087036133 3.5 70.4405288696289
v 46.766876220703125 3.5 73.64633178710938
v 46.342811584472656 3.5 74.02071380615234
v 48.17032241821289 9.350000381469727 51.08994674682617
v 48.828575134277344 12.25 40.510406494140625
v 46.766876220703125 12.25 73.64633178710938
v 44.77073669433594 14.25 73.52213287353516
v 46.766876220703125 12.25 73.64633178710938
v 48.828575134277344 12.25 40.510406494140625
v 48.08648681640625 8.005311012268066 52.43732452392578
v 48.17032241821289 9.350000381469727 51.08994674682617
v 46.766876220703125 12.25 73.64633178710938
v 48.08648681640625 -7.994688987731934 52.43732452392578
v 48.08648681640625 8.005311012268066 52.43732452392578
v 46.766876220703125 12.25 73.64633178710938
v 46.342811584472656 12.084314346313477 74.02071380615234
v 46.766876220703125 12.25 73.64633178710938
v 44.77073669433594 14.25 73.52213287353516
v 46.342811584472656 3.5 74.02071380615234
v 46.766876220703125 12.25 73.64633178710938
v 46.342811584472656 12.084314346313477 74.02071380615234
v 48.254154205322266 7.994688987731934 49.74256896972656
v 48.828575134277344 12.25 40.510406494140625
v 48.17032241821289 9.350000381469727 51.08994674682617
v 46.6919059753418 13.850000381469727 39.976688385009766
v 48.828575134277344 12.25 40.510406494140625
v 48.454185485839844 12.084314346313477 40.08633804321289
v 46.6919059753418 13.850000381469727 39.976688385009766
v 46.83243179321289 14.25 40.386207580566406
v 48.828575134277344 12.25 40.510406494140625
v 44.77073669433594 14.25 73.52213287353516
v 48.828575134277344 12.25 40.510406494140625
v 46.83243179321289 14.25 40.386207580566406
v 47.845947265625 9.024999618530273 51.06976318359375
v 48.17032241821289 9.350000381469727 51.08994674682617
v 48.08648681640625 8.005311012268066 52.43732452392578
v 47.90959930419922 8 50.0467414855957
v 48.254154205322266 7.994688987731934 49.74256896972656
v 48.17032241821289 9.350000381469727 51.08994674682617
v 47.90959930419922 8 50.0467414855957
v 48.17032241821289 9.350000381469727 51.08994674682617
v 47.845947265625 9.024999618530273 51.06976318359375
v 48.17032241821289 -6.650000095367432 51.08994674682617
v 48.17032241821289 6.650000095367432 51.08994674682617
v 48.08648681640625 8.005311012268066 52.43732452392578
v 47.78229522705078 8 52.0927848815918
v 48.08648681640625 8.005311012268066 52.43732452392578
v 48.17032241821289 6.650000095367432 51.08994674682617
v 48.08648681640625 -7.994688987731934 52.43732452392578
v 48.17032241821289 -6.650000095367432 51.08994674682617
v 48.08648681640625 8.005311012268066 52.43732452392578
v 47.78229522705078 8 52.0927848815918
v 47.845947265625 9.024999618530273 51.06976318359375
v 48.08648681640625 8.005311012268066 52.43732452392578
v 48.254154205322266 -8.005311012268066 49.74256896972656
v 48.254154205322266 7.994688987731934 49.74256896972656
v 48.17032241821289 6.650000095367432 51.08994674682617
v 47.845947265625 6.974999904632568 51.06976318359375
v 48.17032241821289 6.650000095367432 51.08994674682617
v 48.254154205322266 7.994688987731934 49.74256896972656
v 48.254154205322266 -8.005311012268066 49.74256896972656
v 48.17032241821289 6.650000095367432 51.08994674682617
v 48.17032241821289 -6.650000095367432 51.08994674682617
v 47.845947265625 6.974999904632568 51.06976318359375
v 47.78229522705078 8 52.0927848815918
v 48.17032241821289 6.650000095367432 51.08994674682617
v 47.90959930419922 8 50.0467414855957
v 47.845947265625 6.974999904632568 51.06976318359375
v 48.254154205322266 7.994688987731934 49.74256896972656
v 47.845947265625 -6.974999904632568 51.06976318359375
v 48.17032241821289 -6.650000095367432 51.08994674682617
v 48.08648681640625 -7.994688987731934 52.43732452392578
v 47.90959930419922 -8 50.0467414855957
v 48.254154205322266 -8.005311012268066 49.74256896972656
v 48.17032241821289 -6.650000095367432 51.08994674682617
v 47.90959930419922 -8 50.0467414855957
v 48.17032241821289 -6.650000095367432 51.08994674682617
v 47.845947265625 -6.974999904632568 51.06976318359375
v 47.78229522705078 -8 52.0927848815918
v 48.08648681640625 -7.994688987731934 52.43732452392578
v 48.17032241821289 -9.350000381469727 51.08994674682617
v 47.78229522705078 -8 52.0927848815918
v 47.845947265625 -6.974999904632568 51.06976318359375
v 48.08648681640625 -7.994688987731934 52.43732452392578
v 47.845947265625 -9.024999618530273 51.06976318359375
v 48.17032241821289 -9.350000381469727 51.08994674682617
v 48.254154205322266 -8.005311012268066 49.74256896972656
v 47.845947265625 -9.024999618530273 51.06976318359375
v 47.78229522705078 -8 52.0927848815918
v 48.17032241821289 -9.350000381469727 51.08994674682617
v 47.90959930419922 -8 50.0467414855957
v 47.845947265625 -9.024999618530273 51.06976318359375
v 48.254154205322266 -8.005311012268066 49.74256896972656
v 48.004886627197266 -10.992899894714355 40.05838394165039
v 48.454185485839844 12.084314346313477 40.08633804321289
v 48.454185485839844 -12.084314346313477 40.08633804321289
v 48.004886627197266 11.007100105285645 40.05838394165039
v 46.6919059753418 13.850000381469727 39.976688385009766
v 48.454185485839844 12.084314346313477 40.08633804321289
v 48.004886627197266 11.007100105285645 40.05838394165039
v 48.454185485839844 12.084314346313477 40.08633804321289
v 48.004886627197266 -10.992899894714355 40.05838394165039
v 46.6919059753418 -13.850000381469727 39.976688385009766
v 48.454185485839844 -12.084314346313477 40.08633804321289
v 46.83243179321289 -14.25 40.386207580566406
v 47.31218338012695 -12.688279151916504 40.015281677246094
v 48.454185485839844 -12.084314346313477 40.08633804321289
v 46.6919059753418 -13.850000381469727 39.976688385009766
v 47.31218338012695 -12.688279151916504 40.015281677246094
v 48.004886627197266 -10.992899894714355 40.05838394165039
v 48.454185485839844 -12.084314346313477 40.08633804321289
v 4.6046648025512695 13.850000381469727 37.35804748535156
v 46.83243179321289 14.25 40.386207580566406
v 46.6919059753418 13.850000381469727 39.976688385009766
v 34.297149658203125 14.25 50.226768493652344
v 44.77073669433594 14.25 73.52213287353516
v 46.83243179321289 14.25 40.386207580566406
v 4.414459705352783 14.25 37.746986389160156
v 46.83243179321289 14.25 40.386207580566406
v 4.6046648025512695 13.850000381469727 37.35804748535156
v 33.03888702392578 14.25 48.7958869934082
v 46.83243179321289 14.25 40.386207580566406
v 4.414459705352783 14.25 37.746986389160156
v 33.03888702392578 14.25 48.7958869934082
v 34.297149658203125 14.25 50.226768493652344
v 46.83243179321289 14.25 40.386207580566406
v 5.686886787414551 13.399999618530273 37.425384521484375
v 4.6046648025512695 13.850000381469727 37.35804748535156
v 46.6919059753418 13.850000381469727 39.976688385009766
v 8.082085609436035 11.007100105285645 37.57440948486328
v 5.686886787414551 13.399999618530273 37.425384521484375
v 46.6919059753418 13.850000381469727 39.976688385009766
v 29.640565872192383 12.350000381469727 38.915767669677734
v 8.082085609436035 11.007100105285645 37.57440948486328
v 46.6919059753418 13.850000381469727 39.976688385009766
v 30.98794174194336 11.005311012268066 38.99959945678711
v 29.640565872192383 12.350000381469727 38.915767669677734
v 46.6919059753418 13.850000381469727 39.976688385009766
v 32.771034240722656 8.450235366821289 39.11054229736328
v 30.98794174194336 11.005311012268066 38.99959945678711
v 46.6919059753418 13.850000381469727 39.976688385009766
v 48.004886627197266 11.007100105285645 40.05838394165039
v 45.609683990478516 13.399999618530273 39.90935516357422
v 46.6919059753418 13.850000381469727 39.976688385009766
v 32.771034240722656 8.450235366821289 39.11054229736328
v 46.6919059753418 13.850000381469727 39.976688385009766
v 45.609683990478516 13.399999618530273 39.90935516357422
v 46.342811584472656 12.084314346313477 74.02071380615234
v 44.77073669433594 14.25 73.52213287353516
v 44.58053207397461 13.850000381469727 73.91107177734375
v 27.554031372070312 14.25 72.45092010498047
v 44.58053207397461 13.850000381469727 73.91107177734375
v 44.77073669433594 14.25 73.52213287353516
v 27.554031372070312 14.25 72.45092010498047
v 44.77073669433594 14.25 73.52213287353516
v 28.057035446166992 14.25 64.36654663085938
v 32.11542892456055 14.25 63.466819763183594
v 28.057035446166992 14.25 64.36654663085938
v 44.77073669433594 14.25 73.52213287353516
v 33.55195617675781 14.25 62.20360565185547
v 44.77073669433594 14.25 73.52213287353516
v 34.297149658203125 14.25 50.226768493652344
v 33.55195617675781 14.25 62.20360565185547
v 32.11542892456055 14.25 63.466819763183594
v 44.77073669433594 14.25 73.52213287353516
v 45.200809478759766 12.688279151916504 73.94966125488281
v 46.342811584472656 12.084314346313477 74.02071380615234
v 44.58053207397461 13.850000381469727 73.91107177734375
v 43.49831008911133 13.399999618530273 73.84373474121094
v 44.58053207397461 13.850000381469727 73.91107177734375
v 27.529190063476562 13.850000381469727 72.85014343261719
v 27.554031372070312 14.25 72.45092010498047
v 27.529190063476562 13.850000381469727 72.85014343261719
v 44.58053207397461 13.850000381469727 73.91107177734375
v 43.49831008911133 13.399999618530273 73.84373474121094
v 45.200809478759766 12.688279151916504 73.94966125488281
v 44.58053207397461 13.850000381469727 73.91107177734375
v 44.94551086425781 3.5 73.93377685546875
v 46.342811584472656 3.5 74.02071380615234
v 46.342811584472656 12.084314346313477 74.02071380615234
v 45.89350891113281 10.992899894714355 73.99275970458984
v 44.94551086425781 3.5 73.93377685546875
v 46.342811584472656 12.084314346313477 74.02071380615234
v 45.200809478759766 12.688279151916504 73.94966125488281
v 45.89350891113281 10.992899894714355 73.99275970458984
v 46.342811584472656 12.084314346313477 74.02071380615234
v 28.583837509155273 -5.650000095367432 71.91383361816406
v 28.521738052368164 -5.650000095367432 72.91190338134766
v 27.04338836669922 -2.995844602584839 72.81991577148438
v 27.529190063476562 -5.650000095367432 72.85014343261719
v 27.529190063476562 -13.850000381469727 72.85014343261719
v 28.521738052368164 -5.650000095367432 72.91190338134766
v 43.49831008911133 -8.600000381469727 73.84373474121094
v 28.521738052368164 -5.650000095367432 72.91190338134766
v 27.529190063476562 -13.850000381469727 72.85014343261719
v 28.583837509155273 -5.650000095367432 71.91383361816406
v 27.529190063476562 -5.650000095367432 72.85014343261719
v 28.521738052368164 -5.650000095367432 72.91190338134766
v 44.94551086425781 3.5 73.93377685546875
v 26.53112030029297 1.2158645502902393e-14 72.78804779052734
v 27.04338836669922 -2.995844602584839 72.81991577148438
v 26.846439361572266 -2.1212873458862305 71.80573272705078
v 27.04338836669922 -2.995844602584839 72.81991577148438
v 26.53112030029297 1.2158645502902393e-14 72.78804779052734
v 28.048900604248047 -4.911783218383789 71.88054656982422
v 28.583837509155273 -5.650000095367432 71.91383361816406
v 27.04338836669922 -2.995844602584839 72.81991577148438
v 27.591289520263672 -4.123105525970459 71.8520736694336
v 28.048900604248047 -4.911783218383789 71.88054656982422
v 27.04338836669922 -2.995844602584839 72.81991577148438
v 26.846439361572266 -2.1212873458862305 71.80573272705078
v 27.591289520263672 -4.123105525970459 71.8520736694336
v 27.04338836669922 -2.995844602584839 72.81991577148438
v 44.94551086425781 3.5 73.93377685546875
v 27.04338836669922 2.995844602584839 72.81991577148438
v 26.53112030029297 1.2158645502902393e-14 72.78804779052734
v 26.593219757080078 1.5083407071091182e-14 71.78997802734375
v 26.53112030029297 1.2158645502902393e-14 72.78804779052734
v 27.04338836669922 2.995844602584839 72.81991577148438
v 26.593219757080078 1.5083407071091182e-14 71.78997802734375
v 26.846439361572266 -2.1212873458862305 71.80573272705078
v 26.53112030029297 1.2158645502902393e-14 72.78804779052734
v 44.94551086425781 3.5 73.93377685546875
v 28.521738052368164 5.650000095367432 72.91190338134766
v 27.04338836669922 2.995844602584839 72.81991577148438
v 27.591289520263672 4.123105525970459 71.8520736694336
v 27.04338836669922 2.995844602584839 72.81991577148438
v 28.521738052368164 5.650000095367432 72.91190338134766
v 26.846439361572266 2.1212873458862305 71.80573272705078
v 26.593219757080078 1.5083407071091182e-14 71.78997802734375
v 27.04338836669922 2.995844602584839 72.81991577148438
v 27.591289520263672 4.123105525970459 71.8520736694336
v 26.846439361572266 2.1212873458862305 71.80573272705078
v 27.04338836669922 2.995844602584839 72.81991577148438
v 43.49831008911133 8.600000381469727 73.84373474121094
v 27.529190063476562 5.650000095367432 72.85014343261719
v 28.521738052368164 5.650000095367432 72.91190338134766
v 27.591289520263672 5.650000095367432 71.8520736694336
v 28.521738052368164 5.650000095367432 72.91190338134766
v 27.529190063476562 5.650000095367432 72.85014343261719
v 43.49831008911133 8.600000381469727 73.84373474121094
v 28.521738052368164 5.650000095367432 72.91190338134766
v 44.94551086425781 3.5 73.93377685546875
v 28.048900604248047 4.911783218383789 71.88054656982422
v 27.591289520263672 4.123105525970459 71.8520736694336
v 28.521738052368164 5.650000095367432 72.91190338134766
v 28.583837509155273 5.650000095367432 71.91383361816406
v 28.048900604248047 4.911783218383789 71.88054656982422
v 28.521738052368164 5.650000095367432 72.91190338134766
v 27.591289520263672 5.650000095367432 71.8520736694336
v 28.583837509155273 5.650000095367432 71.91383361816406
v 28.521738052368164 5.650000095367432 72.91190338134766
v 43.49831008911133 13.399999618530273 73.84373474121094
v 27.529190063476562 13.850000381469727 72.85014343261719
v 27.529190063476562 5.650000095367432 72.85014343261719
v 27.591289520263672 5.650000095367432 71.8520736694336
v 27.529190063476562 5.650000095367432 72.85014343261719
v 27.529190063476562 13.850000381469727 72.85014343261719
v 41.795814514160156 9.311720848083496 73.73780822753906
v 27.529190063476562 5.650000095367432 72.85014343261719
v 43.49831008911133 8.600000381469727 73.84373474121094
v 41.103111267089844 11.007100105285645 73.6947021484375
v 43.49831008911133 13.399999618530273 73.84373474121094
v 27.529190063476562 5.650000095367432 72.85014343261719
v 41.795814514160156 9.311720848083496 73.73780822753906
v 41.103111267089844 11.007100105285645 73.6947021484375
v 27.529190063476562 5.650000095367432 72.85014343261719
v 27.752748489379883 9.399999618530273 69.25709533691406
v 27.727909088134766 9 69.65631866455078
v 27.529190063476562 13.850000381469727 72.85014343261719
v 27.591289520263672 5.650000095367432 71.8520736694336
v 27.529190063476562 13.850000381469727 72.85014343261719
v 27.727909088134766 9 69.65631866455078
v 28.057035446166992 9.399999618530273 64.36654663085938
v 27.752748489379883 9.399999618530273 69.25709533691406
v 27.529190063476562 13.850000381469727 72.85014343261719
v 27.554031372070312 14.25 72.45092010498047
v 28.057035446166992 9.399999618530273 64.36654663085938
v 27.529190063476562 13.850000381469727 72.85014343261719
v 45.16286087036133 3.5 70.4405288696289
v 46.342811584472656 3.5 74.02071380615234
v 44.94551086425781 3.5 73.93377685546875
v 45.89350891113281 10.992899894714355 73.99275970458984
v 43.49831008911133 8.600000381469727 73.84373474121094
v 44.94551086425781 3.5 73.93377685546875
v 43.49831008911133 -13.399999618530273 73.84373474121094
v 27.529190063476562 -13.850000381469727 72.85014343261719
v 44.58053207397461 -13.850000381469727 73.91107177734375
v 44.77073669433594 -14.25 73.52213287353516
v 44.58053207397461 -13.850000381469727 73.91107177734375
v 27.529190063476562 -13.850000381469727 72.85014343261719
v 27.727909088134766 -9 69.65631866455078
v 27.529190063476562 -13.850000381469727 72.85014343261719
v 27.529190063476562 -5.650000095367432 72.85014343261719
v 41.795814514160156 -12.688279151916504 73.73780822753906
v 27.529190063476562 -13.850000381469727 72.85014343261719
v 43.49831008911133 -13.399999618530273 73.84373474121094
v 41.103111267089844 -10.992899894714355 73.6947021484375
v 43.49831008911133 -8.600000381469727 73.84373474121094
v 27.529190063476562 -13.850000381469727 72.85014343261719
v 41.795814514160156 -12.688279151916504 73.73780822753906
v 41.103111267089844 -10.992899894714355 73.6947021484375
v 27.529190063476562 -13.850000381469727 72.85014343261719
v 28.057035446166992 -14.25 64.36654663085938
v 27.554031372070312 -14.25 72.45092010498047
v 27.529190063476562 -13.850000381469727 72.85014343261719
v 44.77073669433594 -14.25 73.52213287353516
v 27.529190063476562 -13.850000381469727 72.85014343261719
v 27.554031372070312 -14.25 72.45092010498047
v 27.752748489379883 -9.399999618530273 69.25709533691406
v 28.057035446166992 -14.25 64.36654663085938
v 27.529190063476562 -13.850000381469727 72.85014343261719
v 27.727909088134766 -9 69.65631866455078
v 27.752748489379883 -9.399999618530273 69.25709533691406
v 27.529190063476562 -13.850000381469727 72.85014343261719
v 28.583837509155273 -5.650000095367432 71.91383361816406
v 27.591289520263672 -5.650000095367432 71.8520736694336
v 27.529190063476562 -5.650000095367432 72.85014343261719
v 27.727909088134766 -9 69.65631866455078
v 27.529190063476562 -5.650000095367432 72.85014343261719
v 27.591289520263672 -5.650000095367432 71.8520736694336
v 43.67218780517578 -13.399999618530273 71.04914093017578
v 43.49831008911133 -13.399999618530273 73.84373474121094
v 45.89350891113281 -11.007100105285645 73.99275970458984
v 41.2769889831543 -11.007100105285645 70.90010833740234
v 41.795814514160156 -12.688279151916504 73.73780822753906
v 43.49831008911133 -13.399999618530273 73.84373474121094
v 41.2769889831543 -11.007100105285645 70.90010833740234
v 43.49831008911133 -13.399999618530273 73.84373474121094
v 43.67218780517578 -13.399999618530273 71.04914093017578
v 46.067386627197266 -10.992899894714355 71.19816589355469
v 45.89350891113281 -11.007100105285645 73.99275970458984
v 45.200809478759766 -9.311720848083496 73.94966125488281
v 45.37468719482422 -12.688279151916504 71.15506744384766
v 43.67218780517578 -13.399999618530273 71.04914093017578
v 45.89350891113281 -11.007100105285645 73.99275970458984
v 46.067386627197266 -10.992899894714355 71.19816589355469
v 45.37468719482422 -12.688279151916504 71.15506744384766
v 45.89350891113281 -11.007100105285645 73.99275970458984
v 46.067386627197266 -10.992899894714355 71.19816589355469
v 45.200809478759766 -9.311720848083496 73.94966125488281
v 43.49831008911133 -8.600000381469727 73.84373474121094
v 43.67218780517578 -8.600000381469727 71.04914093017578
v 43.49831008911133 -8.600000381469727 73.84373474121094
v 41.103111267089844 -10.992899894714355 73.6947021484375
v 43.67218780517578 -8.600000381469727 71.04914093017578
v 46.067386627197266 -10.992899894714355 71.19816589355469
v 43.49831008911133 -8.600000381469727 73.84373474121094
v 41.2769889831543 -11.007100105285645 70.90010833740234
v 41.103111267089844 -10.992899894714355 73.6947021484375
v 41.795814514160156 -12.688279151916504 73.73780822753906
v 41.96969223022461 -9.311720848083496 70.94320678710938
v 43.67218780517578 -8.600000381469727 71.04914093017578
v 41.103111267089844 -10.992899894714355 73.6947021484375
v 41.2769889831543 -11.007100105285645 70.90010833740234
v 41.96969223022461 -9.311720848083496 70.94320678710938
v 41.103111267089844 -10.992899894714355 73.6947021484375
v 43.67218780517578 8.600000381469727 71.04914093017578
v 43.49831008911133 8.600000381469727 73.84373474121094
v 45.89350891113281 10.992899894714355 73.99275970458984
v 41.2769889831543 10.992899894714355 70.90010833740234
v 41.795814514160156 9.311720848083496 73.73780822753906
v 43.49831008911133 8.600000381469727 73.84373474121094
v 41.2769889831543 10.992899894714355 70.90010833740234
v 43.49831008911133 8.600000381469727 73.84373474121094
v 43.67218780517578 8.600000381469727 71.04914093017578
v 46.067386627197266 11.007100105285645 71.19816589355469
v 45.89350891113281 10.992899894714355 73.99275970458984
v 45.200809478759766 12.688279151916504 73.94966125488281
v 45.37468719482422 9.311720848083496 71.15506744384766
v 43.67218780517578 8.600000381469727 71.04914093017578
v 45.89350891113281 10.992899894714355 73.99275970458984
v 46.067386627197266 11.007100105285645 71.19816589355469
v 45.37468719482422 9.311720848083496 71.15506744384766
v 45.89350891113281 10.992899894714355 73.99275970458984
v 46.067386627197266 11.007100105285645 71.19816589355469
v 45.200809478759766 12.688279151916504 73.94966125488281
v 43.49831008911133 13.399999618530273 73.84373474121094
v 43.67218780517578 13.399999618530273 71.04914093017578
v 43.49831008911133 13.399999618530273 73.84373474121094
v 41.103111267089844 11.007100105285645 73.6947021484375
v 43.67218780517578 13.399999618530273 71.04914093017578
v 46.067386627197266 11.007100105285645 71.19816589355469
v 43.49831008911133 13.399999618530273 73.84373474121094
v 41.2769889831543 10.992899894714355 70.90010833740234
v 41.103111267089844 11.007100105285645 73.6947021484375
v 41.795814514160156 9.311720848083496 73.73780822753906
v 41.96969223022461 12.688279151916504 70.94320678710938
v 43.67218780517578 13.399999618530273 71.04914093017578
v 41.103111267089844 11.007100105285645 73.6947021484375
v 41.2769889831543 10.992899894714355 70.90010833740234
v 41.96969223022461 12.688279151916504 70.94320678710938
v 41.103111267089844 11.007100105285645 73.6947021484375
v 28.048900604248047 -4.911783218383789 71.88054656982422
v 27.591289520263672 -5.650000095367432 71.8520736694336
v 28.583837509155273 -5.650000095367432 71.91383361816406
v 27.591289520263672 -4.123105525970459 71.8520736694336
v 27.591289520263672 -5.650000095367432 71.8520736694336
v 28.048900604248047 -4.911783218383789 71.88054656982422
v 27.727909088134766 -9 69.65631866455078
v 27.591289520263672 -5.650000095367432 71.8520736694336
v 27.591289520263672 -4.123105525970459 71.8520736694336
v 26.593219757080078 1.5083407071091182e-14 71.78997802734375
v 27.591289520263672 -4.123105525970459 71.8520736694336
v 26.846439361572266 -2.1212873458862305 71.80573272705078
v 26.846439361572266 2.1212873458862305 71.80573272705078
v 27.591289520263672 -4.123105525970459 71.8520736694336
v 26.593219757080078 1.5083407071091182e-14 71.78997802734375
v 27.591289520263672 4.123105525970459 71.8520736694336
v 27.591289520263672 -4.123105525970459 71.8520736694336
v 26.846439361572266 2.1212873458862305 71.80573272705078
v 27.727909088134766 -9 69.65631866455078
v 27.591289520263672 -4.123105525970459 71.8520736694336
v 27.591289520263672 4.123105525970459 71.8520736694336
v 27.591289520263672 5.650000095367432 71.8520736694336
v 27.591289520263672 4.123105525970459 71.8520736694336
v 28.048900604248047 4.911783218383789 71.88054656982422
v 27.591289520263672 5.650000095367432 71.8520736694336
v 27.727909088134766 -9 69.65631866455078
v 27.591289520263672 4.123105525970459 71.8520736694336
v 27.591289520263672 5.650000095367432 71.8520736694336
v 28.048900604248047 4.911783218383789 71.88054656982422
v 28.583837509155273 5.650000095367432 71.91383361816406
v 31.602359771728516 -14.25 50.05909729003906
v 27.554031372070312 -14.25 72.45092010498047
v 28.057035446166992 -14.25 64.36654663085938
v 46.83243179321289 -14.25 40.386207580566406
v 44.77073669433594 -14.25 73.52213287353516
v 27.554031372070312 -14.25 72.45092010498047
v 33.55195617675781 -14.25 62.20360565185547
v 46.83243179321289 -14.25 40.386207580566406
v 27.554031372070312 -14.25 72.45092010498047
v 30.857168197631836 -14.25 62.03593826293945
v 27.554031372070312 -14.25 72.45092010498047
v 31.602359771728516 -14.25 50.05909729003906
v 32.12602996826172 -14.25 63.46747970581055
v 33.55195617675781 -14.25 62.20360565185547
v 27.554031372070312 -14.25 72.45092010498047
v 30.857168197631836 -14.25 62.03593826293945
v 32.12602996826172 -14.25 63.46747970581055
v 27.554031372070312 -14.25 72.45092010498047
v 27.752748489379883 -9.399999618530273 69.25709533691406
v 28.057035446166992 -9.399999618530273 64.36654663085938
v 28.057035446166992 -14.25 64.36654663085938
v 15.082124710083008 -9.399999618530273 63.559261322021484
v 28.057035446166992 -14.25 64.36654663085938
v 28.057035446166992 -9.399999618530273 64.36654663085938
v 15.082124710083008 -14.25 63.559261322021484
v 28.057035446166992 -14.25 64.36654663085938
v 15.082124710083008 -9.399999618530273 63.559261322021484
v 31.602359771728516 -14.25 50.05909729003906
v 28.057035446166992 -14.25 64.36654663085938
v 15.082124710083008 -14.25 63.559261322021484
v 16.97359275817871 -9.399999618530273 68.58641815185547
v 28.057035446166992 -9.399999618530273 64.36654663085938
v 27.752748489379883 -9.399999618530273 69.25709533691406
v 15.082124710083008 -9.399999618530273 63.559261322021484
v 28.057035446166992 -9.399999618530273 64.36654663085938
v 16.97359275817871 -9.399999618530273 68.58641815185547
v 17.347980499267578 -9 69.01049041748047
v 27.752748489379883 -9.399999618530273 69.25709533691406
v 27.727909088134766 -9 69.65631866455078
v 16.97359275817871 -9.399999618530273 68.58641815185547
v 27.752748489379883 -9.399999618530273 69.25709533691406
v 17.347980499267578 -9 69.01049041748047
v 27.591289520263672 5.650000095367432 71.8520736694336
v 27.727909088134766 9 69.65631866455078
v 27.727909088134766 -9 69.65631866455078
v 20.24238395690918 -6.099999904632568 69.1905746459961
v 27.727909088134766 -9 69.65631866455078
v 27.727909088134766 9 69.65631866455078
v 20.24238395690918 -6.099999904632568 69.1905746459961
v 17.347980499267578 -9 69.01049041748047
v 27.727909088134766 -9 69.65631866455078
v 16.97359275817871 9.399999618530273 68.58641815185547
v 27.727909088134766 9 69.65631866455078
v 27.752748489379883 9.399999618530273 69.25709533691406
v 17.347980499267578 9 69.01049041748047
v 27.727909088134766 9 69.65631866455078
v 16.97359275817871 9.399999618530273 68.58641815185547
v 20.24238395690918 6.099999904632568 69.1905746459961
v 27.727909088134766 9 69.65631866455078
v 17.347980499267578 9 69.01049041748047
v 20.24238395690918 6.099999904632568 69.1905746459961
v 20.24238395690918 -6.099999904632568 69.1905746459961
v 27.727909088134766 9 69.65631866455078
v 15.082124710083008 9.399999618530273 63.559261322021484
v 27.752748489379883 9.399999618530273 69.25709533691406
v 28.057035446166992 9.399999618530273 64.36654663085938
v 16.97359275817871 9.399999618530273 68.58641815185547
v 27.752748489379883 9.399999618530273 69.25709533691406
v 15.082124710083008 9.399999618530273 63.559261322021484
v 27.554031372070312 14.25 72.45092010498047
v 28.057035446166992 14.25 64.36654663085938
v 28.057035446166992 9.399999618530273 64.36654663085938
v 15.082124710083008 14.25 63.559261322021484
v 28.057035446166992 9.399999618530273 64.36654663085938
v 28.057035446166992 14.25 64.36654663085938
v 15.082124710083008 9.399999618530273 63.559261322021484
v 28.057035446166992 9.399999618530273 64.36654663085938
v 15.082124710083008 14.25 63.559261322021484
v 10.34346866607666 14.25 48.736385345458984
v 28.057035446166992 14.25 64.36654663085938
v 4.414459705352783 14.25 37.746986389160156
v 30.857168197631836 14.25 62.03593826293945
v 4.414459705352783 14.25 37.746986389160156
v 28.057035446166992 14.25 64.36654663085938
v 10.34346866607666 14.25 48.736385345458984
v 15.082124710083008 14.25 63.559261322021484
v 28.057035446166992 14.25 64.36654663085938
v 32.11542892456055 14.25 63.466819763183594
v 30.857168197631836 14.25 62.03593826293945
v 28.057035446166992 14.25 64.36654663085938
v 4.414459705352783 -14.25 37.746986389160156
v 46.6919059753418 -13.850000381469727 39.976688385009766
v 46.83243179321289 -14.25 40.386207580566406
v 9.074606895446777 -14.25 47.30484390258789
v 4.414459705352783 -14.25 37.746986389160156
v 46.83243179321289 -14.25 40.386207580566406
v 33.02828598022461 -14.25 48.79522705078125
v 46.83243179321289 -14.25 40.386207580566406
v 34.297149658203125 -14.25 50.226768493652344
v 33.55195617675781 -14.25 62.20360565185547
v 34.297149658203125 -14.25 50.226768493652344
v 46.83243179321289 -14.25 40.386207580566406
v 9.598278045654297 -14.25 60.71322250366211
v 46.83243179321289 -14.25 40.386207580566406
v 33.02828598022461 -14.25 48.79522705078125
v 10.34346866607666 -14.25 48.736385345458984
v 46.83243179321289 -14.25 40.386207580566406
v 9.598278045654297 -14.25 60.71322250366211
v 9.074606895446777 -14.25 47.30484390258789
v 46.83243179321289 -14.25 40.386207580566406
v 10.34346866607666 -14.25 48.736385345458984
v 45.609683990478516 -13.399999618530273 39.90935516357422
v 46.6919059753418 -13.850000381469727 39.976688385009766
v 4.6046648025512695 -13.850000381469727 37.35804748535156
v 4.414459705352783 -14.25 37.746986389160156
v 4.6046648025512695 -13.850000381469727 37.35804748535156
v 46.6919059753418 -13.850000381469727 39.976688385009766
v 45.609683990478516 -13.399999618530273 39.90935516357422
v 47.31218338012695 -12.688279151916504 40.015281677246094
v 46.6919059753418 -13.850000381469727 39.976688385009766
v 3.984389543533325 12.688279151916504 37.319454193115234
v 2.8423871994018555 12.084314346313477 37.2484016418457
v 4.6046648025512695 13.850000381469727 37.35804748535156
v 4.414459705352783 14.25 37.746986389160156
v 4.6046648025512695 13.850000381469727 37.35804748535156
v 2.8423871994018555 12.084314346313477 37.2484016418457
v 3.984389543533325 12.688279151916504 37.319454193115234
v 4.6046648025512695 13.850000381469727 37.35804748535156
v 5.686886787414551 13.399999618530273 37.425384521484375
v 3.2916877269744873 10.992899894714355 37.2763557434082
v 2.8423871994018555 -12.084314346313477 37.2484016418457
v 2.8423871994018555 12.084314346313477 37.2484016418457
v 2.4183194637298584 12.25 37.62278747558594
v 2.8423871994018555 12.084314346313477 37.2484016418457
v 2.8423871994018555 -12.084314346313477 37.2484016418457
v 3.984389543533325 12.688279151916504 37.319454193115234
v 3.2916877269744873 10.992899894714355 37.2763557434082
v 2.8423871994018555 12.084314346313477 37.2484016418457
v 2.4183194637298584 12.25 37.62278747558594
v 4.414459705352783 14.25 37.746986389160156
v 2.8423871994018555 12.084314346313477 37.2484016418457
v 3.2916877269744873 -11.007100105285645 37.2763557434082
v 4.6046648025512695 -13.850000381469727 37.35804748535156
v 2.8423871994018555 -12.084314346313477 37.2484016418457
v 2.4183194637298584 -12.25 37.62278747558594
v 2.8423871994018555 -12.084314346313477 37.2484016418457
v 4.6046648025512695 -13.850000381469727 37.35804748535156
v 3.2916877269744873 -11.007100105285645 37.2763557434082
v 2.8423871994018555 -12.084314346313477 37.2484016418457
v 3.2916877269744873 10.992899894714355 37.2763557434082
v 2.4183194637298584 12.25 37.62278747558594
v 2.8423871994018555 -12.084314346313477 37.2484016418457
v 2.4183194637298584 -12.25 37.62278747558594
v 29.640565872192383 -12.350000381469727 38.915767669677734
v 45.609683990478516 -13.399999618530273 39.90935516357422
v 4.6046648025512695 -13.850000381469727 37.35804748535156
v 3.2916877269744873 -11.007100105285645 37.2763557434082
v 5.686886787414551 -13.399999618530273 37.425384521484375
v 4.6046648025512695 -13.850000381469727 37.35804748535156
v 28.293190002441406 -11.005311012268066 38.831932067871094
v 4.6046648025512695 -13.850000381469727 37.35804748535156
v 5.686886787414551 -13.399999618530273 37.425384521484375
v 28.293190002441406 -11.005311012268066 38.831932067871094
v 29.640565872192383 -12.350000381469727 38.915767669677734
v 4.6046648025512695 -13.850000381469727 37.35804748535156
v 2.4183194637298584 -12.25 37.62278747558594
v 4.6046648025512695 -13.850000381469727 37.35804748535156
v 4.414459705352783 -14.25 37.746986389160156
v 47.35630798339844 8.741939057409567e-15 40.018028259277344
v 48.004886627197266 -10.992899894714355 40.05838394165039
v 45.609683990478516 -8.600000381469727 39.90935516357422
v 45.43580627441406 -8.600000381469727 42.703948974609375
v 45.609683990478516 -8.600000381469727 39.90935516357422
v 48.004886627197266 -10.992899894714355 40.05838394165039
v 46.05272674560547 -4.874912261962891 39.936920166015625
v 45.609683990478516 -8.600000381469727 39.90935516357422
v 43.907188415527344 -9.311720848083496 39.80342483520508
v 43.04060745239258 -10.992899894714355 42.55492401123047
v 43.907188415527344 -9.311720848083496 39.80342483520508
v 45.609683990478516 -8.600000381469727 39.90935516357422
v 46.05272674560547 -4.874912261962891 39.936920166015625
v 47.35630798339844 8.741939057409567e-15 40.018028259277344
v 45.609683990478516 -8.600000381469727 39.90935516357422
v 43.04060745239258 -10.992899894714355 42.55492401123047
v 45.609683990478516 -8.600000381469727 39.90935516357422
v 45.43580627441406 -8.600000381469727 42.703948974609375
v 47.83100509643555 -11.007100105285645 42.85297775268555
v 48.004886627197266 -10.992899894714355 40.05838394165039
v 47.31218338012695 -12.688279151916504 40.015281677246094
v 47.35630798339844 8.741939057409567e-15 40.018028259277344
v 48.004886627197266 11.007100105285645 40.05838394165039
v 48.004886627197266 -10.992899894714355 40.05838394165039
v 47.1383056640625 -9.311720848083496 42.809879302978516
v 45.43580627441406 -8.600000381469727 42.703948974609375
v 48.004886627197266 -10.992899894714355 40.05838394165039
v 47.83100509643555 -11.007100105285645 42.85297775268555
v 47.1383056640625 -9.311720848083496 42.809879302978516
v 48.004886627197266 -10.992899894714355 40.05838394165039
v 47.83100509643555 -11.007100105285645 42.85297775268555
v 47.31218338012695 -12.688279151916504 40.015281677246094
v 45.609683990478516 -13.399999618530273 39.90935516357422
v 29.640565872192383 -12.350000381469727 38.915767669677734
v 43.21448516845703 -11.007100105285645 39.76032638549805
v 45.609683990478516 -13.399999618530273 39.90935516357422
v 45.43580627441406 -13.399999618530273 42.703948974609375
v 45.609683990478516 -13.399999618530273 39.90935516357422
v 43.21448516845703 -11.007100105285645 39.76032638549805
v 45.43580627441406 -13.399999618530273 42.703948974609375
v 47.83100509643555 -11.007100105285645 42.85297775268555
v 45.609683990478516 -13.399999618530273 39.90935516357422
v 42.479217529296875 -8.450235366821289 39.714576721191406
v 43.907188415527344 -9.311720848083496 39.80342483520508
v 43.21448516845703 -11.007100105285645 39.76032638549805
v 43.04060745239258 -10.992899894714355 42.55492401123047
v 43.21448516845703 -11.007100105285645 39.76032638549805
v 43.907188415527344 -9.311720848083496 39.80342483520508
v 42.479217529296875 -8.450235366821289 39.714576721191406
v 43.21448516845703 -11.007100105285645 39.76032638549805
v 29.640565872192383 -12.350000381469727 38.915767669677734
v 43.73331069946289 -12.688279151916504 42.5980224609375
v 45.43580627441406 -13.399999618530273 42.703948974609375
v 43.21448516845703 -11.007100105285645 39.76032638549805
v 43.04060745239258 -10.992899894714355 42.55492401123047
v 43.73331069946289 -12.688279151916504 42.5980224609375
v 43.21448516845703 -11.007100105285645 39.76032638549805
v 42.479217529296875 -8.450235366821289 39.714576721191406
v 46.05272674560547 -4.874912261962891 39.936920166015625
v 43.907188415527344 -9.311720848083496 39.80342483520508
v 5.5130085945129395 13.399999618530273 40.21997833251953
v 5.686886787414551 13.399999618530273 37.425384521484375
v 8.082085609436035 11.007100105285645 37.57440948486328
v 3.117809772491455 11.007100105285645 40.070953369140625
v 3.984389543533325 12.688279151916504 37.319454193115234
v 5.686886787414551 13.399999618530273 37.425384521484375
v 3.117809772491455 11.007100105285645 40.070953369140625
v 5.686886787414551 13.399999618530273 37.425384521484375
v 5.5130085945129395 13.399999618530273 40.21997833251953
v 5.686886787414551 -8.600000381469727 37.425384521484375
v 7.389383792877197 9.311720848083496 37.53131103515625
v 8.082085609436035 11.007100105285645 37.57440948486328
v 7.908207893371582 10.992899894714355 40.3690071105957
v 8.082085609436035 11.007100105285645 37.57440948486328
v 7.389383792877197 9.311720848083496 37.53131103515625
v 8.082085609436035 -10.992899894714355 37.57440948486328
v 5.686886787414551 -8.600000381469727 37.425384521484375
v 8.082085609436035 11.007100105285645 37.57440948486328
v 28.293190002441406 10.994688987731934 38.831932067871094
v 8.082085609436035 -10.992899894714355 37.57440948486328
v 8.082085609436035 11.007100105285645 37.57440948486328
v 29.640565872192383 12.350000381469727 38.915767669677734
v 28.293190002441406 10.994688987731934 38.831932067871094
v 8.082085609436035 11.007100105285645 37.57440948486328
v 7.215506076812744 12.688279151916504 40.32590866088867
v 5.5130085945129395 13.399999618530273 40.21997833251953
v 8.082085609436035 11.007100105285645 37.57440948486328
v 7.908207893371582 10.992899894714355 40.3690071105957
v 7.215506076812744 12.688279151916504 40.32590866088867
v 8.082085609436035 11.007100105285645 37.57440948486328
v 5.686886787414551 -8.600000381469727 37.425384521484375
v 5.686886787414551 8.600000381469727 37.425384521484375
v 7.389383792877197 9.311720848083496 37.53131103515625
v 7.908207893371582 10.992899894714355 40.3690071105957
v 7.389383792877197 9.311720848083496 37.53131103515625
v 5.686886787414551 8.600000381469727 37.425384521484375
v 3.2916877269744873 -11.007100105285645 37.2763557434082
v 3.2916877269744873 10.992899894714355 37.2763557434082
v 5.686886787414551 8.600000381469727 37.425384521484375
v 5.5130085945129395 8.600000381469727 40.21997833251953
v 5.686886787414551 8.600000381469727 37.425384521484375
v 3.2916877269744873 10.992899894714355 37.2763557434082
v 3.984389543533325 -9.311720848083496 37.319454193115234
v 5.686886787414551 8.600000381469727 37.425384521484375
v 5.686886787414551 -8.600000381469727 37.425384521484375
v 3.984389543533325 -9.311720848083496 37.319454193115234
v 3.2916877269744873 -11.007100105285645 37.2763557434082
v 5.686886787414551 8.600000381469727 37.425384521484375
v 5.5130085945129395 8.600000381469727 40.21997833251953
v 7.908207893371582 10.992899894714355 40.3690071105957
v 5.686886787414551 8.600000381469727 37.425384521484375
v 3.117809772491455 11.007100105285645 40.070953369140625
v 3.2916877269744873 10.992899894714355 37.2763557434082
v 3.984389543533325 12.688279151916504 37.319454193115234
v 3.810511589050293 9.311720848083496 40.114051818847656
v 5.5130085945129395 8.600000381469727 40.21997833251953
v 3.2916877269744873 10.992899894714355 37.2763557434082
v 3.117809772491455 11.007100105285645 40.070953369140625
v 3.810511589050293 9.311720848083496 40.114051818847656
v 3.2916877269744873 10.992899894714355 37.2763557434082
v 5.5130085945129395 -8.600000381469727 40.21997833251953
v 5.686886787414551 -8.600000381469727 37.425384521484375
v 8.082085609436035 -10.992899894714355 37.57440948486328
v 3.117809772491455 -10.992899894714355 40.070953369140625
v 3.984389543533325 -9.311720848083496 37.319454193115234
v 5.686886787414551 -8.600000381469727 37.425384521484375
v 3.117809772491455 -10.992899894714355 40.070953369140625
v 5.686886787414551 -8.600000381469727 37.425384521484375
v 5.5130085945129395 -8.600000381469727 40.21997833251953
v 27.893943786621094 9.136389595451686e-15 38.807090759277344
v 7.389383792877197 -12.688279151916504 37.53131103515625
v 8.082085609436035 -10.992899894714355 37.57440948486328
v 7.908207893371582 -11.007100105285645 40.3690071105957
v 8.082085609436035 -10.992899894714355 37.57440948486328
v 7.389383792877197 -12.688279151916504 37.53131103515625
v 27.893943786621094 9.136389595451686e-15 38.807090759277344
v 8.082085609436035 -10.992899894714355 37.57440948486328
v 28.293190002441406 10.994688987731934 38.831932067871094
v 7.215506076812744 -9.311720848083496 40.32590866088867
v 5.5130085945129395 -8.600000381469727 40.21997833251953
v 8.082085609436035 -10.992899894714355 37.57440948486328
v 7.908207893371582 -11.007100105285645 40.3690071105957
v 7.215506076812744 -9.311720848083496 40.32590866088867
v 8.082085609436035 -10.992899894714355 37.57440948486328
v 28.293190002441406 -11.005311012268066 38.831932067871094
v 5.686886787414551 -13.399999618530273 37.425384521484375
v 7.389383792877197 -12.688279151916504 37.53131103515625
v 7.908207893371582 -11.007100105285645 40.3690071105957
v 7.389383792877197 -12.688279151916504 37.53131103515625
v 5.686886787414551 -13.399999618530273 37.425384521484375
v 27.893943786621094 9.136389595451686e-15 38.807090759277344
v 28.293190002441406 -11.005311012268066 38.831932067871094
v 7.389383792877197 -12.688279151916504 37.53131103515625
v 5.5130085945129395 -13.399999618530273 40.21997833251953
v 5.686886787414551 -13.399999618530273 37.425384521484375
v 3.2916877269744873 -11.007100105285645 37.2763557434082
v 5.5130085945129395 -13.399999618530273 40.21997833251953
v 7.908207893371582 -11.007100105285645 40.3690071105957
v 5.686886787414551 -13.399999618530273 37.425384521484375
v 3.117809772491455 -10.992899894714355 40.070953369140625
v 3.2916877269744873 -11.007100105285645 37.2763557434082
v 3.984389543533325 -9.311720848083496 37.319454193115234
v 3.810511589050293 -12.688279151916504 40.114051818847656
v 5.5130085945129395 -13.399999618530273 40.21997833251953
v 3.2916877269744873 -11.007100105285645 37.2763557434082
v 3.117809772491455 -10.992899894714355 40.070953369140625
v 3.810511589050293 -12.688279151916504 40.114051818847656
v 3.2916877269744873 -11.007100105285645 37.2763557434082
v 29.197525024414062 4.874912261962891 38.88819885253906
v 28.293190002441406 10.994688987731934 38.831932067871094
v 29.640565872192383 9.649999618530273 38.915767669677734
v 29.620384216308594 9.975000381469727 39.24013900756836
v 29.640565872192383 9.649999618530273 38.915767669677734
v 28.293190002441406 10.994688987731934 38.831932067871094
v 29.197525024414062 4.874912261962891 38.88819885253906
v 29.640565872192383 9.649999618530273 38.915767669677734
v 30.98794174194336 11.005311012268066 38.99959945678711
v 30.64340591430664 11 39.30379104614258
v 30.98794174194336 11.005311012268066 38.99959945678711
v 29.640565872192383 9.649999618530273 38.915767669677734
v 30.64340591430664 11 39.30379104614258
v 29.640565872192383 9.649999618530273 38.915767669677734
v 29.620384216308594 9.975000381469727 39.24013900756836
v 28.597362518310547 11 39.17648696899414
v 28.293190002441406 10.994688987731934 38.831932067871094
v 29.640565872192383 12.350000381469727 38.915767669677734
v 29.197525024414062 4.874912261962891 38.88819885253906
v 27.893943786621094 9.136389595451686e-15 38.807090759277344
v 28.293190002441406 10.994688987731934 38.831932067871094
v 28.597362518310547 11 39.17648696899414
v 29.620384216308594 9.975000381469727 39.24013900756836
v 28.293190002441406 10.994688987731934 38.831932067871094
v 29.620384216308594 12.024999618530273 39.24013900756836
v 29.640565872192383 12.350000381469727 38.915767669677734
v 30.98794174194336 11.005311012268066 38.99959945678711
v 29.620384216308594 12.024999618530273 39.24013900756836
v 28.597362518310547 11 39.17648696899414
v 29.640565872192383 12.350000381469727 38.915767669677734
v 32.771034240722656 8.450235366821289 39.11054229736328
v 29.197525024414062 4.874912261962891 38.88819885253906
v 30.98794174194336 11.005311012268066 38.99959945678711
v 30.64340591430664 11 39.30379104614258
v 29.620384216308594 12.024999618530273 39.24013900756836
v 30.98794174194336 11.005311012268066 38.99959945678711
v 29.620384216308594 -12.024999618530273 39.24013900756836
v 29.640565872192383 -12.350000381469727 38.915767669677734
v 28.293190002441406 -11.005311012268066 38.831932067871094
v 42.479217529296875 -8.450235366821289 39.714576721191406
v 29.640565872192383 -12.350000381469727 38.915767669677734
v 30.98794174194336 -10.994688987731934 38.99959945678711
v 30.64340591430664 -11 39.30379104614258
v 30.98794174194336 -10.994688987731934 38.99959945678711
v 29.640565872192383 -12.350000381469727 38.915767669677734
v 30.64340591430664 -11 39.30379104614258
v 29.640565872192383 -12.350000381469727 38.915767669677734
v 29.620384216308594 -12.024999618530273 39.24013900756836
v 27.893943786621094 9.136389595451686e-15 38.807090759277344
v 29.640565872192383 -9.649999618530273 38.915767669677734
v 28.293190002441406 -11.005311012268066 38.831932067871094
v 28.597362518310547 -11 39.17648696899414
v 28.293190002441406 -11.005311012268066 38.831932067871094
v 29.640565872192383 -9.649999618530273 38.915767669677734
v 28.597362518310547 -11 39.17648696899414
v 29.620384216308594 -12.024999618530273 39.24013900756836
v 28.293190002441406 -11.005311012268066 38.831932067871094
v 32.7604866027832 -8.444174766540527 39.109886169433594
v 30.98794174194336 -10.994688987731934 38.99959945678711
v 29.640565872192383 -9.649999618530273 38.915767669677734
v 29.620384216308594 -9.975000381469727 39.24013900756836
v 29.640565872192383 -9.649999618530273 38.915767669677734
v 30.98794174194336 -10.994688987731934 38.99959945678711
v 32.7604866027832 -8.444174766540527 39.109886169433594
v 29.640565872192383 -9.649999618530273 38.915767669677734
v 27.893943786621094 9.136389595451686e-15 38.807090759277344
v 29.620384216308594 -9.975000381469727 39.24013900756836
v 28.597362518310547 -11 39.17648696899414
v 29.640565872192383 -9.649999618530273 38.915767669677734
v 32.7604866027832 -8.444174766540527 39.109886169433594
v 42.479217529296875 -8.450235366821289 39.714576721191406
v 30.98794174194336 -10.994688987731934 38.99959945678711
v 30.64340591430664 -11 39.30379104614258
v 29.620384216308594 -9.975000381469727 39.24013900756836
v 30.98794174194336 -10.994688987731934 38.99959945678711
v 45.43580627441406 13.399999618530273 42.703948974609375
v 45.609683990478516 13.399999618530273 39.90935516357422
v 48.004886627197266 11.007100105285645 40.05838394165039
v 32.771034240722656 8.450235366821289 39.11054229736328
v 45.609683990478516 13.399999618530273 39.90935516357422
v 43.907188415527344 12.688279151916504 39.80342483520508
v 43.04060745239258 11.007100105285645 42.55492401123047
v 43.907188415527344 12.688279151916504 39.80342483520508
v 45.609683990478516 13.399999618530273 39.90935516357422
v 43.04060745239258 11.007100105285645 42.55492401123047
v 45.609683990478516 13.399999618530273 39.90935516357422
v 45.43580627441406 13.399999618530273 42.703948974609375
v 47.35630798339844 8.741939057409567e-15 40.018028259277344
v 47.31218338012695 9.311720848083496 40.015281677246094
v 48.004886627197266 11.007100105285645 40.05838394165039
v 47.83100509643555 10.992899894714355 42.85297775268555
v 48.004886627197266 11.007100105285645 40.05838394165039
v 47.31218338012695 9.311720848083496 40.015281677246094
v 47.1383056640625 12.688279151916504 42.809879302978516
v 45.43580627441406 13.399999618530273 42.703948974609375
v 48.004886627197266 11.007100105285645 40.05838394165039
v 47.83100509643555 10.992899894714355 42.85297775268555
v 47.1383056640625 12.688279151916504 42.809879302978516
v 48.004886627197266 11.007100105285645 40.05838394165039
v 47.35630798339844 8.741939057409567e-15 40.018028259277344
v 45.609683990478516 8.600000381469727 39.90935516357422
v 47.31218338012695 9.311720848083496 40.015281677246094
v 47.83100509643555 10.992899894714355 42.85297775268555
v 47.31218338012695 9.311720848083496 40.015281677246094
v 45.609683990478516 8.600000381469727 39.90935516357422
v 42.48976516723633 8.444174766540527 39.71523666381836
v 43.21448516845703 10.992899894714355 39.76032638549805
v 45.609683990478516 8.600000381469727 39.90935516357422
v 45.43580627441406 8.600000381469727 42.703948974609375
v 45.609683990478516 8.600000381469727 39.90935516357422
v 43.21448516845703 10.992899894714355 39.76032638549805
v 47.35630798339844 8.741939057409567e-15 40.018028259277344
v 42.48976516723633 8.444174766540527 39.71523666381836
v 45.609683990478516 8.600000381469727 39.90935516357422
v 45.43580627441406 8.600000381469727 42.703948974609375
v 47.83100509643555 10.992899894714355 42.85297775268555
v 45.609683990478516 8.600000381469727 39.90935516357422
v 32.771034240722656 8.450235366821289 39.11054229736328
v 43.907188415527344 12.688279151916504 39.80342483520508
v 43.21448516845703 10.992899894714355 39.76032638549805
v 43.04060745239258 11.007100105285645 42.55492401123047
v 43.21448516845703 10.992899894714355 39.76032638549805
v 43.907188415527344 12.688279151916504 39.80342483520508
v 42.48976516723633 8.444174766540527 39.71523666381836
v 32.771034240722656 8.450235366821289 39.11054229736328
v 43.21448516845703 10.992899894714355 39.76032638549805
v 43.73331069946289 9.311720848083496 42.5980224609375
v 45.43580627441406 8.600000381469727 42.703948974609375
v 43.21448516845703 10.992899894714355 39.76032638549805
v 43.04060745239258 11.007100105285645 42.55492401123047
v 43.73331069946289 9.311720848083496 42.5980224609375
v 43.21448516845703 10.992899894714355 39.76032638549805
v 28.005722045898438 1.0598311711205143e-14 37.01056671142578
v 27.893943786621094 9.136389595451686e-15 38.807090759277344
v 29.197525024414062 4.874912261962891 38.88819885253906
v 32.871315002441406 -8.443747520446777 37.31330108642578
v 32.7604866027832 -8.444174766540527 39.109886169433594
v 27.893943786621094 9.136389595451686e-15 38.807090759277344
v 32.871315002441406 -8.443747520446777 37.31330108642578
v 27.893943786621094 9.136389595451686e-15 38.807090759277344
v 28.005722045898438 1.0598311711205143e-14 37.01056671142578
v 32.871315002441406 8.443747520446777 37.31330108642578
v 29.197525024414062 4.874912261962891 38.88819885253906
v 32.771034240722656 8.450235366821289 39.11054229736328
v 32.871315002441406 8.443747520446777 37.31330108642578
v 28.005722045898438 1.0598311711205143e-14 37.01056671142578
v 29.197525024414062 4.874912261962891 38.88819885253906
v 32.871315002441406 8.443747520446777 37.31330108642578
v 32.771034240722656 8.450235366821289 39.11054229736328
v 42.48976516723633 8.444174766540527 39.71523666381836
v 42.60249710083008 8.443747520446777 37.91876983642578
v 42.48976516723633 8.444174766540527 39.71523666381836
v 47.35630798339844 8.741939057409567e-15 40.018028259277344
v 42.60249710083008 8.443747520446777 37.91876983642578
v 32.871315002441406 8.443747520446777 37.31330108642578
v 42.48976516723633 8.444174766540527 39.71523666381836
v 47.46808624267578 1.769837720821954e-9 38.221500396728516
v 47.35630798339844 8.741939057409567e-15 40.018028259277344
v 46.05272674560547 -4.874912261962891 39.936920166015625
v 42.60249710083008 8.443747520446777 37.91876983642578
v 47.35630798339844 8.741939057409567e-15 40.018028259277344
v 47.46808624267578 1.769837720821954e-9 38.221500396728516
v 42.60249710083008 -8.443747520446777 37.91876983642578
v 46.05272674560547 -4.874912261962891 39.936920166015625
v 42.479217529296875 -8.450235366821289 39.714576721191406
v 42.60249710083008 -8.443747520446777 37.91876983642578
v 47.46808624267578 1.769837720821954e-9 38.221500396728516
v 46.05272674560547 -4.874912261962891 39.936920166015625
v 42.60249710083008 -8.443747520446777 37.91876983642578
v 42.479217529296875 -8.450235366821289 39.714576721191406
v 32.7604866027832 -8.444174766540527 39.109886169433594
v 42.60249710083008 -8.443747520446777 37.91876983642578
v 32.7604866027832 -8.444174766540527 39.109886169433594
v 32.871315002441406 -8.443747520446777 37.31330108642578
v 6.903488636016846 14.25 60.545555114746094
v 4.414459705352783 14.25 37.746986389160156
v 2.3527636528015137 14.25 70.8829116821289
v 0.35662370920181274 12.25 70.75871276855469
v 2.3527636528015137 14.25 70.8829116821289
v 4.414459705352783 14.25 37.746986389160156
v 33.03888702392578 14.25 48.7958869934082
v 4.414459705352783 14.25 37.746986389160156
v 31.602359771728516 14.25 50.05909729003906
v 30.857168197631836 14.25 62.03593826293945
v 31.602359771728516 14.25 50.05909729003906
v 4.414459705352783 14.25 37.746986389160156
v 7.648680210113525 14.25 48.56871795654297
v 4.414459705352783 14.25 37.746986389160156
v 6.903488636016846 14.25 60.545555114746094
v 9.08520793914795 14.25 47.305503845214844
v 4.414459705352783 14.25 37.746986389160156
v 7.648680210113525 14.25 48.56871795654297
v 9.08520793914795 14.25 47.305503845214844
v 10.34346866607666 14.25 48.736385345458984
v 4.414459705352783 14.25 37.746986389160156
v 0.35662370920181274 12.25 70.75871276855469
v 4.414459705352783 14.25 37.746986389160156
v 2.4183194637298584 12.25 37.62278747558594
v 10.34346866607666 14.25 48.736385345458984
v 14.579120635986328 14.25 71.64362335205078
v 15.082124710083008 14.25 63.559261322021484
v 15.082124710083008 9.399999618530273 63.559261322021484
v 15.082124710083008 14.25 63.559261322021484
v 14.579120635986328 14.25 71.64362335205078
v 6.903488636016846 14.25 60.545555114746094
v 2.3527636528015137 14.25 70.8829116821289
v 14.579120635986328 14.25 71.64362335205078
v 14.554281234741211 13.850000381469727 72.04285430908203
v 14.579120635986328 14.25 71.64362335205078
v 2.3527636528015137 14.25 70.8829116821289
v 8.161749839782715 14.25 61.976436614990234
v 6.903488636016846 14.25 60.545555114746094
v 14.579120635986328 14.25 71.64362335205078
v 9.598278045654297 14.25 60.71322250366211
v 8.161749839782715 14.25 61.976436614990234
v 14.579120635986328 14.25 71.64362335205078
v 10.34346866607666 14.25 48.736385345458984
v 9.598278045654297 14.25 60.71322250366211
v 14.579120635986328 14.25 71.64362335205078
v 14.554281234741211 13.850000381469727 72.04285430908203
v 15.082124710083008 9.399999618530273 63.559261322021484
v 14.579120635986328 14.25 71.64362335205078
v 2.4932897090911865 13.850000381469727 71.29242706298828
v 2.3527636528015137 14.25 70.8829116821289
v 0.35662370920181274 12.25 70.75871276855469
v 14.554281234741211 13.850000381469727 72.04285430908203
v 2.3527636528015137 14.25 70.8829116821289
v 2.4932897090911865 13.850000381469727 71.29242706298828
v 32.293697357177734 14.25 60.772727966308594
v 32.860618591308594 14.25 51.4899787902832
v 31.602359771728516 14.25 50.05909729003906
v 31.926733016967773 13.925000190734863 50.079280853271484
v 31.602359771728516 14.25 50.05909729003906
v 32.860618591308594 14.25 51.4899787902832
v 33.013404846191406 13.925000190734863 49.119911193847656
v 33.03888702392578 14.25 48.7958869934082
v 31.602359771728516 14.25 50.05909729003906
v 32.293697357177734 14.25 60.772727966308594
v 31.602359771728516 14.25 50.05909729003906
v 30.857168197631836 14.25 62.03593826293945
v 33.013404846191406 13.925000190734863 49.119911193847656
v 31.602359771728516 14.25 50.05909729003906
v 31.926733016967773 13.925000190734863 50.079280853271484
v 33.55195617675781 14.25 62.20360565185547
v 34.297149658203125 14.25 50.226768493652344
v 32.860618591308594 14.25 51.4899787902832
v 32.88610076904297 13.925000190734863 51.16595458984375
v 32.860618591308594 14.25 51.4899787902832
v 34.297149658203125 14.25 50.226768493652344
v 32.293697357177734 14.25 60.772727966308594
v 33.55195617675781 14.25 62.20360565185547
v 32.860618591308594 14.25 51.4899787902832
v 32.88610076904297 13.925000190734863 51.16595458984375
v 31.926733016967773 13.925000190734863 50.079280853271484
v 32.860618591308594 14.25 51.4899787902832
v 33.972774505615234 13.925000190734863 50.20658493041992
v 34.297149658203125 14.25 50.226768493652344
v 33.03888702392578 14.25 48.7958869934082
v 33.972774505615234 13.925000190734863 50.20658493041992
v 32.88610076904297 13.925000190734863 51.16595458984375
v 34.297149658203125 14.25 50.226768493652344
v 33.013404846191406 13.925000190734863 49.119911193847656
v 33.972774505615234 13.925000190734863 50.20658493041992
v 33.03888702392578 14.25 48.7958869934082
v 7.227861404418945 13.925000190734863 60.565738677978516
v 6.903488636016846 14.25 60.545555114746094
v 8.161749839782715 14.25 61.976436614990234
v 7.648680210113525 14.25 48.56871795654297
v 6.903488636016846 14.25 60.545555114746094
v 8.340017318725586 14.25 59.282344818115234
v 8.314535140991211 13.925000190734863 59.60636901855469
v 8.340017318725586 14.25 59.282344818115234
v 6.903488636016846 14.25 60.545555114746094
v 8.314535140991211 13.925000190734863 59.60636901855469
v 6.903488636016846 14.25 60.545555114746094
v 7.227861404418945 13.925000190734863 60.565738677978516
v 8.18723201751709 13.925000190734863 61.65241241455078
v 8.161749839782715 14.25 61.976436614990234
v 9.598278045654297 14.25 60.71322250366211
v 8.18723201751709 13.925000190734863 61.65241241455078
v 7.227861404418945 13.925000190734863 60.565738677978516
v 8.161749839782715 14.25 61.976436614990234
v 8.906940460205078 14.25 49.999595642089844
v 8.340017318725586 14.25 59.282344818115234
v 9.598278045654297 14.25 60.71322250366211
v 9.273904800415039 13.925000190734863 60.69304275512695
v 9.598278045654297 14.25 60.71322250366211
v 8.340017318725586 14.25 59.282344818115234
v 10.34346866607666 14.25 48.736385345458984
v 8.906940460205078 14.25 49.999595642089844
v 9.598278045654297 14.25 60.71322250366211
v 9.273904800415039 13.925000190734863 60.69304275512695
v 8.18723201751709 13.925000190734863 61.65241241455078
v 9.598278045654297 14.25 60.71322250366211
v 8.906940460205078 14.25 49.999595642089844
v 7.648680210113525 14.25 48.56871795654297
v 8.340017318725586 14.25 59.282344818115234
v 8.314535140991211 13.925000190734863 59.60636901855469
v 9.273904800415039 13.925000190734863 60.69304275512695
v 8.340017318725586 14.25 59.282344818115234
v 7.973052978515625 13.925000190734863 48.588897705078125
v 7.648680210113525 14.25 48.56871795654297
v 8.906940460205078 14.25 49.999595642089844
v 9.05972671508789 13.925000190734863 47.6295280456543
v 9.08520793914795 14.25 47.305503845214844
v 7.648680210113525 14.25 48.56871795654297
v 9.05972671508789 13.925000190734863 47.6295280456543
v 7.648680210113525 14.25 48.56871795654297
v 7.973052978515625 13.925000190734863 48.588897705078125
v 8.932422637939453 13.925000190734863 49.67557144165039
v 8.906940460205078 14.25 49.999595642089844
v 10.34346866607666 14.25 48.736385345458984
v 8.932422637939453 13.925000190734863 49.67557144165039
v 7.973052978515625 13.925000190734863 48.588897705078125
v 8.906940460205078 14.25 49.999595642089844
v 10.019096374511719 13.925000190734863 48.71620178222656
v 10.34346866607666 14.25 48.736385345458984
v 9.08520793914795 14.25 47.305503845214844
v 10.019096374511719 13.925000190734863 48.71620178222656
v 8.932422637939453 13.925000190734863 49.67557144165039
v 10.34346866607666 14.25 48.736385345458984
v 9.05972671508789 13.925000190734863 47.6295280456543
v 10.019096374511719 13.925000190734863 48.71620178222656
v 9.08520793914795 14.25 47.305503845214844
v 31.181541442871094 13.925000190734863 62.056121826171875
v 30.857168197631836 14.25 62.03593826293945
v 32.11542892456055 14.25 63.466819763183594
v 32.26821517944336 13.925000190734863 61.09675216674805
v 32.293697357177734 14.25 60.772727966308594
v 30.857168197631836 14.25 62.03593826293945
v 32.26821517944336 13.925000190734863 61.09675216674805
v 30.857168197631836 14.25 62.03593826293945
v 31.181541442871094 13.925000190734863 62.056121826171875
v 32.14091110229492 13.925000190734863 63.14279556274414
v 32.11542892456055 14.25 63.466819763183594
v 33.55195617675781 14.25 62.20360565185547
v 32.14091110229492 13.925000190734863 63.14279556274414
v 31.181541442871094 13.925000190734863 62.056121826171875
v 32.11542892456055 14.25 63.466819763183594
v 33.22758483886719 13.925000190734863 62.18342590332031
v 33.55195617675781 14.25 62.20360565185547
v 32.293697357177734 14.25 60.772727966308594
v 33.22758483886719 13.925000190734863 62.18342590332031
v 32.14091110229492 13.925000190734863 63.14279556274414
v 33.55195617675781 14.25 62.20360565185547
v 32.26821517944336 13.925000190734863 61.09675216674805
v 33.22758483886719 13.925000190734863 62.18342590332031
v 32.293697357177734 14.25 60.772727966308594
v 16.75003433227539 9.399999618530273 72.17947387695312
v 16.97359275817871 9.399999618530273 68.58641815185547
v 15.082124710083008 9.399999618530273 63.559261322021484
v 14.554281234741211 9.399999618530273 72.04285430908203
v 16.75003433227539 9.399999618530273 72.17947387695312
v 15.082124710083008 9.399999618530273 63.559261322021484
v 14.554281234741211 13.850000381469727 72.04285430908203
v 14.554281234741211 9.399999618530273 72.04285430908203
v 15.082124710083008 9.399999618530273 63.559261322021484
v 20.04366683959961 6.099999904632568 72.3843994140625
v 16.97359275817871 9.399999618530273 68.58641815185547
v 16.75003433227539 9.399999618530273 72.17947387695312
v 20.04366683959961 6.099999904632568 72.3843994140625
v 17.347980499267578 9 69.01049041748047
v 16.97359275817871 9.399999618530273 68.58641815185547
v 3.5755114555358887 8.600000381469727 71.3597640991211
v 16.75003433227539 9.399999618530273 72.17947387695312
v 14.554281234741211 9.399999618530273 72.04285430908203
v 3.5755114555358887 8.600000381469727 71.3597640991211
v 20.04366683959961 6.099999904632568 72.3843994140625
v 16.75003433227539 9.399999618530273 72.17947387695312
v 5.970710277557373 10.992899894714355 71.5087890625
v 14.554281234741211 9.399999618530273 72.04285430908203
v 14.554281234741211 13.850000381469727 72.04285430908203
v 5.970710277557373 10.992899894714355 71.5087890625
v 3.5755114555358887 8.600000381469727 71.3597640991211
v 14.554281234741211 9.399999618530273 72.04285430908203
v 20.04366683959961 6.099999904632568 72.3843994140625
v 20.24238395690918 6.099999904632568 69.1905746459961
v 17.347980499267578 9 69.01049041748047
v 16.75003433227539 -9.399999618530273 72.17947387695312
v 17.347980499267578 -9 69.01049041748047
v 20.24238395690918 -6.099999904632568 69.1905746459961
v 16.75003433227539 -9.399999618530273 72.17947387695312
v 16.97359275817871 -9.399999618530273 68.58641815185547
v 17.347980499267578 -9 69.01049041748047
v 20.04366683959961 -6.099999904632568 72.3843994140625
v 20.24238395690918 -6.099999904632568 69.1905746459961
v 20.24238395690918 6.099999904632568 69.1905746459961
v 20.04366683959961 -6.099999904632568 72.3843994140625
v 16.75003433227539 -9.399999618530273 72.17947387695312
v 20.24238395690918 -6.099999904632568 69.1905746459961
v 20.04366683959961 -6.099999904632568 72.3843994140625
v 20.24238395690918 6.099999904632568 69.1905746459961
v 20.04366683959961 6.099999904632568 72.3843994140625
v 14.554281234741211 -9.399999618530273 72.04285430908203
v 15.082124710083008 -9.399999618530273 63.559261322021484
v 16.97359275817871 -9.399999618530273 68.58641815185547
v 16.75003433227539 -9.399999618530273 72.17947387695312
v 14.554281234741211 -9.399999618530273 72.04285430908203
v 16.97359275817871 -9.399999618530273 68.58641815185547
v 15.082124710083008 -14.25 63.559261322021484
v 15.082124710083008 -9.399999618530273 63.559261322021484
v 14.554281234741211 -9.399999618530273 72.04285430908203
v 20.04366683959961 -6.099999904632568 72.3843994140625
v 14.554281234741211 -9.399999618530273 72.04285430908203
v 16.75003433227539 -9.399999618530273 72.17947387695312
v 14.579120635986328 -14.25 71.64362335205078
v 15.082124710083008 -14.25 63.559261322021484
v 14.554281234741211 -9.399999618530273 72.04285430908203
v 14.554281234741211 -13.850000381469727 72.04285430908203
v 14.579120635986328 -14.25 71.64362335205078
v 14.554281234741211 -9.399999618530273 72.04285430908203
v 5.278008460998535 -9.311720848083496 71.46569061279297
v 14.554281234741211 -9.399999618530273 72.04285430908203
v 20.04366683959961 -6.099999904632568 72.3843994140625
v 2.4932897090911865 -13.850000381469727 71.29242706298828
v 14.554281234741211 -13.850000381469727 72.04285430908203
v 14.554281234741211 -9.399999618530273 72.04285430908203
v 3.5755114555358887 -13.399999618530273 71.3597640991211
v 2.4932897090911865 -13.850000381469727 71.29242706298828
v 14.554281234741211 -9.399999618530273 72.04285430908203
v 5.970710277557373 -11.007100105285645 71.5087890625
v 3.5755114555358887 -13.399999618530273 71.3597640991211
v 14.554281234741211 -9.399999618530273 72.04285430908203
v 5.278008460998535 -9.311720848083496 71.46569061279297
v 5.970710277557373 -11.007100105285645 71.5087890625
v 14.554281234741211 -9.399999618530273 72.04285430908203
v 14.579120635986328 -14.25 71.64362335205078
v 2.3527636528015137 -14.25 70.8829116821289
v 15.082124710083008 -14.25 63.559261322021484
v 9.598278045654297 -14.25 60.71322250366211
v 15.082124710083008 -14.25 63.559261322021484
v 2.3527636528015137 -14.25 70.8829116821289
v 33.02828598022461 -14.25 48.79522705078125
v 31.602359771728516 -14.25 50.05909729003906
v 15.082124710083008 -14.25 63.559261322021484
v 9.598278045654297 -14.25 60.71322250366211
v 33.02828598022461 -14.25 48.79522705078125
v 15.082124710083008 -14.25 63.559261322021484
v 7.648680210113525 -14.25 48.56871795654297
v 2.3527636528015137 -14.25 70.8829116821289
v 4.414459705352783 -14.25 37.746986389160156
v 2.4183194637298584 -12.25 37.62278747558594
v 4.414459705352783 -14.25 37.746986389160156
v 2.3527636528015137 -14.25 70.8829116821289
v 9.074606895446777 -14.25 47.30484390258789
v 7.648680210113525 -14.25 48.56871795654297
v 4.414459705352783 -14.25 37.746986389160156
v 2.4932897090911865 -13.850000381469727 71.29242706298828
v 2.3527636528015137 -14.25 70.8829116821289
v 14.579120635986328 -14.25 71.64362335205078
v 8.172350883483887 -14.25 61.97709655761719
v 9.598278045654297 -14.25 60.71322250366211
v 2.3527636528015137 -14.25 70.8829116821289
v 6.903488636016846 -14.25 60.545555114746094
v 8.172350883483887 -14.25 61.97709655761719
v 2.3527636528015137 -14.25 70.8829116821289
v 7.648680210113525 -14.25 48.56871795654297
v 6.903488636016846 -14.25 60.545555114746094
v 2.3527636528015137 -14.25 70.8829116821289
v 0.35662370920181274 -12.25 70.75871276855469
v 2.4183194637298584 -12.25 37.62278747558594
v 2.3527636528015137 -14.25 70.8829116821289
v 0.7310119867324829 -12.084314346313477 71.18277740478516
v 0.35662370920181274 -12.25 70.75871276855469
v 2.3527636528015137 -14.25 70.8829116821289
v 0.7310119867324829 -12.084314346313477 71.18277740478516
v 2.3527636528015137 -14.25 70.8829116821289
v 2.4932897090911865 -13.850000381469727 71.29242706298828
v 2.4932897090911865 -13.850000381469727 71.29242706298828
v 14.579120635986328 -14.25 71.64362335205078
v 14.554281234741211 -13.850000381469727 72.04285430908203
v 32.28309631347656 -14.25 60.77206802368164
v 32.87122344970703 -14.25 51.490638732910156
v 34.297149658203125 -14.25 50.226768493652344
v 33.972774505615234 -13.925000190734863 50.20658493041992
v 34.297149658203125 -14.25 50.226768493652344
v 32.87122344970703 -14.25 51.490638732910156
v 33.013404846191406 -13.925000190734863 49.119911193847656
v 33.02828598022461 -14.25 48.79522705078125
v 34.297149658203125 -14.25 50.226768493652344
v 32.28309631347656 -14.25 60.77206802368164
v 34.297149658203125 -14.25 50.226768493652344
v 33.55195617675781 -14.25 62.20360565185547
v 33.013404846191406 -13.925000190734863 49.119911193847656
v 34.297149658203125 -14.25 50.226768493652344
v 33.972774505615234 -13.925000190734863 50.20658493041992
v 30.857168197631836 -14.25 62.03593826293945
v 31.602359771728516 -14.25 50.05909729003906
v 32.87122344970703 -14.25 51.490638732910156
v 32.88610076904297 -13.925000190734863 51.16595458984375
v 32.87122344970703 -14.25 51.490638732910156
v 31.602359771728516 -14.25 50.05909729003906
v 32.28309631347656 -14.25 60.77206802368164
v 30.857168197631836 -14.25 62.03593826293945
v 32.87122344970703 -14.25 51.490638732910156
v 32.88610076904297 -13.925000190734863 51.16595458984375
v 33.972774505615234 -13.925000190734863 50.20658493041992
v 32.87122344970703 -14.25 51.490638732910156
v 31.926733016967773 -13.925000190734863 50.079280853271484
v 31.602359771728516 -14.25 50.05909729003906
v 33.02828598022461 -14.25 48.79522705078125
v 31.926733016967773 -13.925000190734863 50.079280853271484
v 32.88610076904297 -13.925000190734863 51.16595458984375
v 31.602359771728516 -14.25 50.05909729003906
v 33.013404846191406 -13.925000190734863 49.119911193847656
v 31.926733016967773 -13.925000190734863 50.079280853271484
v 33.02828598022461 -14.25 48.79522705078125
v 9.273904800415039 -13.925000190734863 60.69304275512695
v 9.598278045654297 -14.25 60.71322250366211
v 8.172350883483887 -14.25 61.97709655761719
v 10.34346866607666 -14.25 48.736385345458984
v 9.598278045654297 -14.25 60.71322250366211
v 8.329415321350098 -14.25 59.28168487548828
v 8.314535140991211 -13.925000190734863 59.60636901855469
v 8.329415321350098 -14.25 59.28168487548828
v 9.598278045654297 -14.25 60.71322250366211
v 8.314535140991211 -13.925000190734863 59.60636901855469
v 9.598278045654297 -14.25 60.71322250366211
v 9.273904800415039 -13.925000190734863 60.69304275512695
v 8.18723201751709 -13.925000190734863 61.65241241455078
v 8.172350883483887 -14.25 61.97709655761719
v 6.903488636016846 -14.25 60.545555114746094
v 8.18723201751709 -13.925000190734863 61.65241241455078
v 9.273904800415039 -13.925000190734863 60.69304275512695
v 8.172350883483887 -14.25 61.97709655761719
v 8.917542457580566 -14.25 50.0002555847168
v 8.329415321350098 -14.25 59.28168487548828
v 6.903488636016846 -14.25 60.545555114746094
v 7.227861404418945 -13.925000190734863 60.565738677978516
v 6.903488636016846 -14.25 60.545555114746094
v 8.329415321350098 -14.25 59.28168487548828
v 7.648680210113525 -14.25 48.56871795654297
v 8.917542457580566 -14.25 50.0002555847168
v 6.903488636016846 -14.25 60.545555114746094
v 7.227861404418945 -13.925000190734863 60.565738677978516
v 8.18723201751709 -13.925000190734863 61.65241241455078
v 6.903488636016846 -14.25 60.545555114746094
v 8.917542457580566 -14.25 50.0002555847168
v 10.34346866607666 -14.25 48.736385345458984
v 8.329415321350098 -14.25 59.28168487548828
v 8.314535140991211 -13.925000190734863 59.60636901855469
v 7.227861404418945 -13.925000190734863 60.565738677978516
v 8.329415321350098 -14.25 59.28168487548828
v 10.019096374511719 -13.925000190734863 48.71620178222656
v 10.34346866607666 -14.25 48.736385345458984
v 8.917542457580566 -14.25 50.0002555847168
v 9.05972671508789 -13.925000190734863 47.6295280456543
v 9.074606895446777 -14.25 47.30484390258789
v 10.34346866607666 -14.25 48.736385345458984
v 9.05972671508789 -13.925000190734863 47.6295280456543
v 10.34346866607666 -14.25 48.736385345458984
v 10.019096374511719 -13.925000190734863 48.71620178222656
v 8.932422637939453 -13.925000190734863 49.67557144165039
v 8.917542457580566 -14.25 50.0002555847168
v 7.648680210113525 -14.25 48.56871795654297
v 8.932422637939453 -13.925000190734863 49.67557144165039
v 10.019096374511719 -13.925000190734863 48.71620178222656
v 8.917542457580566 -14.25 50.0002555847168
v 7.973052978515625 -13.925000190734863 48.588897705078125
v 7.648680210113525 -14.25 48.56871795654297
v 9.074606895446777 -14.25 47.30484390258789
v 7.973052978515625 -13.925000190734863 48.588897705078125
v 8.932422637939453 -13.925000190734863 49.67557144165039
v 7.648680210113525 -14.25 48.56871795654297
v 9.05972671508789 -13.925000190734863 47.6295280456543
v 7.973052978515625 -13.925000190734863 48.588897705078125
v 9.074606895446777 -14.25 47.30484390258789
v 33.22758483886719 -13.925000190734863 62.18342590332031
v 33.55195617675781 -14.25 62.20360565185547
v 32.12602996826172 -14.25 63.46747970581055
v 32.26821517944336 -13.925000190734863 61.09675216674805
v 32.28309631347656 -14.25 60.77206802368164
v 33.55195617675781 -14.25 62.20360565185547
v 32.26821517944336 -13.925000190734863 61.09675216674805
v 33.55195617675781 -14.25 62.20360565185547
v 33.22758483886719 -13.925000190734863 62.18342590332031
v 32.14091110229492 -13.925000190734863 63.14279556274414
v 32.12602996826172 -14.25 63.46747970581055
v 30.857168197631836 -14.25 62.03593826293945
v 32.14091110229492 -13.925000190734863 63.14279556274414
v 33.22758483886719 -13.925000190734863 62.18342590332031
v 32.12602996826172 -14.25 63.46747970581055
v 31.181541442871094 -13.925000190734863 62.056121826171875
v 30.857168197631836 -14.25 62.03593826293945
v 32.28309631347656 -14.25 60.77206802368164
v 31.181541442871094 -13.925000190734863 62.056121826171875
v 32.14091110229492 -13.925000190734863 63.14279556274414
v 30.857168197631836 -14.25 62.03593826293945
v 32.26821517944336 -13.925000190734863 61.09675216674805
v 31.181541442871094 -13.925000190734863 62.056121826171875
v 32.28309631347656 -14.25 60.77206802368164
v 1.7600672245025635 -9.350000381469727 48.20233154296875
v 2.4183194637298584 -12.25 37.62278747558594
v 0.35662370920181274 -12.25 70.75871276855469
v 1.843900203704834 -7.994688987731934 46.85495376586914
v 2.4183194637298584 12.25 37.62278747558594
v 2.4183194637298584 -12.25 37.62278747558594
v 1.843900203704834 -7.994688987731934 46.85495376586914
v 2.4183194637298584 -12.25 37.62278747558594
v 1.7600672245025635 -9.350000381469727 48.20233154296875
v 0.9310430884361267 7.994688987731934 61.526546478271484
v 0.35662370920181274 -12.25 70.75871276855469
v 0.35662370920181274 12.25 70.75871276855469
v 0.7310119867324829 12.084314346313477 71.18277740478516
v 0.35662370920181274 12.25 70.75871276855469
v 0.35662370920181274 -12.25 70.75871276855469
v 1.6762343645095825 -8.005311012268066 49.549705505371094
v 1.7600672245025635 -9.350000381469727 48.20233154296875
v 0.35662370920181274 -12.25 70.75871276855469
v 1.0148760080337524 -9.350000381469727 60.179168701171875
v 1.6762343645095825 -8.005311012268066 49.549705505371094
v 0.35662370920181274 -12.25 70.75871276855469
v 0.9310430884361267 -8.005311012268066 61.526546478271484
v 0.35662370920181274 -12.25 70.75871276855469
v 0.9310430884361267 7.994688987731934 61.526546478271484
v 0.9310430884361267 -8.005311012268066 61.526546478271484
v 1.0148760080337524 -9.350000381469727 60.179168701171875
v 0.35662370920181274 -12.25 70.75871276855469
v 0.7310119867324829 -12.084314346313477 71.18277740478516
v 0.7310119867324829 12.084314346313477 71.18277740478516
v 0.35662370920181274 -12.25 70.75871276855469
v 1.0148760080337524 9.350000381469727 60.179168701171875
v 0.35662370920181274 12.25 70.75871276855469
v 2.4183194637298584 12.25 37.62278747558594
v 1.843900203704834 8.005311012268066 46.85495376586914
v 2.4183194637298584 12.25 37.62278747558594
v 1.843900203704834 -7.994688987731934 46.85495376586914
v 1.0987088680267334 8.005311012268066 58.83179473876953
v 1.0148760080337524 9.350000381469727 60.179168701171875
v 2.4183194637298584 12.25 37.62278747558594
v 1.7600672245025635 9.350000381469727 48.20233154296875
v 1.0987088680267334 8.005311012268066 58.83179473876953
v 2.4183194637298584 12.25 37.62278747558594
v 1.843900203704834 8.005311012268066 46.85495376586914
v 1.7600672245025635 9.350000381469727 48.20233154296875
v 2.4183194637298584 12.25 37.62278747558594
v 1.0148760080337524 9.350000381469727 60.179168701171875
v 0.9310430884361267 7.994688987731934 61.526546478271484
v 0.35662370920181274 12.25 70.75871276855469
v 2.4932897090911865 13.850000381469727 71.29242706298828
v 0.35662370920181274 12.25 70.75871276855469
v 0.7310119867324829 12.084314346313477 71.18277740478516
v 2.084439992904663 -9.024999618530273 48.222511291503906
v 1.7600672245025635 -9.350000381469727 48.20233154296875
v 1.6762343645095825 -8.005311012268066 49.549705505371094
v 2.1480917930603027 -8 47.19948959350586
v 1.843900203704834 -7.994688987731934 46.85495376586914
v 1.7600672245025635 -9.350000381469727 48.20233154296875
v 2.1480917930603027 -8 47.19948959350586
v 1.7600672245025635 -9.350000381469727 48.20233154296875
v 2.084439992904663 -9.024999618530273 48.222511291503906
v 1.7600672245025635 6.650000095367432 48.20233154296875
v 1.7600672245025635 -6.650000095367432 48.20233154296875
v 1.6762343645095825 -8.005311012268066 49.549705505371094
v 2.0207881927490234 -8 49.24553298950195
v 1.6762343645095825 -8.005311012268066 49.549705505371094
v 1.7600672245025635 -6.650000095367432 48.20233154296875
v 1.0987088680267334 -7.994688987731934 58.83179473876953
v 1.6762343645095825 -8.005311012268066 49.549705505371094
v 1.0148760080337524 -9.350000381469727 60.179168701171875
v 1.6762343645095825 7.994688987731934 49.549705505371094
v 1.6762343645095825 -8.005311012268066 49.549705505371094
v 1.0987088680267334 -7.994688987731934 58.83179473876953
v 1.6762343645095825 7.994688987731934 49.549705505371094
v 1.7600672245025635 6.650000095367432 48.20233154296875
v 1.6762343645095825 -8.005311012268066 49.549705505371094
v 2.0207881927490234 -8 49.24553298950195
v 2.084439992904663 -9.024999618530273 48.222511291503906
v 1.6762343645095825 -8.005311012268066 49.549705505371094
v 1.843900203704834 8.005311012268066 46.85495376586914
v 1.843900203704834 -7.994688987731934 46.85495376586914
v 1.7600672245025635 -6.650000095367432 48.20233154296875
v 2.084439992904663 -6.974999904632568 48.222511291503906
v 1.7600672245025635 -6.650000095367432 48.20233154296875
v 1.843900203704834 -7.994688987731934 46.85495376586914
v 1.843900203704834 8.005311012268066 46.85495376586914
v 1.7600672245025635 -6.650000095367432 48.20233154296875
v 1.7600672245025635 6.650000095367432 48.20233154296875
v 2.084439992904663 -6.974999904632568 48.222511291503906
v 2.0207881927490234 -8 49.24553298950195
v 1.7600672245025635 -6.650000095367432 48.20233154296875
v 2.1480917930603027 -8 47.19948959350586
v 2.084439992904663 -6.974999904632568 48.222511291503906
v 1.843900203704834 -7.994688987731934 46.85495376586914
v 0.9310430884361267 -8.005311012268066 61.526546478271484
v 0.9310430884361267 7.994688987731934 61.526546478271484
v 1.0148760080337524 6.650000095367432 60.179168701171875
v 1.339248776435852 6.974999904632568 60.1993522644043
v 1.0148760080337524 6.650000095367432 60.179168701171875
v 0.9310430884361267 7.994688987731934 61.526546478271484
v 1.0148760080337524 -6.650000095367432 60.179168701171875
v 1.0148760080337524 6.650000095367432 60.179168701171875
v 1.0987088680267334 8.005311012268066 58.83179473876953
v 1.4029004573822021 8 59.17633056640625
v 1.0987088680267334 8.005311012268066 58.83179473876953
v 1.0148760080337524 6.650000095367432 60.179168701171875
v 1.0148760080337524 -6.650000095367432 60.179168701171875
v 0.9310430884361267 -8.005311012268066 61.526546478271484
v 1.0148760080337524 6.650000095367432 60.179168701171875
v 1.4029004573822021 8 59.17633056640625
v 1.0148760080337524 6.650000095367432 60.179168701171875
v 1.339248776435852 6.974999904632568 60.1993522644043
v 1.2755969762802124 8 61.222373962402344
v 0.9310430884361267 7.994688987731934 61.526546478271484
v 1.0148760080337524 9.350000381469727 60.179168701171875
v 1.2755969762802124 8 61.222373962402344
v 1.339248776435852 6.974999904632568 60.1993522644043
v 0.9310430884361267 7.994688987731934 61.526546478271484
v 1.339248776435852 9.024999618530273 60.1993522644043
v 1.0148760080337524 9.350000381469727 60.179168701171875
v 1.0987088680267334 8.005311012268066 58.83179473876953
v 1.339248776435852 9.024999618530273 60.1993522644043
v 1.2755969762802124 8 61.222373962402344
v 1.0148760080337524 9.350000381469727 60.179168701171875
v 1.0987088680267334 -7.994688987731934 58.83179473876953
v 1.0148760080337524 -6.650000095367432 60.179168701171875
v 1.0987088680267334 8.005311012268066 58.83179473876953
v 1.6762343645095825 7.994688987731934 49.549705505371094
v 1.0987088680267334 -7.994688987731934 58.83179473876953
v 1.0987088680267334 8.005311012268066 58.83179473876953
v 1.7600672245025635 9.350000381469727 48.20233154296875
v 1.6762343645095825 7.994688987731934 49.549705505371094
v 1.0987088680267334 8.005311012268066 58.83179473876953
v 1.4029004573822021 8 59.17633056640625
v 1.339248776435852 9.024999618530273 60.1993522644043
v 1.0987088680267334 8.005311012268066 58.83179473876953
v 1.339248776435852 -9.024999618530273 60.1993522644043
v 1.0148760080337524 -9.350000381469727 60.179168701171875
v 0.9310430884361267 -8.005311012268066 61.526546478271484
v 1.4029004573822021 -8 59.17633056640625
v 1.0987088680267334 -7.994688987731934 58.83179473876953
v 1.0148760080337524 -9.350000381469727 60.179168701171875
v 1.4029004573822021 -8 59.17633056640625
v 1.0148760080337524 -9.350000381469727 60.179168701171875
v 1.339248776435852 -9.024999618530273 60.1993522644043
v 1.2755969762802124 -8 61.222373962402344
v 0.9310430884361267 -8.005311012268066 61.526546478271484
v 1.0148760080337524 -6.650000095367432 60.179168701171875
v 1.2755969762802124 -8 61.222373962402344
v 1.339248776435852 -9.024999618530273 60.1993522644043
v 0.9310430884361267 -8.005311012268066 61.526546478271484
v 1.339248776435852 -6.974999904632568 60.1993522644043
v 1.0148760080337524 -6.650000095367432 60.179168701171875
v 1.0987088680267334 -7.994688987731934 58.83179473876953
v 1.339248776435852 -6.974999904632568 60.1993522644043
v 1.2755969762802124 -8 61.222373962402344
v 1.0148760080337524 -6.650000095367432 60.179168701171875
v 1.4029004573822021 -8 59.17633056640625
v 1.339248776435852 -6.974999904632568 60.1993522644043
v 1.0987088680267334 -7.994688987731934 58.83179473876953
v 2.084439992904663 6.974999904632568 48.222511291503906
v 1.7600672245025635 6.650000095367432 48.20233154296875
v 1.6762343645095825 7.994688987731934 49.549705505371094
v 2.1480917930603027 8 47.19948959350586
v 1.843900203704834 8.005311012268066 46.85495376586914
v 1.7600672245025635 6.650000095367432 48.20233154296875
v 2.1480917930603027 8 47.19948959350586
v 1.7600672245025635 6.650000095367432 48.20233154296875
v 2.084439992904663 6.974999904632568 48.222511291503906
v 2.0207881927490234 8 49.24553298950195
v 1.6762343645095825 7.994688987731934 49.549705505371094
v 1.7600672245025635 9.350000381469727 48.20233154296875
v 2.0207881927490234 8 49.24553298950195
v 2.084439992904663 6.974999904632568 48.222511291503906
v 1.6762343645095825 7.994688987731934 49.549705505371094
v 2.084439992904663 9.024999618530273 48.222511291503906
v 1.7600672245025635 9.350000381469727 48.20233154296875
v 1.843900203704834 8.005311012268066 46.85495376586914
v 2.084439992904663 9.024999618530273 48.222511291503906
v 2.0207881927490234 8 49.24553298950195
v 1.7600672245025635 9.350000381469727 48.20233154296875
v 2.1480917930603027 8 47.19948959350586
v 2.084439992904663 9.024999618530273 48.222511291503906
v 1.843900203704834 8.005311012268066 46.85495376586914
v 3.5755114555358887 13.399999618530273 71.3597640991211
v 2.4932897090911865 13.850000381469727 71.29242706298828
v 0.7310119867324829 12.084314346313477 71.18277740478516
v 1.1803123950958252 11.007100105285645 71.21073150634766
v 0.7310119867324829 12.084314346313477 71.18277740478516
v 0.7310119867324829 -12.084314346313477 71.18277740478516
v 1.1803123950958252 11.007100105285645 71.21073150634766
v 3.5755114555358887 13.399999618530273 71.3597640991211
v 0.7310119867324829 12.084314346313477 71.18277740478516
v 3.5755114555358887 13.399999618530273 71.3597640991211
v 14.554281234741211 13.850000381469727 72.04285430908203
v 2.4932897090911865 13.850000381469727 71.29242706298828
v 5.278008460998535 12.688279151916504 71.46569061279297
v 5.970710277557373 10.992899894714355 71.5087890625
v 14.554281234741211 13.850000381469727 72.04285430908203
v 3.5755114555358887 13.399999618530273 71.3597640991211
v 5.278008460998535 12.688279151916504 71.46569061279297
v 14.554281234741211 13.850000381469727 72.04285430908203
v 3.5755114555358887 -8.600000381469727 71.3597640991211
v 20.04366683959961 -6.099999904632568 72.3843994140625
v 20.04366683959961 6.099999904632568 72.3843994140625
v 3.5755114555358887 8.600000381469727 71.3597640991211
v 3.5755114555358887 -8.600000381469727 71.3597640991211
v 20.04366683959961 6.099999904632568 72.3843994140625
v 3.5755114555358887 -8.600000381469727 71.3597640991211
v 5.278008460998535 -9.311720848083496 71.46569061279297
v 20.04366683959961 -6.099999904632568 72.3843994140625
v 1.8730143308639526 -12.688279151916504 71.25383758544922
v 0.7310119867324829 -12.084314346313477 71.18277740478516
v 2.4932897090911865 -13.850000381469727 71.29242706298828
v 1.8730143308639526 -12.688279151916504 71.25383758544922
v 2.4932897090911865 -13.850000381469727 71.29242706298828
v 3.5755114555358887 -13.399999618530273 71.3597640991211
v 1.8730143308639526 -12.688279151916504 71.25383758544922
v 1.1803123950958252 -10.992899894714355 71.21073150634766
v 0.7310119867324829 -12.084314346313477 71.18277740478516
v 3.5755114555358887 8.600000381469727 71.3597640991211
v 0.7310119867324829 -12.084314346313477 71.18277740478516
v 1.1803123950958252 -10.992899894714355 71.21073150634766
v 1.8730143308639526 9.311720848083496 71.25383758544922
v 0.7310119867324829 -12.084314346313477 71.18277740478516
v 3.5755114555358887 8.600000381469727 71.3597640991211
v 1.8730143308639526 9.311720848083496 71.25383758544922
v 1.1803123950958252 11.007100105285645 71.21073150634766
v 0.7310119867324829 -12.084314346313477 71.18277740478516
v 3.749389410018921 -13.399999618530273 68.56517028808594
v 3.5755114555358887 -13.399999618530273 71.3597640991211
v 5.970710277557373 -11.007100105285645 71.5087890625
v 1.3541903495788574 -11.007100105285645 68.4161376953125
v 1.8730143308639526 -12.688279151916504 71.25383758544922
v 3.5755114555358887 -13.399999618530273 71.3597640991211
v 1.3541903495788574 -11.007100105285645 68.4161376953125
v 3.5755114555358887 -13.399999618530273 71.3597640991211
v 3.749389410018921 -13.399999618530273 68.56517028808594
v 6.144588470458984 -10.992899894714355 68.71419525146484
v 5.970710277557373 -11.007100105285645 71.5087890625
v 5.278008460998535 -9.311720848083496 71.46569061279297
v 5.4518866539001465 -12.688279151916504 68.67109680175781
v 3.749389410018921 -13.399999618530273 68.56517028808594
v 5.970710277557373 -11.007100105285645 71.5087890625
v 6.144588470458984 -10.992899894714355 68.71419525146484
v 5.4518866539001465 -12.688279151916504 68.67109680175781
v 5.970710277557373 -11.007100105285645 71.5087890625
v 6.144588470458984 -10.992899894714355 68.71419525146484
v 5.278008460998535 -9.311720848083496 71.46569061279297
v 3.5755114555358887 -8.600000381469727 71.3597640991211
v 3.5755114555358887 8.600000381469727 71.3597640991211
v 1.1803123950958252 -10.992899894714355 71.21073150634766
v 3.5755114555358887 -8.600000381469727 71.3597640991211
v 3.749389410018921 -8.600000381469727 68.56517028808594
v 3.5755114555358887 -8.600000381469727 71.3597640991211
v 1.1803123950958252 -10.992899894714355 71.21073150634766
v 3.749389410018921 -8.600000381469727 68.56517028808594
v 6.144588470458984 -10.992899894714355 68.71419525146484
v 3.5755114555358887 -8.600000381469727 71.3597640991211
v 1.3541903495788574 -11.007100105285645 68.4161376953125
v 1.1803123950958252 -10.992899894714355 71.21073150634766
v 1.8730143308639526 -12.688279151916504 71.25383758544922
v 2.0468921661376953 -9.311720848083496 68.45923614501953
v 3.749389410018921 -8.600000381469727 68.56517028808594
v 1.1803123950958252 -10.992899894714355 71.21073150634766
v 1.3541903495788574 -11.007100105285645 68.4161376953125
v 2.0468921661376953 -9.311720848083496 68.45923614501953
v 1.1803123950958252 -10.992899894714355 71.21073150634766
v 3.749389410018921 8.600000381469727 68.56517028808594
v 3.5755114555358887 8.600000381469727 71.3597640991211
v 5.970710277557373 10.992899894714355 71.5087890625
v 1.3541903495788574 10.992899894714355 68.4161376953125
v 1.8730143308639526 9.311720848083496 71.25383758544922
v 3.5755114555358887 8.600000381469727 71.3597640991211
v 1.3541903495788574 10.992899894714355 68.4161376953125
v 3.5755114555358887 8.600000381469727 71.3597640991211
v 3.749389410018921 8.600000381469727 68.56517028808594
v 6.144588470458984 11.007100105285645 68.71419525146484
v 5.970710277557373 10.992899894714355 71.5087890625
v 5.278008460998535 12.688279151916504 71.46569061279297
v 5.4518866539001465 9.311720848083496 68.67109680175781
v 3.749389410018921 8.600000381469727 68.56517028808594
v 5.970710277557373 10.992899894714355 71.5087890625
v 6.144588470458984 11.007100105285645 68.71419525146484
v 5.4518866539001465 9.311720848083496 68.67109680175781
v 5.970710277557373 10.992899894714355 71.5087890625
v 6.144588470458984 11.007100105285645 68.71419525146484
v 5.278008460998535 12.688279151916504 71.46569061279297
v 3.5755114555358887 13.399999618530273 71.3597640991211
v 3.749389410018921 13.399999618530273 68.56517028808594
v 3.5755114555358887 13.399999618530273 71.3597640991211
v 1.1803123950958252 11.007100105285645 71.21073150634766
v 3.749389410018921 13.399999618530273 68.56517028808594
v 6.144588470458984 11.007100105285645 68.71419525146484
v 3.5755114555358887 13.399999618530273 71.3597640991211
v 1.3541903495788574 10.992899894714355 68.4161376953125
v 1.1803123950958252 11.007100105285645 71.21073150634766
v 1.8730143308639526 9.311720848083496 71.25383758544922
v 2.0468921661376953 12.688279151916504 68.45923614501953
v 3.749389410018921 13.399999618530273 68.56517028808594
v 1.1803123950958252 11.007100105285645 71.21073150634766
v 1.3541903495788574 10.992899894714355 68.4161376953125
v 2.0468921661376953 12.688279151916504 68.45923614501953
v 1.1803123950958252 11.007100105285645 71.21073150634766
v 3.749389410018921 -12.300000190734863 68.56517028808594
v 3.749389410018921 -13.399999618530273 68.56517028808594
v 5.4518866539001465 -12.688279151916504 68.67109680175781
v 2.452082395553589 -10.994776725769043 68.48445129394531
v 1.3541903495788574 -11.007100105285645 68.4161376953125
v 3.749389410018921 -13.399999618530273 68.56517028808594
v 2.452082395553589 -10.994776725769043 68.48445129394531
v 3.749389410018921 -13.399999618530273 68.56517028808594
v 3.749389410018921 -12.300000190734863 68.56517028808594
v 5.046696186065674 -11.005223274230957 68.64588165283203
v 5.4518866539001465 -12.688279151916504 68.67109680175781
v 6.144588470458984 -10.992899894714355 68.71419525146484
v 5.046696186065674 -11.005223274230957 68.64588165283203
v 3.749389410018921 -12.300000190734863 68.56517028808594
v 5.4518866539001465 -12.688279151916504 68.67109680175781
v 5.046696186065674 -11.005223274230957 68.64588165283203
v 6.144588470458984 -10.992899894714355 68.71419525146484
v 3.749389410018921 -8.600000381469727 68.56517028808594
v 3.749389410018921 -9.699999809265137 68.56517028808594
v 3.749389410018921 -8.600000381469727 68.56517028808594
v 2.0468921661376953 -9.311720848083496 68.45923614501953
v 3.749389410018921 -9.699999809265137 68.56517028808594
v 5.046696186065674 -11.005223274230957 68.64588165283203
v 3.749389410018921 -8.600000381469727 68.56517028808594
v 2.452082395553589 -10.994776725769043 68.48445129394531
v 2.0468921661376953 -9.311720848083496 68.45923614501953
v 1.3541903495788574 -11.007100105285645 68.4161376953125
v 2.452082395553589 -10.994776725769043 68.48445129394531
v 3.749389410018921 -9.699999809265137 68.56517028808594
v 2.0468921661376953 -9.311720848083496 68.45923614501953
v 4.13440465927124 -12.300000190734863 62.377132415771484
v 3.749389410018921 -12.300000190734863 68.56517028808594
v 5.046696186065674 -11.005223274230957 68.64588165283203
v 2.8370978832244873 -11.005223274230957 62.29641342163086
v 2.452082395553589 -10.994776725769043 68.48445129394531
v 3.749389410018921 -12.300000190734863 68.56517028808594
v 2.8370978832244873 -11.005223274230957 62.29641342163086
v 3.749389410018921 -12.300000190734863 68.56517028808594
v 4.13440465927124 -12.300000190734863 62.377132415771484
v 5.431711673736572 -10.994776725769043 62.45785140991211
v 5.046696186065674 -11.005223274230957 68.64588165283203
v 3.749389410018921 -9.699999809265137 68.56517028808594
v 5.431711673736572 -10.994776725769043 62.45785140991211
v 4.13440465927124 -12.300000190734863 62.377132415771484
v 5.046696186065674 -11.005223274230957 68.64588165283203
v 4.13440465927124 -9.699999809265137 62.377132415771484
v 3.749389410018921 -9.699999809265137 68.56517028808594
v 2.452082395553589 -10.994776725769043 68.48445129394531
v 4.13440465927124 -9.699999809265137 62.377132415771484
v 5.431711673736572 -10.994776725769043 62.45785140991211
v 3.749389410018921 -9.699999809265137 68.56517028808594
v 2.8370978832244873 -11.005223274230957 62.29641342163086
v 4.13440465927124 -9.699999809265137 62.377132415771484
v 2.452082395553589 -10.994776725769043 68.48445129394531
v 5.481781005859375 -11.005311012268066 62.46096420288086
v 4.13440465927124 -12.300000190734863 62.377132415771484
v 5.431711673736572 -10.994776725769043 62.45785140991211
v 2.7870285511016846 -10.994688987731934 62.29330062866211
v 2.8370978832244873 -11.005223274230957 62.29641342163086
v 4.13440465927124 -12.300000190734863 62.377132415771484
v 5.481781005859375 -11.005311012268066 62.46096420288086
v 4.13440465927124 -12.350000381469727 62.377132415771484
v 4.13440465927124 -12.300000190734863 62.377132415771484
v 2.7870285511016846 -10.994688987731934 62.29330062866211
v 4.13440465927124 -12.300000190734863 62.377132415771484
v 4.13440465927124 -12.350000381469727 62.377132415771484
v 5.481781005859375 -11.005311012268066 62.46096420288086
v 5.431711673736572 -10.994776725769043 62.45785140991211
v 4.13440465927124 -9.699999809265137 62.377132415771484
v 2.7870285511016846 -10.994688987731934 62.29330062866211
v 4.13440465927124 -9.699999809265137 62.377132415771484
v 2.8370978832244873 -11.005223274230957 62.29641342163086
v 4.13440465927124 -9.649999618530273 62.377132415771484
v 5.481781005859375 -11.005311012268066 62.46096420288086
v 4.13440465927124 -9.699999809265137 62.377132415771484
v 2.7870285511016846 -10.994688987731934 62.29330062866211
v 4.13440465927124 -9.649999618530273 62.377132415771484
v 4.13440465927124 -9.699999809265137 62.377132415771484
v 4.154587268829346 -12.024999618530273 62.05276107788086
v 4.13440465927124 -12.350000381469727 62.377132415771484
v 5.481781005859375 -11.005311012268066 62.46096420288086
v 3.1315653324127197 -11 61.98910903930664
v 2.7870285511016846 -10.994688987731934 62.29330062866211
v 4.13440465927124 -12.350000381469727 62.377132415771484
v 3.1315653324127197 -11 61.98910903930664
v 4.13440465927124 -12.350000381469727 62.377132415771484
v 4.154587268829346 -12.024999618530273 62.05276107788086
v 5.177608966827393 -11 62.11641311645508
v 5.481781005859375 -11.005311012268066 62.46096420288086
v 4.13440465927124 -9.649999618530273 62.377132415771484
v 5.177608966827393 -11 62.11641311645508
v 4.154587268829346 -12.024999618530273 62.05276107788086
v 5.481781005859375 -11.005311012268066 62.46096420288086
v 4.154587268829346 -9.975000381469727 62.05276107788086
v 4.13440465927124 -9.649999618530273 62.377132415771484
v 2.7870285511016846 -10.994688987731934 62.29330062866211
v 4.154587268829346 -9.975000381469727 62.05276107788086
v 5.177608966827393 -11 62.11641311645508
v 4.13440465927124 -9.649999618530273 62.377132415771484
v 3.1315653324127197 -11 61.98910903930664
v 4.154587268829346 -9.975000381469727 62.05276107788086
v 2.7870285511016846 -10.994688987731934 62.29330062866211
v 4.538050174713135 -12.024999618530273 55.889678955078125
v 4.154587268829346 -12.024999618530273 62.05276107788086
v 5.177608966827393 -11 62.11641311645508
v 3.515028476715088 -11 55.826026916503906
v 3.1315653324127197 -11 61.98910903930664
v 4.154587268829346 -12.024999618530273 62.05276107788086
v 4.538050174713135 -12.024999618530273 55.889678955078125
v 3.515028476715088 -11 55.826026916503906
v 4.154587268829346 -12.024999618530273 62.05276107788086
v 5.561071872711182 -11 55.953330993652344
v 5.177608966827393 -11 62.11641311645508
v 4.154587268829346 -9.975000381469727 62.05276107788086
v 5.561071872711182 -11 55.953330993652344
v 4.538050174713135 -12.024999618530273 55.889678955078125
v 5.177608966827393 -11 62.11641311645508
v 4.538050174713135 -9.975000381469727 55.889678955078125
v 4.154587268829346 -9.975000381469727 62.05276107788086
v 3.1315653324127197 -11 61.98910903930664
v 5.561071872711182 -11 55.953330993652344
v 4.154587268829346 -9.975000381469727 62.05276107788086
v 4.538050174713135 -9.975000381469727 55.889678955078125
v 3.515028476715088 -11 55.826026916503906
v 4.538050174713135 -9.975000381469727 55.889678955078125
v 3.1315653324127197 -11 61.98910903930664
v 4.576295852661133 -11 55.274986267089844
v 4.538050174713135 -9.975000381469727 55.889678955078125
v 3.515028476715088 -11 55.826026916503906
v 4.576295852661133 -11 55.274986267089844
v 5.561071872711182 -11 55.953330993652344
v 4.538050174713135 -9.975000381469727 55.889678955078125
v 4.576295852661133 -11 55.274986267089844
v 3.515028476715088 -11 55.826026916503906
v 4.538050174713135 -12.024999618530273 55.889678955078125
v 4.576295852661133 -11 55.274986267089844
v 4.538050174713135 -12.024999618530273 55.889678955078125
v 5.561071872711182 -11 55.953330993652344
v 3.749389410018921 9.699999809265137 68.56517028808594
v 3.749389410018921 8.600000381469727 68.56517028808594
v 5.4518866539001465 9.311720848083496 68.67109680175781
v 2.452082395553589 11.005223274230957 68.48445129394531
v 1.3541903495788574 10.992899894714355 68.4161376953125
v 3.749389410018921 8.600000381469727 68.56517028808594
v 2.452082395553589 11.005223274230957 68.48445129394531
v 3.749389410018921 8.600000381469727 68.56517028808594
v 3.749389410018921 9.699999809265137 68.56517028808594
v 5.046696186065674 10.994776725769043 68.64588165283203
v 5.4518866539001465 9.311720848083496 68.67109680175781
v 6.144588470458984 11.007100105285645 68.71419525146484
v 5.046696186065674 10.994776725769043 68.64588165283203
v 3.749389410018921 9.699999809265137 68.56517028808594
v 5.4518866539001465 9.311720848083496 68.67109680175781
v 5.046696186065674 10.994776725769043 68.64588165283203
v 6.144588470458984 11.007100105285645 68.71419525146484
v 3.749389410018921 13.399999618530273 68.56517028808594
v 3.749389410018921 12.300000190734863 68.56517028808594
v 3.749389410018921 13.399999618530273 68.56517028808594
v 2.0468921661376953 12.688279151916504 68.45923614501953
v 3.749389410018921 12.300000190734863 68.56517028808594
v 5.046696186065674 10.994776725769043 68.64588165283203
v 3.749389410018921 13.399999618530273 68.56517028808594
v 2.452082395553589 11.005223274230957 68.48445129394531
v 2.0468921661376953 12.688279151916504 68.45923614501953
v 1.3541903495788574 10.992899894714355 68.4161376953125
v 2.452082395553589 11.005223274230957 68.48445129394531
v 3.749389410018921 12.300000190734863 68.56517028808594
v 2.0468921661376953 12.688279151916504 68.45923614501953
v 4.13440465927124 9.699999809265137 62.377132415771484
v 3.749389410018921 9.699999809265137 68.56517028808594
v 5.046696186065674 10.994776725769043 68.64588165283203
v 2.8370978832244873 10.994776725769043 62.29641342163086
v 2.452082395553589 11.005223274230957 68.48445129394531
v 3.749389410018921 9.699999809265137 68.56517028808594
v 2.8370978832244873 10.994776725769043 62.29641342163086
v 3.749389410018921 9.699999809265137 68.56517028808594
v 4.13440465927124 9.699999809265137 62.377132415771484
v 5.431711673736572 11.005223274230957 62.45785140991211
v 5.046696186065674 10.994776725769043 68.64588165283203
v 3.749389410018921 12.300000190734863 68.56517028808594
v 5.431711673736572 11.005223274230957 62.45785140991211
v 4.13440465927124 9.699999809265137 62.377132415771484
v 5.046696186065674 10.994776725769043 68.64588165283203
v 4.13440465927124 12.300000190734863 62.377132415771484
v 3.749389410018921 12.300000190734863 68.56517028808594
v 2.452082395553589 11.005223274230957 68.48445129394531
v 4.13440465927124 12.300000190734863 62.377132415771484
v 5.431711673736572 11.005223274230957 62.45785140991211
v 3.749389410018921 12.300000190734863 68.56517028808594
v 2.8370978832244873 10.994776725769043 62.29641342163086
v 4.13440465927124 12.300000190734863 62.377132415771484
v 2.452082395553589 11.005223274230957 68.48445129394531
v 5.481781005859375 10.994688987731934 62.46096420288086
v 4.13440465927124 9.699999809265137 62.377132415771484
v 5.431711673736572 11.005223274230957 62.45785140991211
v 2.7870285511016846 11.005311012268066 62.29330062866211
v 2.8370978832244873 10.994776725769043 62.29641342163086
v 4.13440465927124 9.699999809265137 62.377132415771484
v 5.481781005859375 10.994688987731934 62.46096420288086
v 4.13440465927124 9.649999618530273 62.377132415771484
v 4.13440465927124 9.699999809265137 62.377132415771484
v 2.7870285511016846 11.005311012268066 62.29330062866211
v 4.13440465927124 9.699999809265137 62.377132415771484
v 4.13440465927124 9.649999618530273 62.377132415771484
v 5.481781005859375 10.994688987731934 62.46096420288086
v 5.431711673736572 11.005223274230957 62.45785140991211
v 4.13440465927124 12.300000190734863 62.377132415771484
v 2.7870285511016846 11.005311012268066 62.29330062866211
v 4.13440465927124 12.300000190734863 62.377132415771484
v 2.8370978832244873 10.994776725769043 62.29641342163086
v 4.13440465927124 12.350000381469727 62.377132415771484
v 5.481781005859375 10.994688987731934 62.46096420288086
v 4.13440465927124 12.300000190734863 62.377132415771484
v 2.7870285511016846 11.005311012268066 62.29330062866211
v 4.13440465927124 12.350000381469727 62.377132415771484
v 4.13440465927124 12.300000190734863 62.377132415771484
v 4.154587268829346 9.975000381469727 62.05276107788086
v 4.13440465927124 9.649999618530273 62.377132415771484
v 5.481781005859375 10.994688987731934 62.46096420288086
v 3.1315653324127197 11 61.98910903930664
v 2.7870285511016846 11.005311012268066 62.29330062866211
v 4.13440465927124 9.649999618530273 62.377132415771484
v 3.1315653324127197 11 61.98910903930664
v 4.13440465927124 9.649999618530273 62.377132415771484
v 4.154587268829346 9.975000381469727 62.05276107788086
v 5.177608966827393 11 62.11641311645508
v 5.481781005859375 10.994688987731934 62.46096420288086
v 4.13440465927124 12.350000381469727 62.377132415771484
v 5.177608966827393 11 62.11641311645508
v 4.154587268829346 9.975000381469727 62.05276107788086
v 5.481781005859375 10.994688987731934 62.46096420288086
v 4.154587268829346 12.024999618530273 62.05276107788086
v 4.13440465927124 12.350000381469727 62.377132415771484
v 2.7870285511016846 11.005311012268066 62.29330062866211
v 4.154587268829346 12.024999618530273 62.05276107788086
v 5.177608966827393 11 62.11641311645508
v 4.13440465927124 12.350000381469727 62.377132415771484
v 3.1315653324127197 11 61.98910903930664
v 4.154587268829346 12.024999618530273 62.05276107788086
v 2.7870285511016846 11.005311012268066 62.29330062866211
v 4.538050174713135 9.975000381469727 55.889678955078125
v 4.154587268829346 9.975000381469727 62.05276107788086
v 5.177608966827393 11 62.11641311645508
v 3.515028476715088 11 55.826026916503906
v 3.1315653324127197 11 61.98910903930664
v 4.154587268829346 9.975000381469727 62.05276107788086
v 4.538050174713135 9.975000381469727 55.889678955078125
v 3.515028476715088 11 55.826026916503906
v 4.154587268829346 9.975000381469727 62.05276107788086
v 5.561071872711182 11 55.953330993652344
v 5.177608966827393 11 62.11641311645508
v 4.154587268829346 12.024999618530273 62.05276107788086
v 5.561071872711182 11 55.953330993652344
v 4.538050174713135 9.975000381469727 55.889678955078125
v 5.177608966827393 11 62.11641311645508
v 4.538050174713135 12.024999618530273 55.889678955078125
v 4.154587268829346 12.024999618530273 62.05276107788086
v 3.1315653324127197 11 61.98910903930664
v 5.561071872711182 11 55.953330993652344
v 4.154587268829346 12.024999618530273 62.05276107788086
v 4.538050174713135 12.024999618530273 55.889678955078125
v 3.515028476715088 11 55.826026916503906
v 4.538050174713135 12.024999618530273 55.889678955078125
v 3.1315653324127197 11 61.98910903930664
v 4.576295852661133 11 55.274986267089844
v 4.538050174713135 12.024999618530273 55.889678955078125
v 3.515028476715088 11 55.826026916503906
v 4.576295852661133 11 55.274986267089844
v 5.561071872711182 11 55.953330993652344
v 4.538050174713135 12.024999618530273 55.889678955078125
v 4.576295852661133 11 55.274986267089844
v 3.515028476715088 11 55.826026916503906
v 4.538050174713135 9.975000381469727 55.889678955078125
v 4.576295852661133 11 55.274986267089844
v 4.538050174713135 9.975000381469727 55.889678955078125
v 5.561071872711182 11 55.953330993652344
v 4.754277229309082 -9.024999618530273 48.38862991333008
v 2.084439992904663 -9.024999618530273 48.222511291503906
v 2.0207881927490234 -8 49.24553298950195
v 4.817919731140137 -8.004117965698242 47.365753173828125
v 2.1480917930603027 -8 47.19948959350586
v 2.084439992904663 -9.024999618530273 48.222511291503906
v 4.817919731140137 -8.004117965698242 47.365753173828125
v 2.084439992904663 -9.024999618530273 48.222511291503906
v 4.754277229309082 -9.024999618530273 48.38862991333008
v 4.690634250640869 -7.995882034301758 49.41150665283203
v 2.0207881927490234 -8 49.24553298950195
v 2.084439992904663 -6.974999904632568 48.222511291503906
v 4.690634250640869 -7.995882034301758 49.41150665283203
v 4.754277229309082 -9.024999618530273 48.38862991333008
v 2.0207881927490234 -8 49.24553298950195
v 4.754277229309082 -6.974999904632568 48.38862991333008
v 2.084439992904663 -6.974999904632568 48.222511291503906
v 2.1480917930603027 -8 47.19948959350586
v 4.690634250640869 -7.995882034301758 49.41150665283203
v 2.084439992904663 -6.974999904632568 48.222511291503906
v 4.754277229309082 -6.974999904632568 48.38862991333008
v 4.817919731140137 -8.004117965698242 47.365753173828125
v 4.754277229309082 -6.974999904632568 48.38862991333008
v 2.1480917930603027 -8 47.19948959350586
v 4.817919731140137 -8.004117965698242 47.365753173828125
v 4.754277229309082 -9.024999618530273 48.38862991333008
v 4.754277229309082 -6.974999904632568 48.38862991333008
v 4.690634250640869 -7.995882034301758 49.41150665283203
v 4.754277229309082 -6.974999904632568 48.38862991333008
v 4.754277229309082 -9.024999618530273 48.38862991333008
v 4.0090861320495605 6.974999904632568 60.3654670715332
v 1.339248776435852 6.974999904632568 60.1993522644043
v 1.2755969762802124 8 61.222373962402344
v 4.072728633880615 7.995882034301758 59.34259033203125
v 1.4029004573822021 8 59.17633056640625
v 1.339248776435852 6.974999904632568 60.1993522644043
v 4.072728633880615 7.995882034301758 59.34259033203125
v 1.339248776435852 6.974999904632568 60.1993522644043
v 4.0090861320495605 6.974999904632568 60.3654670715332
v 3.9454431533813477 8.004117965698242 61.388343811035156
v 1.2755969762802124 8 61.222373962402344
v 1.339248776435852 9.024999618530273 60.1993522644043
v 3.9454431533813477 8.004117965698242 61.388343811035156
v 4.0090861320495605 6.974999904632568 60.3654670715332
v 1.2755969762802124 8 61.222373962402344
v 4.0090861320495605 9.024999618530273 60.3654670715332
v 1.339248776435852 9.024999618530273 60.1993522644043
v 1.4029004573822021 8 59.17633056640625
v 3.9454431533813477 8.004117965698242 61.388343811035156
v 1.339248776435852 9.024999618530273 60.1993522644043
v 4.0090861320495605 9.024999618530273 60.3654670715332
v 4.072728633880615 7.995882034301758 59.34259033203125
v 4.0090861320495605 9.024999618530273 60.3654670715332
v 1.4029004573822021 8 59.17633056640625
v 4.072728633880615 7.995882034301758 59.34259033203125
v 4.0090861320495605 6.974999904632568 60.3654670715332
v 4.0090861320495605 9.024999618530273 60.3654670715332
v 3.9454431533813477 8.004117965698242 61.388343811035156
v 4.0090861320495605 9.024999618530273 60.3654670715332
v 4.0090861320495605 6.974999904632568 60.3654670715332
v 4.0090861320495605 -9.024999618530273 60.3654670715332
v 1.339248776435852 -9.024999618530273 60.1993522644043
v 1.2755969762802124 -8 61.222373962402344
v 4.072728633880615 -8.004117965698242 59.34259033203125
v 1.4029004573822021 -8 59.17633056640625
v 1.339248776435852 -9.024999618530273 60.1993522644043
v 4.072728633880615 -8.004117965698242 59.34259033203125
v 1.339248776435852 -9.024999618530273 60.1993522644043
v 4.0090861320495605 -9.024999618530273 60.3654670715332
v 3.9454431533813477 -7.995882034301758 61.388343811035156
v 1.2755969762802124 -8 61.222373962402344
v 1.339248776435852 -6.974999904632568 60.1993522644043
v 3.9454431533813477 -7.995882034301758 61.388343811035156
v 4.0090861320495605 -9.024999618530273 60.3654670715332
v 1.2755969762802124 -8 61.222373962402344
v 4.0090861320495605 -6.974999904632568 60.3654670715332
v 1.339248776435852 -6.974999904632568 60.1993522644043
v 1.4029004573822021 -8 59.17633056640625
v 3.9454431533813477 -7.995882034301758 61.388343811035156
v 1.339248776435852 -6.974999904632568 60.1993522644043
v 4.0090861320495605 -6.974999904632568 60.3654670715332
v 4.072728633880615 -8.004117965698242 59.34259033203125
v 4.0090861320495605 -6.974999904632568 60.3654670715332
v 1.4029004573822021 -8 59.17633056640625
v 4.072728633880615 -8.004117965698242 59.34259033203125
v 4.0090861320495605 -9.024999618530273 60.3654670715332
v 4.0090861320495605 -6.974999904632568 60.3654670715332
v 3.9454431533813477 -7.995882034301758 61.388343811035156
v 4.0090861320495605 -6.974999904632568 60.3654670715332
v 4.0090861320495605 -9.024999618530273 60.3654670715332
v 4.754277229309082 6.974999904632568 48.38862991333008
v 2.084439992904663 6.974999904632568 48.222511291503906
v 2.0207881927490234 8 49.24553298950195
v 4.817919731140137 7.995882034301758 47.365753173828125
v 2.1480917930603027 8 47.19948959350586
v 2.084439992904663 6.974999904632568 48.222511291503906
v 4.817919731140137 7.995882034301758 47.365753173828125
v 2.084439992904663 6.974999904632568 48.222511291503906
v 4.754277229309082 6.974999904632568 48.38862991333008
v 4.690634250640869 8.004117965698242 49.41150665283203
v 2.0207881927490234 8 49.24553298950195
v 2.084439992904663 9.024999618530273 48.222511291503906
v 4.690634250640869 8.004117965698242 49.41150665283203
v 4.754277229309082 6.974999904632568 48.38862991333008
v 2.0207881927490234 8 49.24553298950195
v 4.754277229309082 9.024999618530273 48.38862991333008
v 2.084439992904663 9.024999618530273 48.222511291503906
v 2.1480917930603027 8 47.19948959350586
v 4.690634250640869 8.004117965698242 49.41150665283203
v 2.084439992904663 9.024999618530273 48.222511291503906
v 4.754277229309082 9.024999618530273 48.38862991333008
v 4.817919731140137 7.995882034301758 47.365753173828125
v 4.754277229309082 9.024999618530273 48.38862991333008
v 2.1480917930603027 8 47.19948959350586
v 4.817919731140137 7.995882034301758 47.365753173828125
v 4.754277229309082 6.974999904632568 48.38862991333008
v 4.754277229309082 9.024999618530273 48.38862991333008
v 4.690634250640869 8.004117965698242 49.41150665283203
v 4.754277229309082 9.024999618530273 48.38862991333008
v 4.754277229309082 6.974999904632568 48.38862991333008
v 33.972774505615234 -11.25 50.20658493041992
v 33.972774505615234 -13.925000190734863 50.20658493041992
v 32.88610076904297 -13.925000190734863 51.16595458984375
v 33.01750564575195 -11.25 49.12031173706055
v 33.013404846191406 -13.925000190734863 49.119911193847656
v 33.972774505615234 -13.925000190734863 50.20658493041992
v 33.01750564575195 -11.25 49.12031173706055
v 33.972774505615234 -13.925000190734863 50.20658493041992
v 33.972774505615234 -11.25 50.20658493041992
v 32.88199996948242 -11.25 51.16555404663086
v 32.88610076904297 -13.925000190734863 51.16595458984375
v 31.926733016967773 -13.925000190734863 50.079280853271484
v 32.88199996948242 -11.25 51.16555404663086
v 33.972774505615234 -11.25 50.20658493041992
v 32.88610076904297 -13.925000190734863 51.16595458984375
v 31.926733016967773 -11.25 50.079280853271484
v 31.926733016967773 -13.925000190734863 50.079280853271484
v 33.013404846191406 -13.925000190734863 49.119911193847656
v 32.88199996948242 -11.25 51.16555404663086
v 31.926733016967773 -13.925000190734863 50.079280853271484
v 31.926733016967773 -11.25 50.079280853271484
v 33.01750564575195 -11.25 49.12031173706055
v 31.926733016967773 -11.25 50.079280853271484
v 33.013404846191406 -13.925000190734863 49.119911193847656
v 33.01750564575195 -11.25 49.12031173706055
v 33.972774505615234 -11.25 50.20658493041992
v 31.926733016967773 -11.25 50.079280853271484
v 32.88199996948242 -11.25 51.16555404663086
v 31.926733016967773 -11.25 50.079280853271484
v 33.972774505615234 -11.25 50.20658493041992
v 9.273904800415039 -11.25 60.69304275512695
v 9.273904800415039 -13.925000190734863 60.69304275512695
v 8.18723201751709 -13.925000190734863 61.65241241455078
v 8.318635940551758 -11.25 59.60676956176758
v 8.314535140991211 -13.925000190734863 59.60636901855469
v 9.273904800415039 -13.925000190734863 60.69304275512695
v 8.318635940551758 -11.25 59.60676956176758
v 9.273904800415039 -13.925000190734863 60.69304275512695
v 9.273904800415039 -11.25 60.69304275512695
v 8.183130264282227 -11.25 61.65201187133789
v 8.18723201751709 -13.925000190734863 61.65241241455078
v 7.227861404418945 -13.925000190734863 60.565738677978516
v 8.183130264282227 -11.25 61.65201187133789
v 9.273904800415039 -11.25 60.69304275512695
v 8.18723201751709 -13.925000190734863 61.65241241455078
v 7.227861404418945 -11.25 60.565738677978516
v 7.227861404418945 -13.925000190734863 60.565738677978516
v 8.314535140991211 -13.925000190734863 59.60636901855469
v 8.183130264282227 -11.25 61.65201187133789
v 7.227861404418945 -13.925000190734863 60.565738677978516
v 7.227861404418945 -11.25 60.565738677978516
v 8.318635940551758 -11.25 59.60676956176758
v 7.227861404418945 -11.25 60.565738677978516
v 8.314535140991211 -13.925000190734863 59.60636901855469
v 8.318635940551758 -11.25 59.60676956176758
v 9.273904800415039 -11.25 60.69304275512695
v 7.227861404418945 -11.25 60.565738677978516
v 8.183130264282227 -11.25 61.65201187133789
v 7.227861404418945 -11.25 60.565738677978516
v 9.273904800415039 -11.25 60.69304275512695
v 10.019096374511719 -11.25 48.71620178222656
v 10.019096374511719 -13.925000190734863 48.71620178222656
v 8.932422637939453 -13.925000190734863 49.67557144165039
v 9.063827514648438 -11.25 47.62992858886719
v 9.05972671508789 -13.925000190734863 47.6295280456543
v 10.019096374511719 -13.925000190734863 48.71620178222656
v 9.063827514648438 -11.25 47.62992858886719
v 10.019096374511719 -13.925000190734863 48.71620178222656
v 10.019096374511719 -11.25 48.71620178222656
v 8.928321838378906 -11.25 49.6751708984375
v 8.932422637939453 -13.925000190734863 49.67557144165039
v 7.973052978515625 -13.925000190734863 48.588897705078125
v 8.928321838378906 -11.25 49.6751708984375
v 10.019096374511719 -11.25 48.71620178222656
v 8.932422637939453 -13.925000190734863 49.67557144165039
v 7.973052978515625 -11.25 48.588897705078125
v 7.973052978515625 -13.925000190734863 48.588897705078125
v 9.05972671508789 -13.925000190734863 47.6295280456543
v 8.928321838378906 -11.25 49.6751708984375
v 7.973052978515625 -13.925000190734863 48.588897705078125
v 7.973052978515625 -11.25 48.588897705078125
v 9.063827514648438 -11.25 47.62992858886719
v 7.973052978515625 -11.25 48.588897705078125
v 9.05972671508789 -13.925000190734863 47.6295280456543
v 9.063827514648438 -11.25 47.62992858886719
v 10.019096374511719 -11.25 48.71620178222656
v 7.973052978515625 -11.25 48.588897705078125
v 8.928321838378906 -11.25 49.6751708984375
v 7.973052978515625 -11.25 48.588897705078125
v 10.019096374511719 -11.25 48.71620178222656
v 33.22758483886719 -11.25 62.18342590332031
v 33.22758483886719 -13.925000190734863 62.18342590332031
v 32.14091110229492 -13.925000190734863 63.14279556274414
v 32.272315979003906 -11.25 61.09715270996094
v 32.26821517944336 -13.925000190734863 61.09675216674805
v 33.22758483886719 -13.925000190734863 62.18342590332031
v 32.272315979003906 -11.25 61.09715270996094
v 33.22758483886719 -13.925000190734863 62.18342590332031
v 33.22758483886719 -11.25 62.18342590332031
v 32.136810302734375 -11.25 63.14239501953125
v 32.14091110229492 -13.925000190734863 63.14279556274414
v 31.181541442871094 -13.925000190734863 62.056121826171875
v 32.136810302734375 -11.25 63.14239501953125
v 33.22758483886719 -11.25 62.18342590332031
v 32.14091110229492 -13.925000190734863 63.14279556274414
v 31.181541442871094 -11.25 62.056121826171875
v 31.181541442871094 -13.925000190734863 62.056121826171875
v 32.26821517944336 -13.925000190734863 61.09675216674805
v 32.136810302734375 -11.25 63.14239501953125
v 31.181541442871094 -13.925000190734863 62.056121826171875
v 31.181541442871094 -11.25 62.056121826171875
v 32.272315979003906 -11.25 61.09715270996094
v 31.181541442871094 -11.25 62.056121826171875
v 32.26821517944336 -13.925000190734863 61.09675216674805
v 32.272315979003906 -11.25 61.09715270996094
v 33.22758483886719 -11.25 62.18342590332031
v 31.181541442871094 -11.25 62.056121826171875
v 32.136810302734375 -11.25 63.14239501953125
v 31.181541442871094 -11.25 62.056121826171875
v 33.22758483886719 -11.25 62.18342590332031
v 31.926733016967773 11.25 50.079280853271484
v 31.926733016967773 13.925000190734863 50.079280853271484
v 32.88610076904297 13.925000190734863 51.16595458984375
v 33.00928497314453 11.25 49.11980056762695
v 33.013404846191406 13.925000190734863 49.119911193847656
v 31.926733016967773 13.925000190734863 50.079280853271484
v 33.00928497314453 11.25 49.11980056762695
v 31.926733016967773 13.925000190734863 50.079280853271484
v 31.926733016967773 11.25 50.079280853271484
v 32.890220642089844 11.25 51.16606521606445
v 32.88610076904297 13.925000190734863 51.16595458984375
v 33.972774505615234 13.925000190734863 50.20658493041992
v 32.890220642089844 11.25 51.16606521606445
v 31.926733016967773 11.25 50.079280853271484
v 32.88610076904297 13.925000190734863 51.16595458984375
v 33.972774505615234 11.25 50.20658493041992
v 33.972774505615234 13.925000190734863 50.20658493041992
v 33.013404846191406 13.925000190734863 49.119911193847656
v 32.890220642089844 11.25 51.16606521606445
v 33.972774505615234 13.925000190734863 50.20658493041992
v 33.972774505615234 11.25 50.20658493041992
v 33.00928497314453 11.25 49.11980056762695
v 33.972774505615234 11.25 50.20658493041992
v 33.013404846191406 13.925000190734863 49.119911193847656
v 33.00928497314453 11.25 49.11980056762695
v 31.926733016967773 11.25 50.079280853271484
v 33.972774505615234 11.25 50.20658493041992
v 32.890220642089844 11.25 51.16606521606445
v 33.972774505615234 11.25 50.20658493041992
v 31.926733016967773 11.25 50.079280853271484
v 7.227861404418945 11.25 60.565738677978516
v 7.227861404418945 13.925000190734863 60.565738677978516
v 8.18723201751709 13.925000190734863 61.65241241455078
v 8.310416221618652 11.25 59.606258392333984
v 8.314535140991211 13.925000190734863 59.60636901855469
v 7.227861404418945 13.925000190734863 60.565738677978516
v 8.310416221618652 11.25 59.606258392333984
v 7.227861404418945 13.925000190734863 60.565738677978516
v 7.227861404418945 11.25 60.565738677978516
v 8.191350936889648 11.25 61.652523040771484
v 8.18723201751709 13.925000190734863 61.65241241455078
v 9.273904800415039 13.925000190734863 60.69304275512695
v 8.191350936889648 11.25 61.652523040771484
v 7.227861404418945 11.25 60.565738677978516
v 8.18723201751709 13.925000190734863 61.65241241455078
v 9.273904800415039 11.25 60.69304275512695
v 9.273904800415039 13.925000190734863 60.69304275512695
v 8.314535140991211 13.925000190734863 59.60636901855469
v 8.191350936889648 11.25 61.652523040771484
v 9.273904800415039 13.925000190734863 60.69304275512695
v 9.273904800415039 11.25 60.69304275512695
v 8.310416221618652 11.25 59.606258392333984
v 9.273904800415039 11.25 60.69304275512695
v 8.314535140991211 13.925000190734863 59.60636901855469
v 8.310416221618652 11.25 59.606258392333984
v 7.227861404418945 11.25 60.565738677978516
v 9.273904800415039 11.25 60.69304275512695
v 8.191350936889648 11.25 61.652523040771484
v 9.273904800415039 11.25 60.69304275512695
v 7.227861404418945 11.25 60.565738677978516
v 7.973052978515625 11.25 48.588897705078125
v 7.973052978515625 13.925000190734863 48.588897705078125
v 8.932422637939453 13.925000190734863 49.67557144165039
v 9.055606842041016 11.25 47.629417419433594
v 9.05972671508789 13.925000190734863 47.6295280456543
v 7.973052978515625 13.925000190734863 48.588897705078125
v 9.055606842041016 11.25 47.629417419433594
v 7.973052978515625 13.925000190734863 48.588897705078125
v 7.973052978515625 11.25 48.588897705078125
v 8.936541557312012 11.25 49.675682067871094
v 8.932422637939453 13.925000190734863 49.67557144165039
v 10.019096374511719 13.925000190734863 48.71620178222656
v 8.936541557312012 11.25 49.675682067871094
v 7.973052978515625 11.25 48.588897705078125
v 8.932422637939453 13.925000190734863 49.67557144165039
v 10.019096374511719 11.25 48.71620178222656
v 10.019096374511719 13.925000190734863 48.71620178222656
v 9.05972671508789 13.925000190734863 47.6295280456543
v 8.936541557312012 11.25 49.675682067871094
v 10.019096374511719 13.925000190734863 48.71620178222656
v 10.019096374511719 11.25 48.71620178222656
v 9.055606842041016 11.25 47.629417419433594
v 10.019096374511719 11.25 48.71620178222656
v 9.05972671508789 13.925000190734863 47.6295280456543
v 9.055606842041016 11.25 47.629417419433594
v 7.973052978515625 11.25 48.588897705078125
v 10.019096374511719 11.25 48.71620178222656
v 8.936541557312012 11.25 49.675682067871094
v 10.019096374511719 11.25 48.71620178222656
v 7.973052978515625 11.25 48.588897705078125
v 31.181541442871094 11.25 62.056121826171875
v 31.181541442871094 13.925000190734863 62.056121826171875
v 32.14091110229492 13.925000190734863 63.14279556274414
v 32.264095306396484 11.25 61.096641540527344
v 32.26821517944336 13.925000190734863 61.09675216674805
v 31.181541442871094 13.925000190734863 62.056121826171875
v 32.264095306396484 11.25 61.096641540527344
v 31.181541442871094 13.925000190734863 62.056121826171875
v 31.181541442871094 11.25 62.056121826171875
v 32.1450309753418 11.25 63.142906188964844
v 32.14091110229492 13.925000190734863 63.14279556274414
v 33.22758483886719 13.925000190734863 62.18342590332031
v 32.1450309753418 11.25 63.142906188964844
v 31.181541442871094 11.25 62.056121826171875
v 32.14091110229492 13.925000190734863 63.14279556274414
v 33.22758483886719 11.25 62.18342590332031
v 33.22758483886719 13.925000190734863 62.18342590332031
v 32.26821517944336 13.925000190734863 61.09675216674805
v 32.1450309753418 11.25 63.142906188964844
v 33.22758483886719 13.925000190734863 62.18342590332031
v 33.22758483886719 11.25 62.18342590332031
v 32.264095306396484 11.25 61.096641540527344
v 33.22758483886719 11.25 62.18342590332031
v 32.26821517944336 13.925000190734863 61.09675216674805
v 32.264095306396484 11.25 61.096641540527344
v 31.181541442871094 11.25 62.056121826171875
v 33.22758483886719 11.25 62.18342590332031
v 32.1450309753418 11.25 63.142906188964844
v 33.22758483886719 11.25 62.18342590332031
v 31.181541442871094 11.25 62.056121826171875
v 45.43580627441406 -9.699999809265137 42.703948974609375
v 45.43580627441406 -8.600000381469727 42.703948974609375
v 47.1383056640625 -9.311720848083496 42.809879302978516
v 44.13850021362305 -11.005223274230957 42.623233795166016
v 43.04060745239258 -10.992899894714355 42.55492401123047
v 45.43580627441406 -8.600000381469727 42.703948974609375
v 44.13850021362305 -11.005223274230957 42.623233795166016
v 45.43580627441406 -8.600000381469727 42.703948974609375
v 45.43580627441406 -9.699999809265137 42.703948974609375
v 46.733116149902344 -10.994776725769043 42.78466796875
v 47.1383056640625 -9.311720848083496 42.809879302978516
v 47.83100509643555 -11.007100105285645 42.85297775268555
v 46.733116149902344 -10.994776725769043 42.78466796875
v 45.43580627441406 -9.699999809265137 42.703948974609375
v 47.1383056640625 -9.311720848083496 42.809879302978516
v 46.733116149902344 -10.994776725769043 42.78466796875
v 47.83100509643555 -11.007100105285645 42.85297775268555
v 45.43580627441406 -13.399999618530273 42.703948974609375
v 45.43580627441406 -12.300000190734863 42.703948974609375
v 45.43580627441406 -13.399999618530273 42.703948974609375
v 43.73331069946289 -12.688279151916504 42.5980224609375
v 45.43580627441406 -12.300000190734863 42.703948974609375
v 46.733116149902344 -10.994776725769043 42.78466796875
v 45.43580627441406 -13.399999618530273 42.703948974609375
v 44.13850021362305 -11.005223274230957 42.623233795166016
v 43.73331069946289 -12.688279151916504 42.5980224609375
v 43.04060745239258 -10.992899894714355 42.55492401123047
v 44.13850021362305 -11.005223274230957 42.623233795166016
v 45.43580627441406 -12.300000190734863 42.703948974609375
v 43.73331069946289 -12.688279151916504 42.5980224609375
v 45.174991607666016 -9.699999809265137 46.895843505859375
v 45.43580627441406 -9.699999809265137 42.703948974609375
v 46.733116149902344 -10.994776725769043 42.78466796875
v 43.877685546875 -10.994776725769043 46.815128326416016
v 44.13850021362305 -11.005223274230957 42.623233795166016
v 45.43580627441406 -9.699999809265137 42.703948974609375
v 43.877685546875 -10.994776725769043 46.815128326416016
v 45.43580627441406 -9.699999809265137 42.703948974609375
v 45.174991607666016 -9.699999809265137 46.895843505859375
v 46.47229766845703 -11.005223274230957 46.9765625
v 46.733116149902344 -10.994776725769043 42.78466796875
v 45.43580627441406 -12.300000190734863 42.703948974609375
v 46.47229766845703 -11.005223274230957 46.9765625
v 45.174991607666016 -9.699999809265137 46.895843505859375
v 46.733116149902344 -10.994776725769043 42.78466796875
v 45.174991607666016 -12.300000190734863 46.895843505859375
v 45.43580627441406 -12.300000190734863 42.703948974609375
v 44.13850021362305 -11.005223274230957 42.623233795166016
v 45.174991607666016 -12.300000190734863 46.895843505859375
v 46.47229766845703 -11.005223274230957 46.9765625
v 45.43580627441406 -12.300000190734863 42.703948974609375
v 43.877685546875 -10.994776725769043 46.815128326416016
v 45.174991607666016 -12.300000190734863 46.895843505859375
v 44.13850021362305 -11.005223274230957 42.623233795166016
v 46.52236557006836 -10.994688987731934 46.97967529296875
v 45.174991607666016 -9.699999809265137 46.895843505859375
v 46.47229766845703 -11.005223274230957 46.9765625
v 43.827613830566406 -11.005311012268066 46.81201171875
v 43.877685546875 -10.994776725769043 46.815128326416016
v 45.174991607666016 -9.699999809265137 46.895843505859375
v 46.52236557006836 -10.994688987731934 46.97967529296875
v 45.174991607666016 -9.649999618530273 46.895843505859375
v 45.174991607666016 -9.699999809265137 46.895843505859375
v 43.827613830566406 -11.005311012268066 46.81201171875
v 45.174991607666016 -9.699999809265137 46.895843505859375
v 45.174991607666016 -9.649999618530273 46.895843505859375
v 46.52236557006836 -10.994688987731934 46.97967529296875
v 46.47229766845703 -11.005223274230957 46.9765625
v 45.174991607666016 -12.300000190734863 46.895843505859375
v 43.827613830566406 -11.005311012268066 46.81201171875
v 45.174991607666016 -12.300000190734863 46.895843505859375
v 43.877685546875 -10.994776725769043 46.815128326416016
v 45.174991607666016 -12.350000381469727 46.895843505859375
v 46.52236557006836 -10.994688987731934 46.97967529296875
v 45.174991607666016 -12.300000190734863 46.895843505859375
v 43.827613830566406 -11.005311012268066 46.81201171875
v 45.174991607666016 -12.350000381469727 46.895843505859375
v 45.174991607666016 -12.300000190734863 46.895843505859375
v 45.154808044433594 -9.975000381469727 47.220218658447266
v 45.174991607666016 -9.649999618530273 46.895843505859375
v 46.52236557006836 -10.994688987731934 46.97967529296875
v 44.13178634643555 -11 47.15656661987305
v 43.827613830566406 -11.005311012268066 46.81201171875
v 45.174991607666016 -9.649999618530273 46.895843505859375
v 44.13178634643555 -11 47.15656661987305
v 45.174991607666016 -9.649999618530273 46.895843505859375
v 45.154808044433594 -9.975000381469727 47.220218658447266
v 46.17782974243164 -11 47.28386688232422
v 46.52236557006836 -10.994688987731934 46.97967529296875
v 45.174991607666016 -12.350000381469727 46.895843505859375
v 46.17782974243164 -11 47.28386688232422
v 45.154808044433594 -9.975000381469727 47.220218658447266
v 46.52236557006836 -10.994688987731934 46.97967529296875
v 45.154808044433594 -12.024999618530273 47.220218658447266
v 45.174991607666016 -12.350000381469727 46.895843505859375
v 43.827613830566406 -11.005311012268066 46.81201171875
v 45.154808044433594 -12.024999618530273 47.220218658447266
v 46.17782974243164 -11 47.28386688232422
v 45.174991607666016 -12.350000381469727 46.895843505859375
v 44.13178634643555 -11 47.15656661987305
v 45.154808044433594 -12.024999618530273 47.220218658447266
v 43.827613830566406 -11.005311012268066 46.81201171875
v 44.64714813232422 -9.975000381469727 55.37944030761719
v 45.154808044433594 -9.975000381469727 47.220218658447266
v 46.17782974243164 -11 47.28386688232422
v 43.62412643432617 -11 55.31578826904297
v 44.13178634643555 -11 47.15656661987305
v 45.154808044433594 -9.975000381469727 47.220218658447266
v 44.64714813232422 -9.975000381469727 55.37944030761719
v 43.62412643432617 -11 55.31578826904297
v 45.154808044433594 -9.975000381469727 47.220218658447266
v 45.670169830322266 -11 55.443092346191406
v 46.17782974243164 -11 47.28386688232422
v 45.154808044433594 -12.024999618530273 47.220218658447266
v 45.670169830322266 -11 55.443092346191406
v 44.64714813232422 -9.975000381469727 55.37944030761719
v 46.17782974243164 -11 47.28386688232422
v 44.64714813232422 -12.024999618530273 55.37944030761719
v 45.154808044433594 -12.024999618530273 47.220218658447266
v 44.13178634643555 -11 47.15656661987305
v 45.670169830322266 -11 55.443092346191406
v 45.154808044433594 -12.024999618530273 47.220218658447266
v 44.64714813232422 -12.024999618530273 55.37944030761719
v 43.62412643432617 -11 55.31578826904297
v 44.64714813232422 -12.024999618530273 55.37944030761719
v 44.13178634643555 -11 47.15656661987305
v 44.60890197753906 -11 55.99413299560547
v 44.64714813232422 -12.024999618530273 55.37944030761719
v 43.62412643432617 -11 55.31578826904297
v 44.60890197753906 -11 55.99413299560547
v 45.670169830322266 -11 55.443092346191406
v 44.64714813232422 -12.024999618530273 55.37944030761719
v 44.60890197753906 -11 55.99413299560547
v 43.62412643432617 -11 55.31578826904297
v 44.64714813232422 -9.975000381469727 55.37944030761719
v 44.60890197753906 -11 55.99413299560547
v 44.64714813232422 -9.975000381469727 55.37944030761719
v 45.670169830322266 -11 55.443092346191406
v 5.5130085945129395 12.300000190734863 40.21997833251953
v 5.5130085945129395 13.399999618530273 40.21997833251953
v 7.215506076812744 12.688279151916504 40.32590866088867
v 4.215701580047607 10.994776725769043 40.13926315307617
v 3.117809772491455 11.007100105285645 40.070953369140625
v 5.5130085945129395 13.399999618530273 40.21997833251953
v 4.215701580047607 10.994776725769043 40.13926315307617
v 5.5130085945129395 13.399999618530273 40.21997833251953
v 5.5130085945129395 12.300000190734863 40.21997833251953
v 6.8103156089782715 11.005223274230957 40.300697326660156
v 7.215506076812744 12.688279151916504 40.32590866088867
v 7.908207893371582 10.992899894714355 40.3690071105957
v 6.8103156089782715 11.005223274230957 40.300697326660156
v 5.5130085945129395 12.300000190734863 40.21997833251953
v 7.215506076812744 12.688279151916504 40.32590866088867
v 6.8103156089782715 11.005223274230957 40.300697326660156
v 7.908207893371582 10.992899894714355 40.3690071105957
v 5.5130085945129395 8.600000381469727 40.21997833251953
v 5.5130085945129395 9.699999809265137 40.21997833251953
v 5.5130085945129395 8.600000381469727 40.21997833251953
v 3.810511589050293 9.311720848083496 40.114051818847656
v 5.5130085945129395 9.699999809265137 40.21997833251953
v 6.8103156089782715 11.005223274230957 40.300697326660156
v 5.5130085945129395 8.600000381469727 40.21997833251953
v 4.215701580047607 10.994776725769043 40.13926315307617
v 3.810511589050293 9.311720848083496 40.114051818847656
v 3.117809772491455 11.007100105285645 40.070953369140625
v 4.215701580047607 10.994776725769043 40.13926315307617
v 5.5130085945129395 9.699999809265137 40.21997833251953
v 3.810511589050293 9.311720848083496 40.114051818847656
v 5.25219202041626 12.300000190734863 44.41187286376953
v 5.5130085945129395 12.300000190734863 40.21997833251953
v 6.8103156089782715 11.005223274230957 40.300697326660156
v 3.9548847675323486 11.005223274230957 44.331153869628906
v 4.215701580047607 10.994776725769043 40.13926315307617
v 5.5130085945129395 12.300000190734863 40.21997833251953
v 3.9548847675323486 11.005223274230957 44.331153869628906
v 5.5130085945129395 12.300000190734863 40.21997833251953
v 5.25219202041626 12.300000190734863 44.41187286376953
v 6.549498558044434 10.994776725769043 44.492591857910156
v 6.8103156089782715 11.005223274230957 40.300697326660156
v 5.5130085945129395 9.699999809265137 40.21997833251953
v 6.549498558044434 10.994776725769043 44.492591857910156
v 5.25219202041626 12.300000190734863 44.41187286376953
v 6.8103156089782715 11.005223274230957 40.300697326660156
v 5.25219202041626 9.699999809265137 44.41187286376953
v 5.5130085945129395 9.699999809265137 40.21997833251953
v 4.215701580047607 10.994776725769043 40.13926315307617
v 5.25219202041626 9.699999809265137 44.41187286376953
v 6.549498558044434 10.994776725769043 44.492591857910156
v 5.5130085945129395 9.699999809265137 40.21997833251953
v 3.9548847675323486 11.005223274230957 44.331153869628906
v 5.25219202041626 9.699999809265137 44.41187286376953
v 4.215701580047607 10.994776725769043 40.13926315307617
v 6.599567890167236 11.005311012268066 44.495704650878906
v 5.25219202041626 12.300000190734863 44.41187286376953
v 6.549498558044434 10.994776725769043 44.492591857910156
v 3.904815673828125 10.994688987731934 44.328041076660156
v 3.9548847675323486 11.005223274230957 44.331153869628906
v 5.25219202041626 12.300000190734863 44.41187286376953
v 6.599567890167236 11.005311012268066 44.495704650878906
v 5.25219202041626 12.350000381469727 44.41187286376953
v 5.25219202041626 12.300000190734863 44.41187286376953
v 3.904815673828125 10.994688987731934 44.328041076660156
v 5.25219202041626 12.300000190734863 44.41187286376953
v 5.25219202041626 12.350000381469727 44.41187286376953
v 6.599567890167236 11.005311012268066 44.495704650878906
v 6.549498558044434 10.994776725769043 44.492591857910156
v 5.25219202041626 9.699999809265137 44.41187286376953
v 3.904815673828125 10.994688987731934 44.328041076660156
v 5.25219202041626 9.699999809265137 44.41187286376953
v 3.9548847675323486 11.005223274230957 44.331153869628906
v 5.25219202041626 9.649999618530273 44.41187286376953
v 6.599567890167236 11.005311012268066 44.495704650878906
v 5.25219202041626 9.699999809265137 44.41187286376953
v 3.904815673828125 10.994688987731934 44.328041076660156
v 5.25219202041626 9.649999618530273 44.41187286376953
v 5.25219202041626 9.699999809265137 44.41187286376953
v 5.232009410858154 12.024999618530273 44.736244201660156
v 5.25219202041626 12.350000381469727 44.41187286376953
v 6.599567890167236 11.005311012268066 44.495704650878906
v 4.208987712860107 11 44.6725959777832
v 3.904815673828125 10.994688987731934 44.328041076660156
v 5.25219202041626 12.350000381469727 44.41187286376953
v 4.208987712860107 11 44.6725959777832
v 5.25219202041626 12.350000381469727 44.41187286376953
v 5.232009410858154 12.024999618530273 44.736244201660156
v 6.255031108856201 11 44.799896240234375
v 6.599567890167236 11.005311012268066 44.495704650878906
v 5.25219202041626 9.649999618530273 44.41187286376953
v 6.255031108856201 11 44.799896240234375
v 5.232009410858154 12.024999618530273 44.736244201660156
v 6.599567890167236 11.005311012268066 44.495704650878906
v 5.232009410858154 9.975000381469727 44.736244201660156
v 5.25219202041626 9.649999618530273 44.41187286376953
v 3.904815673828125 10.994688987731934 44.328041076660156
v 5.232009410858154 9.975000381469727 44.736244201660156
v 6.255031108856201 11 44.799896240234375
v 5.25219202041626 9.649999618530273 44.41187286376953
v 4.208987712860107 11 44.6725959777832
v 5.232009410858154 9.975000381469727 44.736244201660156
v 3.904815673828125 10.994688987731934 44.328041076660156
v 4.724348068237305 12.024999618530273 52.895469665527344
v 5.232009410858154 12.024999618530273 44.736244201660156
v 6.255031108856201 11 44.799896240234375
v 3.7013261318206787 11 52.831817626953125
v 4.208987712860107 11 44.6725959777832
v 5.232009410858154 12.024999618530273 44.736244201660156
v 4.724348068237305 12.024999618530273 52.895469665527344
v 3.7013261318206787 11 52.831817626953125
v 5.232009410858154 12.024999618530273 44.736244201660156
v 5.747369766235352 11 52.9591178894043
v 6.255031108856201 11 44.799896240234375
v 5.232009410858154 9.975000381469727 44.736244201660156
v 5.747369766235352 11 52.9591178894043
v 4.724348068237305 12.024999618530273 52.895469665527344
v 6.255031108856201 11 44.799896240234375
v 4.724348068237305 9.975000381469727 52.895469665527344
v 5.232009410858154 9.975000381469727 44.736244201660156
v 4.208987712860107 11 44.6725959777832
v 5.747369766235352 11 52.9591178894043
v 5.232009410858154 9.975000381469727 44.736244201660156
v 4.724348068237305 9.975000381469727 52.895469665527344
v 3.7013261318206787 11 52.831817626953125
v 4.724348068237305 9.975000381469727 52.895469665527344
v 4.208987712860107 11 44.6725959777832
v 4.686101913452148 11 53.510162353515625
v 4.724348068237305 9.975000381469727 52.895469665527344
v 3.7013261318206787 11 52.831817626953125
v 4.686101913452148 11 53.510162353515625
v 5.747369766235352 11 52.9591178894043
v 4.724348068237305 9.975000381469727 52.895469665527344
v 4.686101913452148 11 53.510162353515625
v 3.7013261318206787 11 52.831817626953125
v 4.724348068237305 12.024999618530273 52.895469665527344
v 4.686101913452148 11 53.510162353515625
v 4.724348068237305 12.024999618530273 52.895469665527344
v 5.747369766235352 11 52.9591178894043
v 5.5130085945129395 -9.699999809265137 40.21997833251953
v 5.5130085945129395 -8.600000381469727 40.21997833251953
v 7.215506076812744 -9.311720848083496 40.32590866088867
v 4.215701580047607 -11.005223274230957 40.13926315307617
v 3.117809772491455 -10.992899894714355 40.070953369140625
v 5.5130085945129395 -8.600000381469727 40.21997833251953
v 4.215701580047607 -11.005223274230957 40.13926315307617
v 5.5130085945129395 -8.600000381469727 40.21997833251953
v 5.5130085945129395 -9.699999809265137 40.21997833251953
v 6.8103156089782715 -10.994776725769043 40.300697326660156
v 7.215506076812744 -9.311720848083496 40.32590866088867
v 7.908207893371582 -11.007100105285645 40.3690071105957
v 6.8103156089782715 -10.994776725769043 40.300697326660156
v 5.5130085945129395 -9.699999809265137 40.21997833251953
v 7.215506076812744 -9.311720848083496 40.32590866088867
v 6.8103156089782715 -10.994776725769043 40.300697326660156
v 7.908207893371582 -11.007100105285645 40.3690071105957
v 5.5130085945129395 -13.399999618530273 40.21997833251953
v 5.5130085945129395 -12.300000190734863 40.21997833251953
v 5.5130085945129395 -13.399999618530273 40.21997833251953
v 3.810511589050293 -12.688279151916504 40.114051818847656
v 5.5130085945129395 -12.300000190734863 40.21997833251953
v 6.8103156089782715 -10.994776725769043 40.300697326660156
v 5.5130085945129395 -13.399999618530273 40.21997833251953
v 4.215701580047607 -11.005223274230957 40.13926315307617
v 3.810511589050293 -12.688279151916504 40.114051818847656
v 3.117809772491455 -10.992899894714355 40.070953369140625
v 4.215701580047607 -11.005223274230957 40.13926315307617
v 5.5130085945129395 -12.300000190734863 40.21997833251953
v 3.810511589050293 -12.688279151916504 40.114051818847656
v 5.25219202041626 -9.699999809265137 44.41187286376953
v 5.5130085945129395 -9.699999809265137 40.21997833251953
v 6.8103156089782715 -10.994776725769043 40.300697326660156
v 3.9548847675323486 -10.994776725769043 44.331153869628906
v 4.215701580047607 -11.005223274230957 40.13926315307617
v 5.5130085945129395 -9.699999809265137 40.21997833251953
v 3.9548847675323486 -10.994776725769043 44.331153869628906
v 5.5130085945129395 -9.699999809265137 40.21997833251953
v 5.25219202041626 -9.699999809265137 44.41187286376953
v 6.549498558044434 -11.005223274230957 44.492591857910156
v 6.8103156089782715 -10.994776725769043 40.300697326660156
v 5.5130085945129395 -12.300000190734863 40.21997833251953
v 6.549498558044434 -11.005223274230957 44.492591857910156
v 5.25219202041626 -9.699999809265137 44.41187286376953
v 6.8103156089782715 -10.994776725769043 40.300697326660156
v 5.25219202041626 -12.300000190734863 44.41187286376953
v 5.5130085945129395 -12.300000190734863 40.21997833251953
v 4.215701580047607 -11.005223274230957 40.13926315307617
v 5.25219202041626 -12.300000190734863 44.41187286376953
v 6.549498558044434 -11.005223274230957 44.492591857910156
v 5.5130085945129395 -12.300000190734863 40.21997833251953
v 3.9548847675323486 -10.994776725769043 44.331153869628906
v 5.25219202041626 -12.300000190734863 44.41187286376953
v 4.215701580047607 -11.005223274230957 40.13926315307617
v 6.599567890167236 -10.994688987731934 44.495704650878906
v 5.25219202041626 -9.699999809265137 44.41187286376953
v 6.549498558044434 -11.005223274230957 44.492591857910156
v 3.904815673828125 -11.005311012268066 44.328041076660156
v 3.9548847675323486 -10.994776725769043 44.331153869628906
v 5.25219202041626 -9.699999809265137 44.41187286376953
v 6.599567890167236 -10.994688987731934 44.495704650878906
v 5.25219202041626 -9.649999618530273 44.41187286376953
v 5.25219202041626 -9.699999809265137 44.41187286376953
v 3.904815673828125 -11.005311012268066 44.328041076660156
v 5.25219202041626 -9.699999809265137 44.41187286376953
v 5.25219202041626 -9.649999618530273 44.41187286376953
v 6.599567890167236 -10.994688987731934 44.495704650878906
v 6.549498558044434 -11.005223274230957 44.492591857910156
v 5.25219202041626 -12.300000190734863 44.41187286376953
v 3.904815673828125 -11.005311012268066 44.328041076660156
v 5.25219202041626 -12.300000190734863 44.41187286376953
v 3.9548847675323486 -10.994776725769043 44.331153869628906
v 5.25219202041626 -12.350000381469727 44.41187286376953
v 6.599567890167236 -10.994688987731934 44.495704650878906
v 5.25219202041626 -12.300000190734863 44.41187286376953
v 3.904815673828125 -11.005311012268066 44.328041076660156
v 5.25219202041626 -12.350000381469727 44.41187286376953
v 5.25219202041626 -12.300000190734863 44.41187286376953
v 5.232009410858154 -9.975000381469727 44.736244201660156
v 5.25219202041626 -9.649999618530273 44.41187286376953
v 6.599567890167236 -10.994688987731934 44.495704650878906
v 4.208987712860107 -11 44.6725959777832
v 3.904815673828125 -11.005311012268066 44.328041076660156
v 5.25219202041626 -9.649999618530273 44.41187286376953
v 4.208987712860107 -11 44.6725959777832
v 5.25219202041626 -9.649999618530273 44.41187286376953
v 5.232009410858154 -9.975000381469727 44.736244201660156
v 6.255031108856201 -11 44.799896240234375
v 6.599567890167236 -10.994688987731934 44.495704650878906
v 5.25219202041626 -12.350000381469727 44.41187286376953
v 6.255031108856201 -11 44.799896240234375
v 5.232009410858154 -9.975000381469727 44.736244201660156
v 6.599567890167236 -10.994688987731934 44.495704650878906
v 5.232009410858154 -12.024999618530273 44.736244201660156
v 5.25219202041626 -12.350000381469727 44.41187286376953
v 3.904815673828125 -11.005311012268066 44.328041076660156
v 5.232009410858154 -12.024999618530273 44.736244201660156
v 6.255031108856201 -11 44.799896240234375
v 5.25219202041626 -12.350000381469727 44.41187286376953
v 4.208987712860107 -11 44.6725959777832
v 5.232009410858154 -12.024999618530273 44.736244201660156
v 3.904815673828125 -11.005311012268066 44.328041076660156
v 4.724348068237305 -9.975000381469727 52.895469665527344
v 5.232009410858154 -9.975000381469727 44.736244201660156
v 6.255031108856201 -11 44.799896240234375
v 3.7013261318206787 -11 52.831817626953125
v 4.208987712860107 -11 44.6725959777832
v 5.232009410858154 -9.975000381469727 44.736244201660156
v 4.724348068237305 -9.975000381469727 52.895469665527344
v 3.7013261318206787 -11 52.831817626953125
v 5.232009410858154 -9.975000381469727 44.736244201660156
v 5.747369766235352 -11 52.9591178894043
v 6.255031108856201 -11 44.799896240234375
v 5.232009410858154 -12.024999618530273 44.736244201660156
v 5.747369766235352 -11 52.9591178894043
v 4.724348068237305 -9.975000381469727 52.895469665527344
v 6.255031108856201 -11 44.799896240234375
v 4.724348068237305 -12.024999618530273 52.895469665527344
v 5.232009410858154 -12.024999618530273 44.736244201660156
v 4.208987712860107 -11 44.6725959777832
v 5.747369766235352 -11 52.9591178894043
v 5.232009410858154 -12.024999618530273 44.736244201660156
v 4.724348068237305 -12.024999618530273 52.895469665527344
v 3.7013261318206787 -11 52.831817626953125
v 4.724348068237305 -12.024999618530273 52.895469665527344
v 4.208987712860107 -11 44.6725959777832
v 4.686101913452148 -11 53.510162353515625
v 4.724348068237305 -12.024999618530273 52.895469665527344
v 3.7013261318206787 -11 52.831817626953125
v 4.686101913452148 -11 53.510162353515625
v 5.747369766235352 -11 52.9591178894043
v 4.724348068237305 -12.024999618530273 52.895469665527344
v 4.686101913452148 -11 53.510162353515625
v 3.7013261318206787 -11 52.831817626953125
v 4.724348068237305 -9.975000381469727 52.895469665527344
v 4.686101913452148 -11 53.510162353515625
v 4.724348068237305 -9.975000381469727 52.895469665527344
v 5.747369766235352 -11 52.9591178894043
v 29.454267501831055 9.975000381469727 41.909976959228516
v 29.620384216308594 9.975000381469727 39.24013900756836
v 28.597362518310547 11 39.17648696899414
v 30.477144241333008 10.995882034301758 41.97361755371094
v 30.64340591430664 11 39.30379104614258
v 29.620384216308594 9.975000381469727 39.24013900756836
v 30.477144241333008 10.995882034301758 41.97361755371094
v 29.620384216308594 9.975000381469727 39.24013900756836
v 29.454267501831055 9.975000381469727 41.909976959228516
v 28.4313907623291 11.004117965698242 41.84633255004883
v 28.597362518310547 11 39.17648696899414
v 29.620384216308594 12.024999618530273 39.24013900756836
v 28.4313907623291 11.004117965698242 41.84633255004883
v 29.454267501831055 9.975000381469727 41.909976959228516
v 28.597362518310547 11 39.17648696899414
v 29.454267501831055 12.024999618530273 41.909976959228516
v 29.620384216308594 12.024999618530273 39.24013900756836
v 30.64340591430664 11 39.30379104614258
v 28.4313907623291 11.004117965698242 41.84633255004883
v 29.620384216308594 12.024999618530273 39.24013900756836
v 29.454267501831055 12.024999618530273 41.909976959228516
v 30.477144241333008 10.995882034301758 41.97361755371094
v 29.454267501831055 12.024999618530273 41.909976959228516
v 30.64340591430664 11 39.30379104614258
v 30.477144241333008 10.995882034301758 41.97361755371094
v 29.454267501831055 9.975000381469727 41.909976959228516
v 29.454267501831055 12.024999618530273 41.909976959228516
v 28.4313907623291 11.004117965698242 41.84633255004883
v 29.454267501831055 12.024999618530273 41.909976959228516
v 29.454267501831055 9.975000381469727 41.909976959228516
v 29.454267501831055 -12.024999618530273 41.909976959228516
v 29.620384216308594 -12.024999618530273 39.24013900756836
v 28.597362518310547 -11 39.17648696899414
v 30.477144241333008 -11.004117965698242 41.97361755371094
v 30.64340591430664 -11 39.30379104614258
v 29.620384216308594 -12.024999618530273 39.24013900756836
v 30.477144241333008 -11.004117965698242 41.97361755371094
v 29.620384216308594 -12.024999618530273 39.24013900756836
v 29.454267501831055 -12.024999618530273 41.909976959228516
v 28.4313907623291 -10.995882034301758 41.84633255004883
v 28.597362518310547 -11 39.17648696899414
v 29.620384216308594 -9.975000381469727 39.24013900756836
v 28.4313907623291 -10.995882034301758 41.84633255004883
v 29.454267501831055 -12.024999618530273 41.909976959228516
v 28.597362518310547 -11 39.17648696899414
v 29.454267501831055 -9.975000381469727 41.909976959228516
v 29.620384216308594 -9.975000381469727 39.24013900756836
v 30.64340591430664 -11 39.30379104614258
v 28.4313907623291 -10.995882034301758 41.84633255004883
v 29.620384216308594 -9.975000381469727 39.24013900756836
v 29.454267501831055 -9.975000381469727 41.909976959228516
v 30.477144241333008 -11.004117965698242 41.97361755371094
v 29.454267501831055 -9.975000381469727 41.909976959228516
v 30.64340591430664 -11 39.30379104614258
v 30.477144241333008 -11.004117965698242 41.97361755371094
v 29.454267501831055 -12.024999618530273 41.909976959228516
v 29.454267501831055 -9.975000381469727 41.909976959228516
v 28.4313907623291 -10.995882034301758 41.84633255004883
v 29.454267501831055 -9.975000381469727 41.909976959228516
v 29.454267501831055 -12.024999618530273 41.909976959228516
v 45.43580627441406 12.300000190734863 42.703948974609375
v 45.43580627441406 13.399999618530273 42.703948974609375
v 47.1383056640625 12.688279151916504 42.809879302978516
v 44.13850021362305 10.994776725769043 42.623233795166016
v 43.04060745239258 11.007100105285645 42.55492401123047
v 45.43580627441406 13.399999618530273 42.703948974609375
v 44.13850021362305 10.994776725769043 42.623233795166016
v 45.43580627441406 13.399999618530273 42.703948974609375
v 45.43580627441406 12.300000190734863 42.703948974609375
v 46.733116149902344 11.005223274230957 42.78466796875
v 47.1383056640625 12.688279151916504 42.809879302978516
v 47.83100509643555 10.992899894714355 42.85297775268555
v 46.733116149902344 11.005223274230957 42.78466796875
v 45.43580627441406 12.300000190734863 42.703948974609375
v 47.1383056640625 12.688279151916504 42.809879302978516
v 46.733116149902344 11.005223274230957 42.78466796875
v 47.83100509643555 10.992899894714355 42.85297775268555
v 45.43580627441406 8.600000381469727 42.703948974609375
v 45.43580627441406 9.699999809265137 42.703948974609375
v 45.43580627441406 8.600000381469727 42.703948974609375
v 43.73331069946289 9.311720848083496 42.5980224609375
v 45.43580627441406 9.699999809265137 42.703948974609375
v 46.733116149902344 11.005223274230957 42.78466796875
v 45.43580627441406 8.600000381469727 42.703948974609375
v 44.13850021362305 10.994776725769043 42.623233795166016
v 43.73331069946289 9.311720848083496 42.5980224609375
v 43.04060745239258 11.007100105285645 42.55492401123047
v 44.13850021362305 10.994776725769043 42.623233795166016
v 45.43580627441406 9.699999809265137 42.703948974609375
v 43.73331069946289 9.311720848083496 42.5980224609375
v 45.174991607666016 12.300000190734863 46.895843505859375
v 45.43580627441406 12.300000190734863 42.703948974609375
v 46.733116149902344 11.005223274230957 42.78466796875
v 43.877685546875 11.005223274230957 46.815128326416016
v 44.13850021362305 10.994776725769043 42.623233795166016
v 45.43580627441406 12.300000190734863 42.703948974609375
v 43.877685546875 11.005223274230957 46.815128326416016
v 45.43580627441406 12.300000190734863 42.703948974609375
v 45.174991607666016 12.300000190734863 46.895843505859375
v 46.47229766845703 10.994776725769043 46.9765625
v 46.733116149902344 11.005223274230957 42.78466796875
v 45.43580627441406 9.699999809265137 42.703948974609375
v 46.47229766845703 10.994776725769043 46.9765625
v 45.174991607666016 12.300000190734863 46.895843505859375
v 46.733116149902344 11.005223274230957 42.78466796875
v 45.174991607666016 9.699999809265137 46.895843505859375
v 45.43580627441406 9.699999809265137 42.703948974609375
v 44.13850021362305 10.994776725769043 42.623233795166016
v 45.174991607666016 9.699999809265137 46.895843505859375
v 46.47229766845703 10.994776725769043 46.9765625
v 45.43580627441406 9.699999809265137 42.703948974609375
v 43.877685546875 11.005223274230957 46.815128326416016
v 45.174991607666016 9.699999809265137 46.895843505859375
v 44.13850021362305 10.994776725769043 42.623233795166016
v 46.52236557006836 11.005311012268066 46.97967529296875
v 45.174991607666016 12.300000190734863 46.895843505859375
v 46.47229766845703 10.994776725769043 46.9765625
v 43.827613830566406 10.994688987731934 46.81201171875
v 43.877685546875 11.005223274230957 46.815128326416016
v 45.174991607666016 12.300000190734863 46.895843505859375
v 46.52236557006836 11.005311012268066 46.97967529296875
v 45.174991607666016 12.350000381469727 46.895843505859375
v 45.174991607666016 12.300000190734863 46.895843505859375
v 43.827613830566406 10.994688987731934 46.81201171875
v 45.174991607666016 12.300000190734863 46.895843505859375
v 45.174991607666016 12.350000381469727 46.895843505859375
v 46.52236557006836 11.005311012268066 46.97967529296875
v 46.47229766845703 10.994776725769043 46.9765625
v 45.174991607666016 9.699999809265137 46.895843505859375
v 43.827613830566406 10.994688987731934 46.81201171875
v 45.174991607666016 9.699999809265137 46.895843505859375
v 43.877685546875 11.005223274230957 46.815128326416016
v 45.174991607666016 9.649999618530273 46.895843505859375
v 46.52236557006836 11.005311012268066 46.97967529296875
v 45.174991607666016 9.699999809265137 46.895843505859375
v 43.827613830566406 10.994688987731934 46.81201171875
v 45.174991607666016 9.649999618530273 46.895843505859375
v 45.174991607666016 9.699999809265137 46.895843505859375
v 45.154808044433594 12.024999618530273 47.220218658447266
v 45.174991607666016 12.350000381469727 46.895843505859375
v 46.52236557006836 11.005311012268066 46.97967529296875
v 44.13178634643555 11 47.15656661987305
v 43.827613830566406 10.994688987731934 46.81201171875
v 45.174991607666016 12.350000381469727 46.895843505859375
v 44.13178634643555 11 47.15656661987305
v 45.174991607666016 12.350000381469727 46.895843505859375
v 45.154808044433594 12.024999618530273 47.220218658447266
v 46.17782974243164 11 47.28386688232422
v 46.52236557006836 11.005311012268066 46.97967529296875
v 45.174991607666016 9.649999618530273 46.895843505859375
v 46.17782974243164 11 47.28386688232422
v 45.154808044433594 12.024999618530273 47.220218658447266
v 46.52236557006836 11.005311012268066 46.97967529296875
v 45.154808044433594 9.975000381469727 47.220218658447266
v 45.174991607666016 9.649999618530273 46.895843505859375
v 43.827613830566406 10.994688987731934 46.81201171875
v 45.154808044433594 9.975000381469727 47.220218658447266
v 46.17782974243164 11 47.28386688232422
v 45.174991607666016 9.649999618530273 46.895843505859375
v 44.13178634643555 11 47.15656661987305
v 45.154808044433594 9.975000381469727 47.220218658447266
v 43.827613830566406 10.994688987731934 46.81201171875
v 44.64714813232422 12.024999618530273 55.37944030761719
v 45.154808044433594 12.024999618530273 47.220218658447266
v 46.17782974243164 11 47.28386688232422
v 43.62412643432617 11 55.31578826904297
v 44.13178634643555 11 47.15656661987305
v 45.154808044433594 12.024999618530273 47.220218658447266
v 44.64714813232422 12.024999618530273 55.37944030761719
v 43.62412643432617 11 55.31578826904297
v 45.154808044433594 12.024999618530273 47.220218658447266
v 45.670169830322266 11 55.443092346191406
v 46.17782974243164 11 47.28386688232422
v 45.154808044433594 9.975000381469727 47.220218658447266
v 45.670169830322266 11 55.443092346191406
v 44.64714813232422 12.024999618530273 55.37944030761719
v 46.17782974243164 11 47.28386688232422
v 44.64714813232422 9.975000381469727 55.37944030761719
v 45.154808044433594 9.975000381469727 47.220218658447266
v 44.13178634643555 11 47.15656661987305
v 45.670169830322266 11 55.443092346191406
v 45.154808044433594 9.975000381469727 47.220218658447266
v 44.64714813232422 9.975000381469727 55.37944030761719
v 43.62412643432617 11 55.31578826904297
v 44.64714813232422 9.975000381469727 55.37944030761719
v 44.13178634643555 11 47.15656661987305
v 44.60890197753906 11 55.99413299560547
v 44.64714813232422 9.975000381469727 55.37944030761719
v 43.62412643432617 11 55.31578826904297
v 44.60890197753906 11 55.99413299560547
v 45.670169830322266 11 55.443092346191406
v 44.64714813232422 9.975000381469727 55.37944030761719
v 44.60890197753906 11 55.99413299560547
v 43.62412643432617 11 55.31578826904297
v 44.64714813232422 12.024999618530273 55.37944030761719
v 44.60890197753906 11 55.99413299560547
v 44.64714813232422 12.024999618530273 55.37944030761719
v 45.670169830322266 11 55.443092346191406
v 44.4887580871582 6.753042697906494 37.83574295043945
v 42.60249710083008 8.443747520446777 37.91876983642578
v 47.46808624267578 1.769837720821954e-9 38.221500396728516
v 44.4887580871582 6.753042697906494 37.83574295043945
v 47.46808624267578 1.769837720821954e-9 38.221500396728516
v 47.28089141845703 5.316131242898495e-15 38.00946807861328
v 42.60249710083008 -8.443747520446777 37.91876983642578
v 47.28089141845703 5.316131242898495e-15 38.00946807861328
v 47.46808624267578 1.769837720821954e-9 38.221500396728516
v 28.217756271362305 1.1826742418784373e-14 36.82337188720703
v 28.005722045898438 1.0598311711205143e-14 37.01056671142578
v 32.871315002441406 8.443747520446777 37.31330108642578
v 31.009889602661133 -6.753042697906494 36.99709701538086
v 28.005722045898438 1.0598311711205143e-14 37.01056671142578
v 28.217756271362305 1.1826742418784373e-14 36.82337188720703
v 32.871315002441406 -8.443747520446777 37.31330108642578
v 28.005722045898438 1.0598311711205143e-14 37.01056671142578
v 31.009889602661133 -6.753042697906494 36.99709701538086
v 37.73435592651367 9.549834251403809 37.415489196777344
v 32.871315002441406 8.443747520446777 37.31330108642578
v 42.60249710083008 8.443747520446777 37.91876983642578
v 31.013328552246094 6.756476879119873 36.997310638427734
v 28.217756271362305 1.1826742418784373e-14 36.82337188720703
v 32.871315002441406 8.443747520446777 37.31330108642578
v 37.73435592651367 9.549834251403809 37.415489196777344
v 31.013328552246094 6.756476879119873 36.997310638427734
v 32.871315002441406 8.443747520446777 37.31330108642578
v 44.4887580871582 6.753042697906494 37.83574295043945
v 37.73435592651367 9.549834251403809 37.415489196777344
v 42.60249710083008 8.443747520446777 37.91876983642578
v 44.1683464050293 6.437686443328857 37.8158073425293
v 44.4887580871582 6.753042697906494 37.83574295043945
v 47.28089141845703 5.316131242898495e-15 38.00946807861328
v 45.733882904052734 -1.100000023841858 37.91321563720703
v 47.28089141845703 5.316131242898495e-15 38.00946807861328
v 44.485321044921875 -6.756476879119873 37.83552932739258
v 42.60249710083008 -8.443747520446777 37.91876983642578
v 44.485321044921875 -6.756476879119873 37.83552932739258
v 47.28089141845703 5.316131242898495e-15 38.00946807861328
v 46.83160400390625 0.004419409204274416 37.98151397705078
v 47.28089141845703 5.316131242898495e-15 38.00946807861328
v 45.733882904052734 -1.100000023841858 37.91321563720703
v 46.83160400390625 0.004419409204274416 37.98151397705078
v 45.733882904052734 1.100000023841858 37.91321563720703
v 47.28089141845703 5.316131242898495e-15 38.00946807861328
v 42.62217330932617 4.876021862030029 37.7196044921875
v 47.28089141845703 5.316131242898495e-15 38.00946807861328
v 45.733882904052734 1.100000023841858 37.91321563720703
v 42.62217330932617 4.876021862030029 37.7196044921875
v 44.17157745361328 4.879036903381348 37.816009521484375
v 47.28089141845703 5.316131242898495e-15 38.00946807861328
v 44.1683464050293 6.437686443328857 37.8158073425293
v 47.28089141845703 5.316131242898495e-15 38.00946807861328
v 44.17157745361328 4.879036903381348 37.816009521484375
v 29.7647647857666 1.100000023841858 36.91962432861328
v 28.217756271362305 1.1826742418784373e-14 36.82337188720703
v 31.013328552246094 6.756476879119873 36.997310638427734
v 31.33030128479004 -6.437686443328857 37.017032623291016
v 31.009889602661133 -6.753042697906494 36.99709701538086
v 28.217756271362305 1.1826742418784373e-14 36.82337188720703
v 32.8764762878418 -4.876021862030029 37.11323547363281
v 31.327072143554688 -4.879036903381348 37.01683044433594
v 28.217756271362305 1.1826742418784373e-14 36.82337188720703
v 31.33030128479004 -6.437686443328857 37.017032623291016
v 28.217756271362305 1.1826742418784373e-14 36.82337188720703
v 31.327072143554688 -4.879036903381348 37.01683044433594
v 29.7647647857666 -1.100000023841858 36.91962432861328
v 32.8764762878418 -4.876021862030029 37.11323547363281
v 28.217756271362305 1.1826742418784373e-14 36.82337188720703
v 28.667043685913086 -0.004419409204274416 36.85132598876953
v 28.217756271362305 1.1826742418784373e-14 36.82337188720703
v 29.7647647857666 1.100000023841858 36.91962432861328
v 28.667043685913086 -0.004419409204274416 36.85132598876953
v 29.7647647857666 -1.100000023841858 36.91962432861328
v 28.217756271362305 1.1826742418784373e-14 36.82337188720703
v 36.65144729614258 8 37.34811019897461
v 31.013328552246094 6.756476879119873 36.997310638427734
v 37.73435592651367 9.549834251403809 37.415489196777344
v 37.75373458862305 6.900156021118164 37.41669464111328
v 44.4887580871582 6.753042697906494 37.83574295043945
v 31.013328552246094 6.756476879119873 36.997310638427734
v 44.1683464050293 6.437686443328857 37.8158073425293
v 31.013328552246094 6.756476879119873 36.997310638427734
v 44.4887580871582 6.753042697906494 37.83574295043945
v 31.327072143554688 4.879036903381348 37.01683044433594
v 29.7647647857666 1.100000023841858 36.91962432861328
v 31.013328552246094 6.756476879119873 36.997310638427734
v 31.32406234741211 6.431436538696289 37.01664352416992
v 31.013328552246094 6.756476879119873 36.997310638427734
v 32.879703521728516 6.434671878814697 37.113433837890625
v 42.61894607543945 6.434671878814697 37.71940612792969
v 32.879703521728516 6.434671878814697 37.113433837890625
v 31.013328552246094 6.756476879119873 36.997310638427734
v 31.32406234741211 6.431436538696289 37.01664352416992
v 31.327072143554688 4.879036903381348 37.01683044433594
v 31.013328552246094 6.756476879119873 36.997310638427734
v 36.65144729614258 8 37.34811019897461
v 37.75373458862305 6.900156021118164 37.41669464111328
v 31.013328552246094 6.756476879119873 36.997310638427734
v 44.1683464050293 6.437686443328857 37.8158073425293
v 42.61894607543945 6.434671878814697 37.71940612792969
v 31.013328552246094 6.756476879119873 36.997310638427734
v 37.74491500854492 9.099843978881836 37.41614532470703
v 37.73435592651367 9.549834251403809 37.415489196777344
v 44.4887580871582 6.753042697906494 37.83574295043945
v 37.74491500854492 9.099843978881836 37.41614532470703
v 36.65144729614258 8 37.34811019897461
v 37.73435592651367 9.549834251403809 37.415489196777344
v 37.75373458862305 6.900156021118164 37.41669464111328
v 38.84720230102539 8 37.4847297668457
v 44.4887580871582 6.753042697906494 37.83574295043945
v 37.74491500854492 9.099843978881836 37.41614532470703
v 44.4887580871582 6.753042697906494 37.83574295043945
v 38.84720230102539 8 37.4847297668457
v 37.75373458862305 -9.099843978881836 37.41669464111328
v 37.7642936706543 -9.549834251403809 37.41735076904297
v 31.009889602661133 -6.753042697906494 36.99709701538086
v 32.871315002441406 -8.443747520446777 37.31330108642578
v 31.009889602661133 -6.753042697906494 36.99709701538086
v 37.7642936706543 -9.549834251403809 37.41735076904297
v 37.74491500854492 -6.900156021118164 37.41614532470703
v 31.009889602661133 -6.753042697906494 36.99709701538086
v 44.485321044921875 -6.756476879119873 37.83552932739258
v 31.33030128479004 -6.437686443328857 37.017032623291016
v 44.485321044921875 -6.756476879119873 37.83552932739258
v 31.009889602661133 -6.753042697906494 36.99709701538086
v 37.74491500854492 -6.900156021118164 37.41614532470703
v 36.65144729614258 -8 37.34811019897461
v 31.009889602661133 -6.753042697906494 36.99709701538086
v 37.75373458862305 -9.099843978881836 37.41669464111328
v 31.009889602661133 -6.753042697906494 36.99709701538086
v 36.65144729614258 -8 37.34811019897461
v 38.84720230102539 -8 37.4847297668457
v 44.485321044921875 -6.756476879119873 37.83552932739258
v 37.7642936706543 -9.549834251403809 37.41735076904297
v 42.60249710083008 -8.443747520446777 37.91876983642578
v 37.7642936706543 -9.549834251403809 37.41735076904297
v 44.485321044921875 -6.756476879119873 37.83552932739258
v 37.75373458862305 -9.099843978881836 37.41669464111328
v 38.84720230102539 -8 37.4847297668457
v 37.7642936706543 -9.549834251403809 37.41735076904297
v 42.60249710083008 -8.443747520446777 37.91876983642578
v 32.871315002441406 -8.443747520446777 37.31330108642578
v 37.7642936706543 -9.549834251403809 37.41735076904297
v 44.17157745361328 -4.879036903381348 37.816009521484375
v 45.733882904052734 -1.100000023841858 37.91321563720703
v 44.485321044921875 -6.756476879119873 37.83552932739258
v 44.17458724975586 -6.431436538696289 37.81619644165039
v 44.485321044921875 -6.756476879119873 37.83552932739258
v 42.61894607543945 -6.434671878814697 37.71940612792969
v 32.879703521728516 -6.434671878814697 37.113433837890625
v 42.61894607543945 -6.434671878814697 37.71940612792969
v 44.485321044921875 -6.756476879119873 37.83552932739258
v 44.17458724975586 -6.431436538696289 37.81619644165039
v 44.17157745361328 -4.879036903381348 37.816009521484375
v 44.485321044921875 -6.756476879119873 37.83552932739258
v 38.84720230102539 -8 37.4847297668457
v 37.74491500854492 -6.900156021118164 37.41614532470703
v 44.485321044921875 -6.756476879119873 37.83552932739258
v 31.33030128479004 -6.437686443328857 37.017032623291016
v 32.879703521728516 -6.434671878814697 37.113433837890625
v 44.485321044921875 -6.756476879119873 37.83552932739258
v 41.74160385131836 8.734702007908227e-15 37.664817810058594
v 44.63616180419922 -0.004419409204274416 37.844913482666016
v 45.733882904052734 -1.100000023841858 37.91321563720703
v 45.71525573730469 -0.800000011920929 38.2126350402832
v 45.733882904052734 -1.100000023841858 37.91321563720703
v 44.63616180419922 -0.004419409204274416 37.844913482666016
v 46.513710021972656 9.132737189383126e-15 38.26231384277344
v 46.83160400390625 0.004419409204274416 37.98151397705078
v 45.733882904052734 -1.100000023841858 37.91321563720703
v 37.753536224365234 -3.999842405319214 37.416683197021484
v 45.733882904052734 -1.100000023841858 37.91321563720703
v 44.17157745361328 -4.879036903381348 37.816009521484375
v 37.753536224365234 -3.999842405319214 37.416683197021484
v 41.74160385131836 8.734702007908227e-15 37.664817810058594
v 45.733882904052734 -1.100000023841858 37.91321563720703
v 46.513710021972656 9.132737189383126e-15 38.26231384277344
v 45.733882904052734 -1.100000023841858 37.91321563720703
v 45.71525573730469 -0.800000011920929 38.2126350402832
v 41.74160385131836 8.734702007908227e-15 37.664817810058594
v 45.733882904052734 1.100000023841858 37.91321563720703
v 44.63616180419922 -0.004419409204274416 37.844913482666016
v 44.91679763793945 8.871487664494429e-15 38.16295623779297
v 44.63616180419922 -0.004419409204274416 37.844913482666016
v 45.733882904052734 1.100000023841858 37.91321563720703
v 44.91679763793945 8.871487664494429e-15 38.16295623779297
v 45.71525573730469 -0.800000011920929 38.2126350402832
v 44.63616180419922 -0.004419409204274416 37.844913482666016
v 45.71525573730469 0.800000011920929 38.2126350402832
v 45.733882904052734 1.100000023841858 37.91321563720703
v 46.83160400390625 0.004419409204274416 37.98151397705078
v 37.745113372802734 3.999842405319214 37.41615676879883
v 42.62217330932617 4.876021862030029 37.7196044921875
v 45.733882904052734 1.100000023841858 37.91321563720703
v 41.74160385131836 8.734702007908227e-15 37.664817810058594
v 37.745113372802734 3.999842405319214 37.41615676879883
v 45.733882904052734 1.100000023841858 37.91321563720703
v 45.71525573730469 0.800000011920929 38.2126350402832
v 44.91679763793945 8.871487664494429e-15 38.16295623779297
v 45.733882904052734 1.100000023841858 37.91321563720703
v 46.513710021972656 9.132737189383126e-15 38.26231384277344
v 45.71525573730469 0.800000011920929 38.2126350402832
v 46.83160400390625 0.004419409204274416 37.98151397705078
v 32.8764762878418 -4.876021862030029 37.11323547363281
v 42.615936279296875 -4.882272243499756 37.71921920776367
v 42.61894607543945 -6.434671878814697 37.71940612792969
v 42.81203842163086 -6.222539901733398 38.03199768066406
v 42.61894607543945 -6.434671878814697 37.71940612792969
v 42.615936279296875 -4.882272243499756 37.71921920776367
v 43.94122314453125 -6.222539901733398 38.102256774902344
v 44.17458724975586 -6.431436538696289 37.81619644165039
v 42.61894607543945 -6.434671878814697 37.71940612792969
v 32.879703521728516 -6.434671878814697 37.113433837890625
v 32.8764762878418 -4.876021862030029 37.11323547363281
v 42.61894607543945 -6.434671878814697 37.71940612792969
v 43.94122314453125 -6.222539901733398 38.102256774902344
v 42.61894607543945 -6.434671878814697 37.71940612792969
v 42.81203842163086 -6.222539901733398 38.03199768066406
v 32.8764762878418 -4.876021862030029 37.11323547363281
v 44.17157745361328 -4.879036903381348 37.816009521484375
v 42.615936279296875 -4.882272243499756 37.71921920776367
v 42.81203842163086 -5.0911688804626465 38.03199768066406
v 42.615936279296875 -4.882272243499756 37.71921920776367
v 44.17157745361328 -4.879036903381348 37.816009521484375
v 42.81203842163086 -5.0911688804626465 38.03199768066406
v 42.81203842163086 -6.222539901733398 38.03199768066406
v 42.615936279296875 -4.882272243499756 37.71921920776367
v 43.94122314453125 -5.0911688804626465 38.102256774902344
v 44.17157745361328 -4.879036903381348 37.816009521484375
v 44.17458724975586 -6.431436538696289 37.81619644165039
v 37.753536224365234 -3.999842405319214 37.416683197021484
v 44.17157745361328 -4.879036903381348 37.816009521484375
v 32.8764762878418 -4.876021862030029 37.11323547363281
v 43.94122314453125 -5.0911688804626465 38.102256774902344
v 42.81203842163086 -5.0911688804626465 38.03199768066406
v 44.17157745361328 -4.879036903381348 37.816009521484375
v 43.94122314453125 -6.222539901733398 38.102256774902344
v 43.94122314453125 -5.0911688804626465 38.102256774902344
v 44.17458724975586 -6.431436538696289 37.81619644165039
v 36.9322395324707 -8 37.666160583496094
v 36.65144729614258 -8 37.34811019897461
v 37.74491500854492 -6.900156021118164 37.41614532470703
v 37.73069381713867 -8.800000190734863 37.71583938598633
v 37.75373458862305 -9.099843978881836 37.41669464111328
v 36.65144729614258 -8 37.34811019897461
v 37.73069381713867 -8.800000190734863 37.71583938598633
v 36.65144729614258 -8 37.34811019897461
v 36.9322395324707 -8 37.666160583496094
v 37.73069381713867 -7.199999809265137 37.71583938598633
v 37.74491500854492 -6.900156021118164 37.41614532470703
v 38.84720230102539 -8 37.4847297668457
v 37.73069381713867 -7.199999809265137 37.71583938598633
v 36.9322395324707 -8 37.666160583496094
v 37.74491500854492 -6.900156021118164 37.41614532470703
v 38.529151916503906 -8 37.76552200317383
v 38.84720230102539 -8 37.4847297668457
v 37.75373458862305 -9.099843978881836 37.41669464111328
v 38.529151916503906 -8 37.76552200317383
v 37.73069381713867 -7.199999809265137 37.71583938598633
v 38.84720230102539 -8 37.4847297668457
v 37.73069381713867 -8.800000190734863 37.71583938598633
v 38.529151916503906 -8 37.76552200317383
v 37.75373458862305 -9.099843978881836 37.41669464111328
v 31.520164489746094 -5.0911688804626465 37.32942581176758
v 31.327072143554688 -4.879036903381348 37.01683044433594
v 32.8764762878418 -4.876021862030029 37.11323547363281
v 31.520164489746094 -6.222539901733398 37.32942581176758
v 31.33030128479004 -6.437686443328857 37.017032623291016
v 31.327072143554688 -4.879036903381348 37.01683044433594
v 31.520164489746094 -6.222539901733398 37.32942581176758
v 31.327072143554688 -4.879036903381348 37.01683044433594
v 31.520164489746094 -5.0911688804626465 37.32942581176758
v 32.64935302734375 -5.0911688804626465 37.39968490600586
v 32.8764762878418 -4.876021862030029 37.11323547363281
v 32.879703521728516 -6.434671878814697 37.113433837890625
v 37.753536224365234 -3.999842405319214 37.416683197021484
v 32.8764762878418 -4.876021862030029 37.11323547363281
v 29.7647647857666 -1.100000023841858 36.91962432861328
v 32.64935302734375 -5.0911688804626465 37.39968490600586
v 31.520164489746094 -5.0911688804626465 37.32942581176758
v 32.8764762878418 -4.876021862030029 37.11323547363281
v 32.64935302734375 -6.222539901733398 37.39968490600586
v 32.879703521728516 -6.434671878814697 37.113433837890625
v 31.33030128479004 -6.437686443328857 37.017032623291016
v 32.64935302734375 -6.222539901733398 37.39968490600586
v 32.64935302734375 -5.0911688804626465 37.39968490600586
v 32.879703521728516 -6.434671878814697 37.113433837890625
v 31.520164489746094 -6.222539901733398 37.32942581176758
v 32.64935302734375 -6.222539901733398 37.39968490600586
v 31.33030128479004 -6.437686443328857 37.017032623291016
v 33.75704574584961 8.406985807648485e-15 37.16802215576172
v 30.862485885620117 0.004419409204274416 36.9879264831543
v 29.7647647857666 1.100000023841858 36.91962432861328
v 29.746135711669922 0.800000011920929 37.21904754638672
v 29.7647647857666 1.100000023841858 36.91962432861328
v 30.862485885620117 0.004419409204274416 36.9879264831543
v 28.94767951965332 8.120454043350142e-15 37.169368743896484
v 28.667043685913086 -0.004419409204274416 36.85132598876953
v 29.7647647857666 1.100000023841858 36.91962432861328
v 37.745113372802734 3.999842405319214 37.41615676879883
v 29.7647647857666 1.100000023841858 36.91962432861328
v 31.327072143554688 4.879036903381348 37.01683044433594
v 37.745113372802734 3.999842405319214 37.41615676879883
v 33.75704574584961 8.406985807648485e-15 37.16802215576172
v 29.7647647857666 1.100000023841858 36.91962432861328
v 28.94767951965332 8.120454043350142e-15 37.169368743896484
v 29.7647647857666 1.100000023841858 36.91962432861328
v 29.746135711669922 0.800000011920929 37.21904754638672
v 33.75704574584961 8.406985807648485e-15 37.16802215576172
v 29.7647647857666 -1.100000023841858 36.91962432861328
v 30.862485885620117 0.004419409204274416 36.9879264831543
v 30.54458999633789 8.381704415271786e-15 37.26872634887695
v 30.862485885620117 0.004419409204274416 36.9879264831543
v 29.7647647857666 -1.100000023841858 36.91962432861328
v 30.54458999633789 8.381704415271786e-15 37.26872634887695
v 29.746135711669922 0.800000011920929 37.21904754638672
v 30.862485885620117 0.004419409204274416 36.9879264831543
v 29.746135711669922 -0.800000011920929 37.21904754638672
v 29.7647647857666 -1.100000023841858 36.91962432861328
v 28.667043685913086 -0.004419409204274416 36.85132598876953
v 37.753536224365234 -3.999842405319214 37.416683197021484
v 29.7647647857666 -1.100000023841858 36.91962432861328
v 33.75704574584961 8.406985807648485e-15 37.16802215576172
v 29.746135711669922 -0.800000011920929 37.21904754638672
v 30.54458999633789 8.381704415271786e-15 37.26872634887695
v 29.7647647857666 -1.100000023841858 36.91962432861328
v 28.94767951965332 8.120454043350142e-15 37.169368743896484
v 29.746135711669922 -0.800000011920929 37.21904754638672
v 28.667043685913086 -0.004419409204274416 36.85132598876953
v 42.62217330932617 4.876021862030029 37.7196044921875
v 32.882713317871094 4.882272243499756 37.113624572753906
v 32.879703521728516 6.434671878814697 37.113433837890625
v 32.64935302734375 6.222539901733398 37.39968490600586
v 32.879703521728516 6.434671878814697 37.113433837890625
v 32.882713317871094 4.882272243499756 37.113624572753906
v 31.520164489746094 6.222539901733398 37.32942581176758
v 31.32406234741211 6.431436538696289 37.01664352416992
v 32.879703521728516 6.434671878814697 37.113433837890625
v 42.61894607543945 6.434671878814697 37.71940612792969
v 42.62217330932617 4.876021862030029 37.7196044921875
v 32.879703521728516 6.434671878814697 37.113433837890625
v 31.520164489746094 6.222539901733398 37.32942581176758
v 32.879703521728516 6.434671878814697 37.113433837890625
v 32.64935302734375 6.222539901733398 37.39968490600586
v 42.62217330932617 4.876021862030029 37.7196044921875
v 31.327072143554688 4.879036903381348 37.01683044433594
v 32.882713317871094 4.882272243499756 37.113624572753906
v 32.64935302734375 5.0911688804626465 37.39968490600586
v 32.882713317871094 4.882272243499756 37.113624572753906
v 31.327072143554688 4.879036903381348 37.01683044433594
v 32.64935302734375 5.0911688804626465 37.39968490600586
v 32.64935302734375 6.222539901733398 37.39968490600586
v 32.882713317871094 4.882272243499756 37.113624572753906
v 31.520164489746094 5.0911688804626465 37.32942581176758
v 31.327072143554688 4.879036903381348 37.01683044433594
v 31.32406234741211 6.431436538696289 37.01664352416992
v 37.745113372802734 3.999842405319214 37.41615676879883
v 31.327072143554688 4.879036903381348 37.01683044433594
v 42.62217330932617 4.876021862030029 37.7196044921875
v 31.520164489746094 5.0911688804626465 37.32942581176758
v 32.64935302734375 5.0911688804626465 37.39968490600586
v 31.327072143554688 4.879036903381348 37.01683044433594
v 31.520164489746094 6.222539901733398 37.32942581176758
v 31.520164489746094 5.0911688804626465 37.32942581176758
v 31.32406234741211 6.431436538696289 37.01664352416992
v 38.529151916503906 8 37.76552200317383
v 38.84720230102539 8 37.4847297668457
v 37.75373458862305 6.900156021118164 37.41669464111328
v 37.73069381713867 8.800000190734863 37.71583938598633
v 37.74491500854492 9.099843978881836 37.41614532470703
v 38.84720230102539 8 37.4847297668457
v 37.73069381713867 8.800000190734863 37.71583938598633
v 38.84720230102539 8 37.4847297668457
v 38.529151916503906 8 37.76552200317383
v 37.73069381713867 7.199999809265137 37.71583938598633
v 37.75373458862305 6.900156021118164 37.41669464111328
v 36.65144729614258 8 37.34811019897461
v 37.73069381713867 7.199999809265137 37.71583938598633
v 38.529151916503906 8 37.76552200317383
v 37.75373458862305 6.900156021118164 37.41669464111328
v 36.9322395324707 8 37.666160583496094
v 36.65144729614258 8 37.34811019897461
v 37.74491500854492 9.099843978881836 37.41614532470703
v 36.9322395324707 8 37.666160583496094
v 37.73069381713867 7.199999809265137 37.71583938598633
v 36.65144729614258 8 37.34811019897461
v 37.73069381713867 8.800000190734863 37.71583938598633
v 36.9322395324707 8 37.666160583496094
v 37.74491500854492 9.099843978881836 37.41614532470703
v 43.94122314453125 5.0911688804626465 38.102256774902344
v 44.17157745361328 4.879036903381348 37.816009521484375
v 42.62217330932617 4.876021862030029 37.7196044921875
v 43.94122314453125 6.222539901733398 38.102256774902344
v 44.1683464050293 6.437686443328857 37.8158073425293
v 44.17157745361328 4.879036903381348 37.816009521484375
v 43.94122314453125 6.222539901733398 38.102256774902344
v 44.17157745361328 4.879036903381348 37.816009521484375
v 43.94122314453125 5.0911688804626465 38.102256774902344
v 42.81203842163086 5.0911688804626465 38.03199768066406
v 42.62217330932617 4.876021862030029 37.7196044921875
v 42.61894607543945 6.434671878814697 37.71940612792969
v 42.81203842163086 5.0911688804626465 38.03199768066406
v 43.94122314453125 5.0911688804626465 38.102256774902344
v 42.62217330932617 4.876021862030029 37.7196044921875
v 42.81203842163086 6.222539901733398 38.03199768066406
v 42.61894607543945 6.434671878814697 37.71940612792969
v 44.1683464050293 6.437686443328857 37.8158073425293
v 42.81203842163086 6.222539901733398 38.03199768066406
v 42.81203842163086 5.0911688804626465 38.03199768066406
v 42.61894607543945 6.434671878814697 37.71940612792969
v 43.94122314453125 6.222539901733398 38.102256774902344
v 42.81203842163086 6.222539901733398 38.03199768066406
v 44.1683464050293 6.437686443328857 37.8158073425293
v 33.862613677978516 9.075321061053493e-15 35.47130584716797
v 33.75704574584961 8.406985807648485e-15 37.16802215576172
v 37.745113372802734 3.999842405319214 37.41615676879883
v 37.85489273071289 -4 35.71969985961914
v 37.753536224365234 -3.999842405319214 37.416683197021484
v 33.75704574584961 8.406985807648485e-15 37.16802215576172
v 37.85489273071289 -4 35.71969985961914
v 33.75704574584961 8.406985807648485e-15 37.16802215576172
v 33.862613677978516 9.075321061053493e-15 35.47130584716797
v 37.85489273071289 4 35.71969985961914
v 37.745113372802734 3.999842405319214 37.41615676879883
v 41.74160385131836 8.734702007908227e-15 37.664817810058594
v 37.85489273071289 4 35.71969985961914
v 33.862613677978516 9.075321061053493e-15 35.47130584716797
v 37.745113372802734 3.999842405319214 37.41615676879883
v 41.847171783447266 -2.7017579284915882e-9 35.96809768676758
v 41.74160385131836 8.734702007908227e-15 37.664817810058594
v 37.753536224365234 -3.999842405319214 37.416683197021484
v 37.85489273071289 4 35.71969985961914
v 41.74160385131836 8.734702007908227e-15 37.664817810058594
v 41.847171783447266 -2.7017579284915882e-9 35.96809768676758
v 37.85489273071289 -4 35.71969985961914
v 41.847171783447266 -2.7017579284915882e-9 35.96809768676758
v 37.753536224365234 -3.999842405319214 37.416683197021484
v 45.609683990478516 -0.800000011920929 39.90935516357422
v 45.71525573730469 -0.800000011920929 38.2126350402832
v 44.91679763793945 8.871487664494429e-15 38.16295623779297
v 46.40812683105469 -0.0031604585237801075 39.95903396606445
v 46.513710021972656 9.132737189383126e-15 38.26231384277344
v 45.71525573730469 -0.800000011920929 38.2126350402832
v 46.40812683105469 -0.0031604585237801075 39.95903396606445
v 45.71525573730469 -0.800000011920929 38.2126350402832
v 45.609683990478516 -0.800000011920929 39.90935516357422
v 44.81124496459961 0.0031604585237801075 39.859676361083984
v 44.91679763793945 8.871487664494429e-15 38.16295623779297
v 45.71525573730469 0.800000011920929 38.2126350402832
v 44.81124496459961 0.0031604585237801075 39.859676361083984
v 45.609683990478516 -0.800000011920929 39.90935516357422
v 44.91679763793945 8.871487664494429e-15 38.16295623779297
v 45.609683990478516 0.800000011920929 39.90935516357422
v 45.71525573730469 0.800000011920929 38.2126350402832
v 46.513710021972656 9.132737189383126e-15 38.26231384277344
v 44.81124496459961 0.0031604585237801075 39.859676361083984
v 45.71525573730469 0.800000011920929 38.2126350402832
v 45.609683990478516 0.800000011920929 39.90935516357422
v 46.40812683105469 -0.0031604585237801075 39.95903396606445
v 45.609683990478516 0.800000011920929 39.90935516357422
v 46.513710021972656 9.132737189383126e-15 38.26231384277344
v 44.81124496459961 0.0031604585237801075 39.859676361083984
v 46.40812683105469 -0.0031604585237801075 39.95903396606445
v 45.609683990478516 -0.800000011920929 39.90935516357422
v 44.81124496459961 0.0031604585237801075 39.859676361083984
v 45.609683990478516 0.800000011920929 39.90935516357422
v 46.40812683105469 -0.0031604585237801075 39.95903396606445
v 42.70647048950195 -6.222539901733398 39.72871780395508
v 42.81203842163086 -6.222539901733398 38.03199768066406
v 42.81203842163086 -5.0911688804626465 38.03199768066406
v 43.83341598510742 -6.2247633934021 39.79883575439453
v 43.94122314453125 -6.222539901733398 38.102256774902344
v 42.81203842163086 -6.222539901733398 38.03199768066406
v 43.83341598510742 -6.2247633934021 39.79883575439453
v 42.81203842163086 -6.222539901733398 38.03199768066406
v 42.70647048950195 -6.222539901733398 39.72871780395508
v 42.708709716796875 -5.088944911956787 39.728858947753906
v 42.81203842163086 -5.0911688804626465 38.03199768066406
v 43.94122314453125 -5.0911688804626465 38.102256774902344
v 42.708709716796875 -5.088944911956787 39.728858947753906
v 42.70647048950195 -6.222539901733398 39.72871780395508
v 42.81203842163086 -5.0911688804626465 38.03199768066406
v 43.835655212402344 -5.0911688804626465 39.79897689819336
v 43.94122314453125 -5.0911688804626465 38.102256774902344
v 43.94122314453125 -6.222539901733398 38.102256774902344
v 42.708709716796875 -5.088944911956787 39.728858947753906
v 43.94122314453125 -5.0911688804626465 38.102256774902344
v 43.835655212402344 -5.0911688804626465 39.79897689819336
v 43.83341598510742 -6.2247633934021 39.79883575439453
v 43.835655212402344 -5.0911688804626465 39.79897689819336
v 43.94122314453125 -6.222539901733398 38.102256774902344
v 43.83341598510742 -6.2247633934021 39.79883575439453
v 42.70647048950195 -6.222539901733398 39.72871780395508
v 43.835655212402344 -5.0911688804626465 39.79897689819336
v 42.708709716796875 -5.088944911956787 39.728858947753906
v 43.835655212402344 -5.0911688804626465 39.79897689819336
v 42.70647048950195 -6.222539901733398 39.72871780395508
v 36.8266716003418 -8 39.36288070678711
v 36.9322395324707 -8 37.666160583496094
v 37.73069381713867 -7.199999809265137 37.71583938598633
v 37.621971130371094 -8.799983978271484 39.4123649597168
v 37.73069381713867 -8.800000190734863 37.71583938598633
v 36.9322395324707 -8 37.666160583496094
v 37.621971130371094 -8.799983978271484 39.4123649597168
v 36.9322395324707 -8 37.666160583496094
v 36.8266716003418 -8 39.36288070678711
v 37.62828063964844 -7.200015544891357 39.412757873535156
v 37.73069381713867 -7.199999809265137 37.71583938598633
v 38.529151916503906 -8 37.76552200317383
v 37.62828063964844 -7.200015544891357 39.412757873535156
v 36.8266716003418 -8 39.36288070678711
v 37.73069381713867 -7.199999809265137 37.71583938598633
v 38.423580169677734 -8 39.46223831176758
v 38.529151916503906 -8 37.76552200317383
v 37.73069381713867 -8.800000190734863 37.71583938598633
v 37.62828063964844 -7.200015544891357 39.412757873535156
v 38.529151916503906 -8 37.76552200317383
v 38.423580169677734 -8 39.46223831176758
v 37.621971130371094 -8.799983978271484 39.4123649597168
v 38.423580169677734 -8 39.46223831176758
v 37.73069381713867 -8.800000190734863 37.71583938598633
v 37.62828063964844 -7.200015544891357 39.412757873535156
v 37.621971130371094 -8.799983978271484 39.4123649597168
v 36.8266716003418 -8 39.36288070678711
v 37.62828063964844 -7.200015544891357 39.412757873535156
v 38.423580169677734 -8 39.46223831176758
v 37.621971130371094 -8.799983978271484 39.4123649597168
v 31.414596557617188 -5.0911688804626465 39.026145935058594
v 31.520164489746094 -5.0911688804626465 37.32942581176758
v 32.64935302734375 -5.0911688804626465 37.39968490600586
v 31.412376403808594 -6.220293998718262 39.02600860595703
v 31.520164489746094 -6.222539901733398 37.32942581176758
v 31.520164489746094 -5.0911688804626465 37.32942581176758
v 31.412376403808594 -6.220293998718262 39.02600860595703
v 31.520164489746094 -5.0911688804626465 37.32942581176758
v 31.414596557617188 -5.0911688804626465 39.026145935058594
v 32.54600143432617 -5.093414783477783 39.09653854370117
v 32.64935302734375 -5.0911688804626465 37.39968490600586
v 32.64935302734375 -6.222539901733398 37.39968490600586
v 32.54600143432617 -5.093414783477783 39.09653854370117
v 31.414596557617188 -5.0911688804626465 39.026145935058594
v 32.64935302734375 -5.0911688804626465 37.39968490600586
v 32.543785095214844 -6.222539901733398 39.09640121459961
v 32.64935302734375 -6.222539901733398 37.39968490600586
v 31.520164489746094 -6.222539901733398 37.32942581176758
v 32.54600143432617 -5.093414783477783 39.09653854370117
v 32.64935302734375 -6.222539901733398 37.39968490600586
v 32.543785095214844 -6.222539901733398 39.09640121459961
v 31.412376403808594 -6.220293998718262 39.02600860595703
v 32.543785095214844 -6.222539901733398 39.09640121459961
v 31.520164489746094 -6.222539901733398 37.32942581176758
v 31.412376403808594 -6.220293998718262 39.02600860595703
v 31.414596557617188 -5.0911688804626465 39.026145935058594
v 32.543785095214844 -6.222539901733398 39.09640121459961
v 32.54600143432617 -5.093414783477783 39.09653854370117
v 32.543785095214844 -6.222539901733398 39.09640121459961
v 31.414596557617188 -5.0911688804626465 39.026145935058594
v 29.640565872192383 0.800000011920929 38.915767669677734
v 29.746135711669922 0.800000011920929 37.21904754638672
v 30.54458999633789 8.381704415271786e-15 37.26872634887695
v 28.842124938964844 0.0031604585237801075 38.8660888671875
v 28.94767951965332 8.120454043350142e-15 37.169368743896484
v 29.746135711669922 0.800000011920929 37.21904754638672
v 28.842124938964844 0.0031604585237801075 38.8660888671875
v 29.746135711669922 0.800000011920929 37.21904754638672
v 29.640565872192383 0.800000011920929 38.915767669677734
v 30.439006805419922 -0.0031604585237801075 38.9654426574707
v 30.54458999633789 8.381704415271786e-15 37.26872634887695
v 29.746135711669922 -0.800000011920929 37.21904754638672
v 30.439006805419922 -0.0031604585237801075 38.9654426574707
v 29.640565872192383 0.800000011920929 38.915767669677734
v 30.54458999633789 8.381704415271786e-15 37.26872634887695
v 29.640565872192383 -0.800000011920929 38.915767669677734
v 29.746135711669922 -0.800000011920929 37.21904754638672
v 28.94767951965332 8.120454043350142e-15 37.169368743896484
v 30.439006805419922 -0.0031604585237801075 38.9654426574707
v 29.746135711669922 -0.800000011920929 37.21904754638672
v 29.640565872192383 -0.800000011920929 38.915767669677734
v 28.842124938964844 0.0031604585237801075 38.8660888671875
v 29.640565872192383 -0.800000011920929 38.915767669677734
v 28.94767951965332 8.120454043350142e-15 37.169368743896484
v 30.439006805419922 -0.0031604585237801075 38.9654426574707
v 28.842124938964844 0.0031604585237801075 38.8660888671875
v 29.640565872192383 0.800000011920929 38.915767669677734
v 30.439006805419922 -0.0031604585237801075 38.9654426574707
v 29.640565872192383 -0.800000011920929 38.915767669677734
v 28.842124938964844 0.0031604585237801075 38.8660888671875
v 32.543785095214844 6.222539901733398 39.09640121459961
v 32.64935302734375 6.222539901733398 37.39968490600586
v 32.64935302734375 5.0911688804626465 37.39968490600586
v 31.416837692260742 6.2247633934021 39.026283264160156
v 31.520164489746094 6.222539901733398 37.32942581176758
v 32.64935302734375 6.222539901733398 37.39968490600586
v 31.416837692260742 6.2247633934021 39.026283264160156
v 32.64935302734375 6.222539901733398 37.39968490600586
v 32.543785095214844 6.222539901733398 39.09640121459961
v 32.541542053222656 5.088944911956787 39.09626388549805
v 32.64935302734375 5.0911688804626465 37.39968490600586
v 31.520164489746094 5.0911688804626465 37.32942581176758
v 32.541542053222656 5.088944911956787 39.09626388549805
v 32.543785095214844 6.222539901733398 39.09640121459961
v 32.64935302734375 5.0911688804626465 37.39968490600586
v 31.414596557617188 5.0911688804626465 39.026145935058594
v 31.520164489746094 5.0911688804626465 37.32942581176758
v 31.520164489746094 6.222539901733398 37.32942581176758
v 32.541542053222656 5.088944911956787 39.09626388549805
v 31.520164489746094 5.0911688804626465 37.32942581176758
v 31.414596557617188 5.0911688804626465 39.026145935058594
v 31.416837692260742 6.2247633934021 39.026283264160156
v 31.414596557617188 5.0911688804626465 39.026145935058594
v 31.520164489746094 6.222539901733398 37.32942581176758
v 31.416837692260742 6.2247633934021 39.026283264160156
v 32.543785095214844 6.222539901733398 39.09640121459961
v 31.414596557617188 5.0911688804626465 39.026145935058594
v 32.541542053222656 5.088944911956787 39.09626388549805
v 31.414596557617188 5.0911688804626465 39.026145935058594
v 32.543785095214844 6.222539901733398 39.09640121459961
v 38.423580169677734 8 39.46223831176758
v 38.529151916503906 8 37.76552200317383
v 37.73069381713867 7.199999809265137 37.71583938598633
v 37.62828063964844 8.799983978271484 39.412757873535156
v 37.73069381713867 8.800000190734863 37.71583938598633
v 38.529151916503906 8 37.76552200317383
v 37.62828063964844 8.799983978271484 39.412757873535156
v 38.529151916503906 8 37.76552200317383
v 38.423580169677734 8 39.46223831176758
v 37.621971130371094 7.200015544891357 39.4123649597168
v 37.73069381713867 7.199999809265137 37.71583938598633
v 36.9322395324707 8 37.666160583496094
v 37.621971130371094 7.200015544891357 39.4123649597168
v 38.423580169677734 8 39.46223831176758
v 37.73069381713867 7.199999809265137 37.71583938598633
v 36.8266716003418 8 39.36288070678711
v 36.9322395324707 8 37.666160583496094
v 37.73069381713867 8.800000190734863 37.71583938598633
v 37.621971130371094 7.200015544891357 39.4123649597168
v 36.9322395324707 8 37.666160583496094
v 36.8266716003418 8 39.36288070678711
v 37.62828063964844 8.799983978271484 39.412757873535156
v 36.8266716003418 8 39.36288070678711
v 37.73069381713867 8.800000190734863 37.71583938598633
v 37.621971130371094 7.200015544891357 39.4123649597168
v 37.62828063964844 8.799983978271484 39.412757873535156
v 38.423580169677734 8 39.46223831176758
v 37.621971130371094 7.200015544891357 39.4123649597168
v 36.8266716003418 8 39.36288070678711
v 37.62828063964844 8.799983978271484 39.412757873535156
v 43.835655212402344 5.0911688804626465 39.79897689819336
v 43.94122314453125 5.0911688804626465 38.102256774902344
v 42.81203842163086 5.0911688804626465 38.03199768066406
v 43.83787536621094 6.220293998718262 39.79911422729492
v 43.94122314453125 6.222539901733398 38.102256774902344
v 43.94122314453125 5.0911688804626465 38.102256774902344
v 43.83787536621094 6.220293998718262 39.79911422729492
v 43.94122314453125 5.0911688804626465 38.102256774902344
v 43.835655212402344 5.0911688804626465 39.79897689819336
v 42.70425033569336 5.093414783477783 39.728580474853516
v 42.81203842163086 5.0911688804626465 38.03199768066406
v 42.81203842163086 6.222539901733398 38.03199768066406
v 42.70425033569336 5.093414783477783 39.728580474853516
v 43.835655212402344 5.0911688804626465 39.79897689819336
v 42.81203842163086 5.0911688804626465 38.03199768066406
v 42.70647048950195 6.222539901733398 39.72871780395508
v 42.81203842163086 6.222539901733398 38.03199768066406
v 43.94122314453125 6.222539901733398 38.102256774902344
v 42.70425033569336 5.093414783477783 39.728580474853516
v 42.81203842163086 6.222539901733398 38.03199768066406
v 42.70647048950195 6.222539901733398 39.72871780395508
v 43.83787536621094 6.220293998718262 39.79911422729492
v 42.70647048950195 6.222539901733398 39.72871780395508
v 43.94122314453125 6.222539901733398 38.102256774902344
v 43.83787536621094 6.220293998718262 39.79911422729492
v 43.835655212402344 5.0911688804626465 39.79897689819336
v 42.70647048950195 6.222539901733398 39.72871780395508
v 42.70425033569336 5.093414783477783 39.728580474853516
v 42.70647048950195 6.222539901733398 39.72871780395508
v 43.835655212402344 5.0911688804626465 39.79897689819336
v 37.87198257446289 3.79984450340271 35.52037811279297
v 37.85489273071289 4 35.71969985961914
v 41.847171783447266 -2.7017579284915882e-9 35.96809768676758
v 37.87198257446289 3.79984450340271 35.52037811279297
v 41.847171783447266 -2.7017579284915882e-9 35.96809768676758
v 41.65998077392578 8.609326732154487e-15 35.756065368652344
v 37.85489273071289 -4 35.71969985961914
v 41.65998077392578 8.609326732154487e-15 35.756065368652344
v 41.847171783447266 -2.7017579284915882e-9 35.96809768676758
v 34.07464599609375 7.834865026722093e-15 35.28411102294922
v 33.862613677978516 9.075321061053493e-15 35.47130584716797
v 37.85489273071289 4 35.71969985961914
v 37.86264419555664 -3.79984450340271 35.519798278808594
v 33.862613677978516 9.075321061053493e-15 35.47130584716797
v 34.07464599609375 7.834865026722093e-15 35.28411102294922
v 37.85489273071289 -4 35.71969985961914
v 33.862613677978516 9.075321061053493e-15 35.47130584716797
v 37.86264419555664 -3.79984450340271 35.519798278808594
v 37.87198257446289 3.79984450340271 35.52037811279297
v 34.07464599609375 7.834865026722093e-15 35.28411102294922
v 37.85489273071289 4 35.71969985961914
v 37.867313385009766 2.25 35.52008819580078
v 37.87198257446289 3.79984450340271 35.52037811279297
v 41.65998077392578 8.609326732154487e-15 35.756065368652344
v 39.46394729614258 -1.582223653793335 35.61943054199219
v 41.65998077392578 8.609326732154487e-15 35.756065368652344
v 37.86264419555664 -3.79984450340271 35.519798278808594
v 37.85489273071289 -4 35.71969985961914
v 37.86264419555664 -3.79984450340271 35.519798278808594
v 41.65998077392578 8.609326732154487e-15 35.756065368652344
v 40.112815856933594 0.007251222152262926 35.6598014831543
v 37.867313385009766 2.25 35.52008819580078
v 41.65998077392578 8.609326732154487e-15 35.756065368652344
v 39.46394729614258 -1.582223653793335 35.61943054199219
v 40.112815856933594 0.007251222152262926 35.6598014831543
v 41.65998077392578 8.609326732154487e-15 35.756065368652344
v 36.27067947387695 1.582223653793335 35.420745849609375
v 34.07464599609375 7.834865026722093e-15 35.28411102294922
v 37.87198257446289 3.79984450340271 35.52037811279297
v 37.867313385009766 -2.25 35.52008819580078
v 37.86264419555664 -3.79984450340271 35.519798278808594
v 34.07464599609375 7.834865026722093e-15 35.28411102294922
v 35.62181091308594 -0.007251222152262926 35.380374908447266
v 37.867313385009766 -2.25 35.52008819580078
v 34.07464599609375 7.834865026722093e-15 35.28411102294922
v 36.27067947387695 1.582223653793335 35.420745849609375
v 35.62181091308594 -0.007251222152262926 35.380374908447266
v 34.07464599609375 7.834865026722093e-15 35.28411102294922
v 36.27067947387695 1.582223653793335 35.420745849609375
v 37.87198257446289 3.79984450340271 35.52037811279297
v 37.867313385009766 2.25 35.52008819580078
v 37.867313385009766 -2.25 35.52008819580078
v 39.46394729614258 -1.582223653793335 35.61943054199219
v 37.86264419555664 -3.79984450340271 35.519798278808594
v 38.01324462890625 2.25 33.17462158203125
v 37.867313385009766 2.25 35.52008819580078
v 40.112815856933594 0.007251222152262926 35.6598014831543
v 36.42532730102539 1.5909903049468994 33.07582473754883
v 36.27067947387695 1.582223653793335 35.420745849609375
v 37.867313385009766 2.25 35.52008819580078
v 36.42532730102539 1.5909903049468994 33.07582473754883
v 37.867313385009766 2.25 35.52008819580078
v 38.01324462890625 2.25 33.17462158203125
v 40.25890350341797 8.019625782407832e-15 33.31434631347656
v 40.112815856933594 0.007251222152262926 35.6598014831543
v 39.46394729614258 -1.582223653793335 35.61943054199219
v 39.601165771484375 1.5909903049468994 33.27342224121094
v 40.112815856933594 0.007251222152262926 35.6598014831543
v 40.25890350341797 8.019625782407832e-15 33.31434631347656
v 39.601165771484375 1.5909903049468994 33.27342224121094
v 38.01324462890625 2.25 33.17462158203125
v 40.112815856933594 0.007251222152262926 35.6598014831543
v 39.601165771484375 -1.5909903049468994 33.27342224121094
v 39.46394729614258 -1.582223653793335 35.61943054199219
v 37.867313385009766 -2.25 35.52008819580078
v 39.601165771484375 -1.5909903049468994 33.27342224121094
v 40.25890350341797 8.019625782407832e-15 33.31434631347656
v 39.46394729614258 -1.582223653793335 35.61943054199219
v 38.01324462890625 -2.25 33.17462158203125
v 37.867313385009766 -2.25 35.52008819580078
v 35.62181091308594 -0.007251222152262926 35.380374908447266
v 38.01324462890625 -2.25 33.17462158203125
v 39.601165771484375 -1.5909903049468994 33.27342224121094
v 37.867313385009766 -2.25 35.52008819580078
v 35.7675895690918 7.284861123081458e-15 33.0349006652832
v 35.62181091308594 -0.007251222152262926 35.380374908447266
v 36.27067947387695 1.582223653793335 35.420745849609375
v 36.42532730102539 -1.5909903049468994 33.07582473754883
v 38.01324462890625 -2.25 33.17462158203125
v 35.62181091308594 -0.007251222152262926 35.380374908447266
v 36.42532730102539 -1.5909903049468994 33.07582473754883
v 35.62181091308594 -0.007251222152262926 35.380374908447266
v 35.7675895690918 7.284861123081458e-15 33.0349006652832
v 35.7675895690918 7.284861123081458e-15 33.0349006652832
v 36.27067947387695 1.582223653793335 35.420745849609375
v 36.42532730102539 1.5909903049468994 33.07582473754883
v 40.118507385253906 7.976738810222452e-15 33.15531921386719
v 40.25890350341797 8.019625782407832e-15 33.31434631347656
v 39.601165771484375 -1.5909903049468994 33.27342224121094
v 39.50454330444336 1.484847068786621 33.11711883544922
v 39.601165771484375 1.5909903049468994 33.27342224121094
v 40.25890350341797 8.019625782407832e-15 33.31434631347656
v 39.50454330444336 1.484847068786621 33.11711883544922
v 40.25890350341797 8.019625782407832e-15 33.31434631347656
v 40.118507385253906 7.976738810222452e-15 33.15531921386719
v 39.50454330444336 -1.484847068786621 33.11711883544922
v 39.601165771484375 -1.5909903049468994 33.27342224121094
v 38.01324462890625 -2.25 33.17462158203125
v 39.50454330444336 -1.484847068786621 33.11711883544922
v 40.118507385253906 7.976738810222452e-15 33.15531921386719
v 39.601165771484375 -1.5909903049468994 33.27342224121094
v 38.022560119628906 -2.0999999046325684 33.0249137878418
v 39.50454330444336 -1.484847068786621 33.11711883544922
v 38.01324462890625 -2.25 33.17462158203125
v 36.42532730102539 -1.5909903049468994 33.07582473754883
v 38.022560119628906 -2.0999999046325684 33.0249137878418
v 38.01324462890625 -2.25 33.17462158203125
v 38.022560119628906 2.0999999046325684 33.0249137878418
v 38.01324462890625 2.25 33.17462158203125
v 39.601165771484375 1.5909903049468994 33.27342224121094
v 36.54058074951172 1.484847068786621 32.93270492553711
v 38.01324462890625 2.25 33.17462158203125
v 38.022560119628906 2.0999999046325684 33.0249137878418
v 36.42532730102539 1.5909903049468994 33.07582473754883
v 38.01324462890625 2.25 33.17462158203125
v 36.54058074951172 1.484847068786621 32.93270492553711
v 39.50454330444336 1.484847068786621 33.11711883544922
v 38.022560119628906 2.0999999046325684 33.0249137878418
v 39.601165771484375 1.5909903049468994 33.27342224121094
v 39.50454330444336 1.484847068786621 33.11711883544922
v 40.118507385253906 7.976738810222452e-15 33.15531921386719
v 39.50454330444336 -1.484847068786621 33.11711883544922
v 39.50454330444336 1.484847068786621 33.11711883544922
v 39.50454330444336 -1.484847068786621 33.11711883544922
v 38.022560119628906 -2.0999999046325684 33.0249137878418
v 39.50454330444336 1.484847068786621 33.11711883544922
v 38.022560119628906 -2.0999999046325684 33.0249137878418
v 38.022560119628906 2.0999999046325684 33.0249137878418
v 36.54058074951172 -1.484847068786621 32.93270492553711
v 38.022560119628906 2.0999999046325684 33.0249137878418
v 38.022560119628906 -2.0999999046325684 33.0249137878418
v 36.42532730102539 -1.5909903049468994 33.07582473754883
v 36.54058074951172 -1.484847068786621 32.93270492553711
v 38.022560119628906 -2.0999999046325684 33.0249137878418
v 36.54058074951172 -1.484847068786621 32.93270492553711
v 36.54058074951172 1.484847068786621 32.93270492553711
v 38.022560119628906 2.0999999046325684 33.0249137878418
v 36.54058074951172 -1.484847068786621 32.93270492553711
v 35.926612854003906 7.548134209681145e-15 32.89450454711914
v 36.54058074951172 1.484847068786621 32.93270492553711
v 36.42532730102539 1.5909903049468994 33.07582473754883
v 36.54058074951172 1.484847068786621 32.93270492553711
v 35.926612854003906 7.548134209681145e-15 32.89450454711914
v 35.7675895690918 7.284861123081458e-15 33.0349006652832
v 35.926612854003906 7.548134209681145e-15 32.89450454711914
v 36.54058074951172 -1.484847068786621 32.93270492553711
v 35.7675895690918 7.284861123081458e-15 33.0349006652832
v 36.42532730102539 1.5909903049468994 33.07582473754883
v 35.926612854003906 7.548134209681145e-15 32.89450454711914
v 36.42532730102539 -1.5909903049468994 33.07582473754883
v 35.7675895690918 7.284861123081458e-15 33.0349006652832
v 36.54058074951172 -1.484847068786621 32.93270492553711
v 43.67218780517578 -12.300000190734863 71.04914093017578
v 43.67218780517578 -13.399999618530273 71.04914093017578
v 45.37468719482422 -12.688279151916504 71.15506744384766
v 42.374881744384766 -10.994776725769043 70.96842193603516
v 41.2769889831543 -11.007100105285645 70.90010833740234
v 43.67218780517578 -13.399999618530273 71.04914093017578
v 42.374881744384766 -10.994776725769043 70.96842193603516
v 43.67218780517578 -13.399999618530273 71.04914093017578
v 43.67218780517578 -12.300000190734863 71.04914093017578
v 44.9694938659668 -11.005223274230957 71.12985229492188
v 45.37468719482422 -12.688279151916504 71.15506744384766
v 46.067386627197266 -10.992899894714355 71.19816589355469
v 44.9694938659668 -11.005223274230957 71.12985229492188
v 43.67218780517578 -12.300000190734863 71.04914093017578
v 45.37468719482422 -12.688279151916504 71.15506744384766
v 44.9694938659668 -11.005223274230957 71.12985229492188
v 46.067386627197266 -10.992899894714355 71.19816589355469
v 43.67218780517578 -8.600000381469727 71.04914093017578
v 43.67218780517578 -9.699999809265137 71.04914093017578
v 43.67218780517578 -8.600000381469727 71.04914093017578
v 41.96969223022461 -9.311720848083496 70.94320678710938
v 43.67218780517578 -9.699999809265137 71.04914093017578
v 44.9694938659668 -11.005223274230957 71.12985229492188
v 43.67218780517578 -8.600000381469727 71.04914093017578
v 42.374881744384766 -10.994776725769043 70.96842193603516
v 41.96969223022461 -9.311720848083496 70.94320678710938
v 41.2769889831543 -11.007100105285645 70.90010833740234
v 42.374881744384766 -10.994776725769043 70.96842193603516
v 43.67218780517578 -9.699999809265137 71.04914093017578
v 41.96969223022461 -9.311720848083496 70.94320678710938
v 44.05720520019531 -12.300000190734863 64.8611068725586
v 43.67218780517578 -12.300000190734863 71.04914093017578
v 44.9694938659668 -11.005223274230957 71.12985229492188
v 42.75989532470703 -11.005223274230957 64.78038787841797
v 42.374881744384766 -10.994776725769043 70.96842193603516
v 43.67218780517578 -12.300000190734863 71.04914093017578
v 42.75989532470703 -11.005223274230957 64.78038787841797
v 43.67218780517578 -12.300000190734863 71.04914093017578
v 44.05720520019531 -12.300000190734863 64.8611068725586
v 45.35451126098633 -10.994776725769043 64.94181823730469
v 44.9694938659668 -11.005223274230957 71.12985229492188
v 43.67218780517578 -9.699999809265137 71.04914093017578
v 45.35451126098633 -10.994776725769043 64.94181823730469
v 44.05720520019531 -12.300000190734863 64.8611068725586
v 44.9694938659668 -11.005223274230957 71.12985229492188
v 44.05720520019531 -9.699999809265137 64.8611068725586
v 43.67218780517578 -9.699999809265137 71.04914093017578
v 42.374881744384766 -10.994776725769043 70.96842193603516
v 44.05720520019531 -9.699999809265137 64.8611068725586
v 45.35451126098633 -10.994776725769043 64.94181823730469
v 43.67218780517578 -9.699999809265137 71.04914093017578
v 42.75989532470703 -11.005223274230957 64.78038787841797
v 44.05720520019531 -9.699999809265137 64.8611068725586
v 42.374881744384766 -10.994776725769043 70.96842193603516
v 45.404579162597656 -11.005311012268066 64.94493865966797
v 44.05720520019531 -12.300000190734863 64.8611068725586
v 45.35451126098633 -10.994776725769043 64.94181823730469
v 42.7098274230957 -10.994688987731934 64.77726745605469
v 42.75989532470703 -11.005223274230957 64.78038787841797
v 44.05720520019531 -12.300000190734863 64.8611068725586
v 45.404579162597656 -11.005311012268066 64.94493865966797
v 44.05720520019531 -12.350000381469727 64.8611068725586
v 44.05720520019531 -12.300000190734863 64.8611068725586
v 42.7098274230957 -10.994688987731934 64.77726745605469
v 44.05720520019531 -12.300000190734863 64.8611068725586
v 44.05720520019531 -12.350000381469727 64.8611068725586
v 45.404579162597656 -11.005311012268066 64.94493865966797
v 45.35451126098633 -10.994776725769043 64.94181823730469
v 44.05720520019531 -9.699999809265137 64.8611068725586
v 42.7098274230957 -10.994688987731934 64.77726745605469
v 44.05720520019531 -9.699999809265137 64.8611068725586
v 42.75989532470703 -11.005223274230957 64.78038787841797
v 44.05720520019531 -9.649999618530273 64.8611068725586
v 45.404579162597656 -11.005311012268066 64.94493865966797
v 44.05720520019531 -9.699999809265137 64.8611068725586
v 42.7098274230957 -10.994688987731934 64.77726745605469
v 44.05720520019531 -9.649999618530273 64.8611068725586
v 44.05720520019531 -9.699999809265137 64.8611068725586
v 44.07738494873047 -12.024999618530273 64.53672790527344
v 44.05720520019531 -12.350000381469727 64.8611068725586
v 45.404579162597656 -11.005311012268066 64.94493865966797
v 43.05436325073242 -11 64.47307586669922
v 42.7098274230957 -10.994688987731934 64.77726745605469
v 44.05720520019531 -12.350000381469727 64.8611068725586
v 43.05436325073242 -11 64.47307586669922
v 44.05720520019531 -12.350000381469727 64.8611068725586
v 44.07738494873047 -12.024999618530273 64.53672790527344
v 45.100406646728516 -11 64.60037994384766
v 45.404579162597656 -11.005311012268066 64.94493865966797
v 44.05720520019531 -9.649999618530273 64.8611068725586
v 45.100406646728516 -11 64.60037994384766
v 44.07738494873047 -12.024999618530273 64.53672790527344
v 45.404579162597656 -11.005311012268066 64.94493865966797
v 44.07738494873047 -9.975000381469727 64.53672790527344
v 44.05720520019531 -9.649999618530273 64.8611068725586
v 42.7098274230957 -10.994688987731934 64.77726745605469
v 44.07738494873047 -9.975000381469727 64.53672790527344
v 45.100406646728516 -11 64.60037994384766
v 44.05720520019531 -9.649999618530273 64.8611068725586
v 43.05436325073242 -11 64.47307586669922
v 44.07738494873047 -9.975000381469727 64.53672790527344
v 42.7098274230957 -10.994688987731934 64.77726745605469
v 44.46084976196289 -12.024999618530273 58.37364959716797
v 44.07738494873047 -12.024999618530273 64.53672790527344
v 45.100406646728516 -11 64.60037994384766
v 43.437828063964844 -11 58.30999755859375
v 43.05436325073242 -11 64.47307586669922
v 44.07738494873047 -12.024999618530273 64.53672790527344
v 44.46084976196289 -12.024999618530273 58.37364959716797
v 43.437828063964844 -11 58.30999755859375
v 44.07738494873047 -12.024999618530273 64.53672790527344
v 45.48387145996094 -11 58.43730163574219
v 45.100406646728516 -11 64.60037994384766
v 44.07738494873047 -9.975000381469727 64.53672790527344
v 45.48387145996094 -11 58.43730163574219
v 44.46084976196289 -12.024999618530273 58.37364959716797
v 45.100406646728516 -11 64.60037994384766
v 44.46084976196289 -9.975000381469727 58.37364959716797
v 44.07738494873047 -9.975000381469727 64.53672790527344
v 43.05436325073242 -11 64.47307586669922
v 45.48387145996094 -11 58.43730163574219
v 44.07738494873047 -9.975000381469727 64.53672790527344
v 44.46084976196289 -9.975000381469727 58.37364959716797
v 43.437828063964844 -11 58.30999755859375
v 44.46084976196289 -9.975000381469727 58.37364959716797
v 43.05436325073242 -11 64.47307586669922
v 44.49909591674805 -11 57.75895690917969
v 44.46084976196289 -9.975000381469727 58.37364959716797
v 43.437828063964844 -11 58.30999755859375
v 44.49909591674805 -11 57.75895690917969
v 45.48387145996094 -11 58.43730163574219
v 44.46084976196289 -9.975000381469727 58.37364959716797
v 44.49909591674805 -11 57.75895690917969
v 43.437828063964844 -11 58.30999755859375
v 44.46084976196289 -12.024999618530273 58.37364959716797
v 44.49909591674805 -11 57.75895690917969
v 44.46084976196289 -12.024999618530273 58.37364959716797
v 45.48387145996094 -11 58.43730163574219
v 43.67218780517578 9.699999809265137 71.04914093017578
v 43.67218780517578 8.600000381469727 71.04914093017578
v 45.37468719482422 9.311720848083496 71.15506744384766
v 42.374881744384766 11.005223274230957 70.96842193603516
v 41.2769889831543 10.992899894714355 70.90010833740234
v 43.67218780517578 8.600000381469727 71.04914093017578
v 42.374881744384766 11.005223274230957 70.96842193603516
v 43.67218780517578 8.600000381469727 71.04914093017578
v 43.67218780517578 9.699999809265137 71.04914093017578
v 44.9694938659668 10.994776725769043 71.12985229492188
v 45.37468719482422 9.311720848083496 71.15506744384766
v 46.067386627197266 11.007100105285645 71.19816589355469
v 44.9694938659668 10.994776725769043 71.12985229492188
v 43.67218780517578 9.699999809265137 71.04914093017578
v 45.37468719482422 9.311720848083496 71.15506744384766
v 44.9694938659668 10.994776725769043 71.12985229492188
v 46.067386627197266 11.007100105285645 71.19816589355469
v 43.67218780517578 13.399999618530273 71.04914093017578
v 43.67218780517578 12.300000190734863 71.04914093017578
v 43.67218780517578 13.399999618530273 71.04914093017578
v 41.96969223022461 12.688279151916504 70.94320678710938
v 43.67218780517578 12.300000190734863 71.04914093017578
v 44.9694938659668 10.994776725769043 71.12985229492188
v 43.67218780517578 13.399999618530273 71.04914093017578
v 42.374881744384766 11.005223274230957 70.96842193603516
v 41.96969223022461 12.688279151916504 70.94320678710938
v 41.2769889831543 10.992899894714355 70.90010833740234
v 42.374881744384766 11.005223274230957 70.96842193603516
v 43.67218780517578 12.300000190734863 71.04914093017578
v 41.96969223022461 12.688279151916504 70.94320678710938
v 44.05720520019531 9.699999809265137 64.8611068725586
v 43.67218780517578 9.699999809265137 71.04914093017578
v 44.9694938659668 10.994776725769043 71.12985229492188
v 42.75989532470703 10.994776725769043 64.78038787841797
v 42.374881744384766 11.005223274230957 70.96842193603516
v 43.67218780517578 9.699999809265137 71.04914093017578
v 42.75989532470703 10.994776725769043 64.78038787841797
v 43.67218780517578 9.699999809265137 71.04914093017578
v 44.05720520019531 9.699999809265137 64.8611068725586
v 45.35451126098633 11.005223274230957 64.94181823730469
v 44.9694938659668 10.994776725769043 71.12985229492188
v 43.67218780517578 12.300000190734863 71.04914093017578
v 45.35451126098633 11.005223274230957 64.94181823730469
v 44.05720520019531 9.699999809265137 64.8611068725586
v 44.9694938659668 10.994776725769043 71.12985229492188
v 44.05720520019531 12.300000190734863 64.8611068725586
v 43.67218780517578 12.300000190734863 71.04914093017578
v 42.374881744384766 11.005223274230957 70.96842193603516
v 44.05720520019531 12.300000190734863 64.8611068725586
v 45.35451126098633 11.005223274230957 64.94181823730469
v 43.67218780517578 12.300000190734863 71.04914093017578
v 42.75989532470703 10.994776725769043 64.78038787841797
v 44.05720520019531 12.300000190734863 64.8611068725586
v 42.374881744384766 11.005223274230957 70.96842193603516
v 45.404579162597656 10.994688987731934 64.94493865966797
v 44.05720520019531 9.699999809265137 64.8611068725586
v 45.35451126098633 11.005223274230957 64.94181823730469
v 42.7098274230957 11.005311012268066 64.77726745605469
v 42.75989532470703 10.994776725769043 64.78038787841797
v 44.05720520019531 9.699999809265137 64.8611068725586
v 45.404579162597656 10.994688987731934 64.94493865966797
v 44.05720520019531 9.649999618530273 64.8611068725586
v 44.05720520019531 9.699999809265137 64.8611068725586
v 42.7098274230957 11.005311012268066 64.77726745605469
v 44.05720520019531 9.699999809265137 64.8611068725586
v 44.05720520019531 9.649999618530273 64.8611068725586
v 45.404579162597656 10.994688987731934 64.94493865966797
v 45.35451126098633 11.005223274230957 64.94181823730469
v 44.05720520019531 12.300000190734863 64.8611068725586
v 42.7098274230957 11.005311012268066 64.77726745605469
v 44.05720520019531 12.300000190734863 64.8611068725586
v 42.75989532470703 10.994776725769043 64.78038787841797
v 44.05720520019531 12.350000381469727 64.8611068725586
v 45.404579162597656 10.994688987731934 64.94493865966797
v 44.05720520019531 12.300000190734863 64.8611068725586
v 42.7098274230957 11.005311012268066 64.77726745605469
v 44.05720520019531 12.350000381469727 64.8611068725586
v 44.05720520019531 12.300000190734863 64.8611068725586
v 44.07738494873047 9.975000381469727 64.53672790527344
v 44.05720520019531 9.649999618530273 64.8611068725586
v 45.404579162597656 10.994688987731934 64.94493865966797
v 43.05436325073242 11 64.47307586669922
v 42.7098274230957 11.005311012268066 64.77726745605469
v 44.05720520019531 9.649999618530273 64.8611068725586
v 43.05436325073242 11 64.47307586669922
v 44.05720520019531 9.649999618530273 64.8611068725586
v 44.07738494873047 9.975000381469727 64.53672790527344
v 45.100406646728516 11 64.60037994384766
v 45.404579162597656 10.994688987731934 64.94493865966797
v 44.05720520019531 12.350000381469727 64.8611068725586
v 45.100406646728516 11 64.60037994384766
v 44.07738494873047 9.975000381469727 64.53672790527344
v 45.404579162597656 10.994688987731934 64.94493865966797
v 44.07738494873047 12.024999618530273 64.53672790527344
v 44.05720520019531 12.350000381469727 64.8611068725586
v 42.7098274230957 11.005311012268066 64.77726745605469
v 44.07738494873047 12.024999618530273 64.53672790527344
v 45.100406646728516 11 64.60037994384766
v 44.05720520019531 12.350000381469727 64.8611068725586
v 43.05436325073242 11 64.47307586669922
v 44.07738494873047 12.024999618530273 64.53672790527344
v 42.7098274230957 11.005311012268066 64.77726745605469
v 44.46084976196289 9.975000381469727 58.37364959716797
v 44.07738494873047 9.975000381469727 64.53672790527344
v 45.100406646728516 11 64.60037994384766
v 43.437828063964844 11 58.30999755859375
v 43.05436325073242 11 64.47307586669922
v 44.07738494873047 9.975000381469727 64.53672790527344
v 44.46084976196289 9.975000381469727 58.37364959716797
v 43.437828063964844 11 58.30999755859375
v 44.07738494873047 9.975000381469727 64.53672790527344
v 45.48387145996094 11 58.43730163574219
v 45.100406646728516 11 64.60037994384766
v 44.07738494873047 12.024999618530273 64.53672790527344
v 45.48387145996094 11 58.43730163574219
v 44.46084976196289 9.975000381469727 58.37364959716797
v 45.100406646728516 11 64.60037994384766
v 44.46084976196289 12.024999618530273 58.37364959716797
v 44.07738494873047 12.024999618530273 64.53672790527344
v 43.05436325073242 11 64.47307586669922
v 45.48387145996094 11 58.43730163574219
v 44.07738494873047 12.024999618530273 64.53672790527344
v 44.46084976196289 12.024999618530273 58.37364959716797
v 43.437828063964844 11 58.30999755859375
v 44.46084976196289 12.024999618530273 58.37364959716797
v 43.05436325073242 11 64.47307586669922
v 44.49909591674805 11 57.75895690917969
v 44.46084976196289 12.024999618530273 58.37364959716797
v 43.437828063964844 11 58.30999755859375
v 44.49909591674805 11 57.75895690917969
v 45.48387145996094 11 58.43730163574219
v 44.46084976196289 12.024999618530273 58.37364959716797
v 44.49909591674805 11 57.75895690917969
v 43.437828063964844 11 58.30999755859375
v 44.46084976196289 9.975000381469727 58.37364959716797
v 44.49909591674805 11 57.75895690917969
v 44.46084976196289 9.975000381469727 58.37364959716797
v 45.48387145996094 11 58.43730163574219
v 45.17611312866211 9.024999618530273 50.903648376464844
v 47.845947265625 9.024999618530273 51.06976318359375
v 47.78229522705078 8 52.0927848815918
v 45.23975372314453 8.004117965698242 49.88077163696289
v 47.90959930419922 8 50.0467414855957
v 47.845947265625 9.024999618530273 51.06976318359375
v 45.23975372314453 8.004117965698242 49.88077163696289
v 47.845947265625 9.024999618530273 51.06976318359375
v 45.17611312866211 9.024999618530273 50.903648376464844
v 45.11246871948242 7.995882034301758 51.9265251159668
v 47.78229522705078 8 52.0927848815918
v 47.845947265625 6.974999904632568 51.06976318359375
v 45.11246871948242 7.995882034301758 51.9265251159668
v 45.17611312866211 9.024999618530273 50.903648376464844
v 47.78229522705078 8 52.0927848815918
v 45.17611312866211 6.974999904632568 50.903648376464844
v 47.845947265625 6.974999904632568 51.06976318359375
v 47.90959930419922 8 50.0467414855957
v 45.11246871948242 7.995882034301758 51.9265251159668
v 47.845947265625 6.974999904632568 51.06976318359375
v 45.17611312866211 6.974999904632568 50.903648376464844
v 45.23975372314453 8.004117965698242 49.88077163696289
v 45.17611312866211 6.974999904632568 50.903648376464844
v 47.90959930419922 8 50.0467414855957
v 45.23975372314453 8.004117965698242 49.88077163696289
v 45.17611312866211 9.024999618530273 50.903648376464844
v 45.17611312866211 6.974999904632568 50.903648376464844
v 45.11246871948242 7.995882034301758 51.9265251159668
v 45.17611312866211 6.974999904632568 50.903648376464844
v 45.17611312866211 9.024999618530273 50.903648376464844
v 45.17611312866211 -6.974999904632568 50.903648376464844
v 47.845947265625 -6.974999904632568 51.06976318359375
v 47.78229522705078 -8 52.0927848815918
v 45.23975372314453 -7.995882034301758 49.88077163696289
v 47.90959930419922 -8 50.0467414855957
v 47.845947265625 -6.974999904632568 51.06976318359375
v 45.23975372314453 -7.995882034301758 49.88077163696289
v 47.845947265625 -6.974999904632568 51.06976318359375
v 45.17611312866211 -6.974999904632568 50.903648376464844
v 45.11246871948242 -8.004117965698242 51.9265251159668
v 47.78229522705078 -8 52.0927848815918
v 47.845947265625 -9.024999618530273 51.06976318359375
v 45.11246871948242 -8.004117965698242 51.9265251159668
v 45.17611312866211 -6.974999904632568 50.903648376464844
v 47.78229522705078 -8 52.0927848815918
v 45.17611312866211 -9.024999618530273 50.903648376464844
v 47.845947265625 -9.024999618530273 51.06976318359375
v 47.90959930419922 -8 50.0467414855957
v 45.11246871948242 -8.004117965698242 51.9265251159668
v 47.845947265625 -9.024999618530273 51.06976318359375
v 45.17611312866211 -9.024999618530273 50.903648376464844
v 45.23975372314453 -7.995882034301758 49.88077163696289
v 45.17611312866211 -9.024999618530273 50.903648376464844
v 47.90959930419922 -8 50.0467414855957
v 45.23975372314453 -7.995882034301758 49.88077163696289
v 45.17611312866211 -6.974999904632568 50.903648376464844
v 45.17611312866211 -9.024999618530273 50.903648376464844
v 45.11246871948242 -8.004117965698242 51.9265251159668
v 45.17611312866211 -9.024999618530273 50.903648376464844
v 45.17611312866211 -6.974999904632568 50.903648376464844
vn 6.707029884252694e-17 -1 1.2812196007971313e-15
vn 6.707029884252694e-17 -1 1.2812196007971313e-15
vn 6.707029884252694e-17 -1 1.2812196007971313e-15
vn 0.7496528510491113 0 -0.6618312495749495
vn 0.7496528510491113 0 -0.6618312495749495
vn 0.7496528510491113 0 -0.6618312495749495
vn -8.271896652176515e-16 -1 5.813476696395106e-16
vn 6.707029884252694e-17 -1 1.2812196007971313e-15
vn -8.271896652176515e-16 -1 5.813476696395106e-16
vn -0.6618312495749495 0 -0.7496528510491113
vn -0.6618312495749495 0 -0.7496528510491113
vn -0.6618312495749495 0 -0.7496528510491113
vn -8.271896652176515e-16 -1 5.813476696395106e-16
vn 6.707029884252694e-17 -1 1.2812196007971313e-15
vn 6.707029884252694e-17 -1 1.2812196007971313e-15
vn -0.6618312495749495 0 -0.7496528510491113
vn -0.6618312495749495 0 -0.7496528510491113
vn -0.6618312495749495 0 -0.7496528510491113
vn 1.7501241231446664e-16 -1 1.982356734480154e-16
vn 1.7501241231446664e-16 -1 1.982356734480154e-16
vn 6.707029884252694e-17 -1 1.2812196007971313e-15
vn 0.6618312495749495 0 0.7496528510491113
vn 0.6618312495749495 0 0.7496528510491113
vn 0.6618312495749495 0 0.7496528510491113
vn -1.5693657040138226e-16 -1 1.3855149528810105e-16
vn 1.7501241231446664e-16 -1 1.982356734480154e-16
vn 6.707029884252694e-17 -1 1.2812196007971313e-15
vn 6.707029884252694e-17 -1 1.2812196007971313e-15
vn -1.5693657040138226e-16 -1 1.3855149528810105e-16
vn 6.707029884252694e-17 -1 1.2812196007971313e-15
vn 0.7496528510491113 0 -0.6618312495749495
vn 0.7496528510491113 0 -0.6618312495749495
vn 0.7496528510491113 0 -0.6618312495749495
vn -1.5693657040138226e-16 -1 1.3855149528810105e-16
vn -8.271896652176515e-16 -1 5.813476696395106e-16
vn 1.7501241231446664e-16 -1 1.982356734480154e-16
vn -0.7496528510491113 0 0.6618312495749495
vn -0.7496528510491113 0 0.6618312495749495
vn -0.7496528510491113 0 0.6618312495749495
vn -1.5693657040138226e-16 -1 1.3855149528810105e-16
vn 1.7501241231446664e-16 -1 1.982356734480154e-16
vn 1.7501241231446664e-16 -1 1.982356734480154e-16
vn 0.6618312495749495 0 0.7496528510491113
vn 0.6618312495749495 0 0.7496528510491113
vn 0.6618312495749495 0 0.7496528510491113
vn 5.135975275951386e-16 -1 1.802716928235278e-16
vn -8.271896652176515e-16 -1 5.813476696395106e-16
vn -1.5693657040138226e-16 -1 1.3855149528810105e-16
vn -8.271896652176515e-16 -1 5.813476696395106e-16
vn 5.135975275951386e-16 -1 1.802716928235278e-16
vn 7.848193301905376e-16 -1 2.24678956800331e-16
vn -0.7496528510491113 0 0.6618312495749495
vn -0.7496528510491113 0 0.6618312495749495
vn -0.7496528510491113 0 0.6618312495749495
vn 0.7496528510491113 -2.3512969334225515e-15 -0.6618312495749495
vn 0.7496528510491113 -2.3512969334225515e-15 -0.6618312495749495
vn 0.7496528510491113 -2.3512969334225515e-15 -0.6618312495749495
vn -0.6618312495749495 0 -0.7496528510491113
vn -0.6618312495749495 0 -0.7496528510491113
vn -0.6618312495749495 0 -0.7496528510491113
vn -0.6618312495749495 -2.663301938273972e-15 -0.7496528510491113
vn -0.6618312495749495 0 -0.7496528510491113
vn -0.6618312495749495 0 -0.7496528510491113
vn 3.1668912830569104e-16 -1 3.587121798244306e-16
vn 3.1668912830569104e-16 -1 3.587121798244306e-16
vn -1.5693657040138226e-16 -1 1.3855149528810105e-16
vn 0.6618312495749495 0 0.7496528510491113
vn 0.6618312495749495 0 0.7496528510491113
vn 0.6618312495749495 0 0.7496528510491113
vn -1.4708062075858433e-17 -1 2.3639045784554257e-16
vn 3.1668912830569104e-16 -1 3.587121798244306e-16
vn -1.5693657040138226e-16 -1 1.3855149528810105e-16
vn 6.707029884252694e-17 -1 1.2812196007971313e-15
vn -1.4708062075858433e-17 -1 2.3639045784554257e-16
vn -1.5693657040138226e-16 -1 1.3855149528810105e-16
vn 0.7496528510491113 0 -0.6618312495749495
vn 0.7496528510491113 -2.3512969334225515e-15 -0.6618312495749495
vn 0.7496528510491113 -2.3512969334225515e-15 -0.6618312495749495
vn 3.1668912830569104e-16 -1 3.587121798244306e-16
vn -1.5693657040138226e-16 -1 1.3855149528810105e-16
vn 3.1668912830569104e-16 -1 3.587121798244306e-16
vn -0.7496528510491113 0 0.6618312495749495
vn -0.7496528510491113 0 0.6618312495749495
vn -0.7496528510491113 0 0.6618312495749495
vn 0.6618312495749495 0 0.7496528510491113
vn 0.6618312495749495 0 0.7496528510491113
vn 0.6618312495749495 0 0.7496528510491113
vn 5.135975275951386e-16 -1 1.802716928235278e-16
vn -1.5693657040138226e-16 -1 1.3855149528810105e-16
vn 3.1668912830569104e-16 -1 3.587121798244306e-16
vn -0.7496528510491113 0 0.6618312495749495
vn -0.7496528510491113 0 0.6618312495749495
vn -0.7496528510491113 0 0.6618312495749495
vn -5.504696658825063e-16 -1 1.826415004275322e-15
vn -5.504696658825063e-16 -1 1.826415004275322e-15
vn -5.504696658825063e-16 -1 1.826415004275322e-15
vn 0.7496528510491113 0 -0.6618312495749495
vn 0.7496528510491113 0 -0.6618312495749495
vn 0.7496528510491113 0 -0.6618312495749495
vn 6.707029884252694e-17 -1 1.2812196007971313e-15
vn -5.504696658825063e-16 -1 1.826415004275322e-15
vn -8.271896652176515e-16 -1 5.813476696395106e-16
vn -0.6618312495749495 0 -0.7496528510491113
vn -0.6618312495749495 0 -0.7496528510491113
vn -0.6618312495749495 0 -0.7496528510491113
vn 6.707029884252694e-17 -1 1.2812196007971313e-15
vn -5.504696658825063e-16 -1 1.826415004275322e-15
vn -5.504696658825063e-16 -1 1.826415004275322e-15
vn -0.6618312495749495 0 -0.7496528510491113
vn -0.6618312495749495 0 -0.7496528510491113
vn -0.6618312495749495 0 -0.7496528510491113
vn 1.7501241231446664e-16 -1 1.982356734480154e-16
vn 1.7501241231446664e-16 -1 1.982356734480154e-16
vn -5.504696658825063e-16 -1 1.826415004275322e-15
vn 0.6618312495749495 0 0.7496528510491113
vn 0.6618312495749495 0 0.7496528510491113
vn 0.6618312495749495 0 0.7496528510491113
vn -1.5693657040138226e-16 -1 1.3855149528810105e-16
vn 1.7501241231446664e-16 -1 1.982356734480154e-16
vn -5.504696658825063e-16 -1 1.826415004275322e-15
vn -5.504696658825063e-16 -1 1.826415004275322e-15
vn -1.5693657040138226e-16 -1 1.3855149528810105e-16
vn -5.504696658825063e-16 -1 1.826415004275322e-15
vn 0.7496528510491113 0 -0.6618312495749495
vn 0.7496528510491113 0 -0.6618312495749495
vn 0.7496528510491113 0 -0.6618312495749495
vn -1.5693657040138226e-16 -1 1.3855149528810105e-16
vn -8.271896652176515e-16 -1 5.813476696395106e-16
vn 1.7501241231446664e-16 -1 1.982356734480154e-16
vn -0.7496528510491113 0 0.6618312495749495
vn -0.7496528510491113 0 0.6618312495749495
vn -0.7496528510491113 0 0.6618312495749495
vn -1.5693657040138226e-16 -1 1.3855149528810105e-16
vn 1.7501241231446664e-16 -1 1.982356734480154e-16
vn 1.7501241231446664e-16 -1 1.982356734480154e-16
vn 0.6618312495749495 0 0.7496528510491113
vn 0.6618312495749495 0 0.7496528510491113
vn 0.6618312495749495 0 0.7496528510491113
vn 1.659115065173622e-16 -1 1.586388948671266e-16
vn -8.271896652176515e-16 -1 5.813476696395106e-16
vn -1.5693657040138226e-16 -1 1.3855149528810105e-16
vn 6.707029884252694e-17 -1 1.2812196007971313e-15
vn -8.271896652176515e-16 -1 5.813476696395106e-16
vn 1.659115065173622e-16 -1 1.586388948671266e-16
vn -0.7496528510491113 0 0.6618312495749495
vn -0.7496528510491113 0 0.6618312495749495
vn -0.7496528510491113 0 0.6618312495749495
vn 0.7496528510491113 -2.3512969334225515e-15 -0.6618312495749495
vn 0.7496528510491113 -2.3512969334225515e-15 -0.6618312495749495
vn 0.7496528510491113 -2.3512969334225515e-15 -0.6618312495749495
vn -0.6618312495749495 0 -0.7496528510491113
vn -0.6618312495749495 0 -0.7496528510491113
vn -0.6618312495749495 0 -0.7496528510491113
vn -0.6618312495749495 -2.663301938273972e-15 -0.7496528510491113
vn -0.6618312495749495 0 -0.7496528510491113
vn -0.6618312495749495 0 -0.7496528510491113
vn 1.209176722245854e-16 -1 1.369628320559664e-16
vn 1.209176722245854e-16 -1 1.369628320559664e-16
vn -1.5693657040138226e-16 -1 1.3855149528810105e-16
vn 0.6618312495749495 2.663301938273972e-15 0.7496528510491113
vn 0.6618312495749495 2.663301938273972e-15 0.7496528510491113
vn 0.6618312495749495 2.663301938273972e-15 0.7496528510491113
vn -4.7111998996063787e-17 -1 2.425572547482479e-16
vn 1.209176722245854e-16 -1 1.369628320559664e-16
vn -1.5693657040138226e-16 -1 1.3855149528810105e-16
vn -5.504696658825063e-16 -1 1.826415004275322e-15
vn -4.7111998996063787e-17 -1 2.425572547482479e-16
vn -1.5693657040138226e-16 -1 1.3855149528810105e-16
vn 0.7496528510491113 -2.3512969334225515e-15 -0.6618312495749495
vn 0.7496528510491113 -2.3512969334225515e-15 -0.6618312495749495
vn 0.7496528510491113 -2.3512969334225515e-15 -0.6618312495749495
vn 1.659115065173622e-16 -1 1.586388948671266e-16
vn -1.5693657040138226e-16 -1 1.3855149528810105e-16
vn 1.209176722245854e-16 -1 1.369628320559664e-16
vn -0.7496528510491113 0 0.6618312495749495
vn -0.7496528510491113 0 0.6618312495749495
vn -0.7496528510491113 0 0.6618312495749495
vn 1.209176722245854e-16 -1 1.369628320559664e-16
vn 1.659115065173622e-16 -1 1.586388948671266e-16
vn 1.209176722245854e-16 -1 1.369628320559664e-16
vn 0.6618312495749495 2.663301938273972e-15 0.7496528510491113
vn 0.6618312495749495 2.663301938273972e-15 0.7496528510491113
vn 0.6618312495749495 0 0.7496528510491113
vn -0.7496528510491113 0 0.6618312495749495
vn -0.7496528510491113 0 0.6618312495749495
vn -0.7496528510491113 0 0.6618312495749495
vn 0.062099272758735655 0 -0.9980699776683176
vn 0.062099272758735655 0 -0.9980699776683176
vn 0.062099272758735655 0 -0.9980699776683176
vn 0.43938128136472904 0 -0.8983006676977863
vn 0.43938128136472904 0 -0.8983006676977863
vn 0.43938128136472904 0 -0.8983006676977863
vn 0.43938128136472904 0 -0.8983006676977863
vn 0.43938128136472904 0 -0.8983006676977863
vn 0.43938128136472904 0 -0.8983006676977863
vn 6.707029884252694e-17 -1 1.2812196007971313e-15
vn 1.659115065173622e-16 -1 1.586388948671266e-16
vn -1.4708062075858433e-17 -1 2.3639045784554257e-16
vn 0.9980699776683176 0 0.062099272758735655
vn 0.9980699776683176 0 0.062099272758735655
vn 0.9980699776683176 0 0.062099272758735655
vn 0.9980699776683176 0 0.062099272758735655
vn 0.9980699776683176 0 0.062099272758735655
vn 0.9980699776683176 0 0.062099272758735655
vn 0.062099272758735655 0 -0.9980699776683176
vn 0.062099272758735655 0 -0.9980699776683176
vn 0.062099272758735655 0 -0.9980699776683176
vn 0.023768461843870718 -0.9238521898523585 -0.3820107217429618
vn 0.023768461843870718 -0.9238521898523585 -0.3820107217429618
vn 0.023768461843870718 -0.9238521898523585 -0.3820107217429618
vn 0.023768461843870718 -0.9238521898523585 -0.3820107217429618
vn 0.023768461843870718 -0.9238521898523585 -0.3820107217429618
vn 0.023768461843870718 -0.9238521898523585 -0.3820107217429618
vn 0.9980699776683176 0 0.062099272758735655
vn 0.9980699776683176 0 0.062099272758735655
vn 0.9980699776683176 0 0.062099272758735655
vn -0.9980699776683176 0 -0.062099272758735655
vn -0.9980699776683176 0 -0.062099272758735655
vn -0.9980699776683176 0 -0.062099272758735655
vn -0.9980699776683176 3.5451841061601184e-15 -0.062099272758735655
vn -0.9980699776683176 3.5451841061601184e-15 -0.062099272758735655
vn -0.9980699776683176 0 -0.062099272758735655
vn -0.9980699776683176 3.5451841061601184e-15 -0.062099272758735655
vn -0.9980699776683176 0 -0.062099272758735655
vn -0.9980699776683176 0 -0.062099272758735655
vn -0.9458522924273466 0 0.3245973519761574
vn -0.9458522924273466 0 0.3245973519761574
vn -0.9458522924273466 0 0.3245973519761574
vn -0.9980699776683176 0 -0.062099272758735655
vn -0.9980699776683176 0 -0.062099272758735655
vn -0.9980699776683176 0 -0.062099272758735655
vn -0.4393406207420017 0 0.8983205546830333
vn -0.4393406207420017 0 0.8983205546830333
vn -0.4393406207420017 0 0.8983205546830333
vn -0.9458522924273466 0 0.3245973519761574
vn -0.9458522924273466 0 0.3245973519761574
vn -0.9458522924273466 0 0.3245973519761574
vn -0.062099272758735655 0 0.9980699776683176
vn -0.062099272758735655 0 0.9980699776683176
vn -0.062099272758735655 0 0.9980699776683176
vn -0.4393406207420017 0 0.8983205546830333
vn -0.4393406207420017 0 0.8983205546830333
vn -0.4393406207420017 0 0.8983205546830333
vn 7.848193301905376e-16 -1 2.24678956800331e-16
vn -8.271896652176515e-16 -1 5.813476696395106e-16
vn -8.271896652176515e-16 -1 5.813476696395106e-16
vn 0.324640150339796 0 0.9458376038133367
vn 0.324640150339796 0 0.9458376038133367
vn 0.324640150339796 0 0.9458376038133367
vn -0.062099272758735655 0 0.9980699776683176
vn -0.062099272758735655 0 0.9980699776683176
vn -0.062099272758735655 0 0.9980699776683176
vn -1.7568647054597977e-15 -1 1.9259963781253533e-18
vn -1.7568647054597977e-15 -1 1.9259963781253533e-18
vn 7.848193301905376e-16 -1 2.24678956800331e-16
vn 0.8983006676977863 0 0.43938128136472904
vn 0.8983006676977863 0 0.43938128136472904
vn 0.8983006676977863 0 0.43938128136472904
vn 5.135975275951386e-16 -1 1.802716928235278e-16
vn -1.7568647054597977e-15 -1 1.9259963781253533e-18
vn 7.848193301905376e-16 -1 2.24678956800331e-16
vn 0.324640150339796 0 0.9458376038133367
vn 0.324640150339796 0 0.9458376038133367
vn 0.324640150339796 0 0.9458376038133367
vn 0.9980699776683176 0 0.062099272758735655
vn 0.9980699776683176 0 0.062099272758735655
vn 0.9980699776683176 0 0.062099272758735655
vn 0.8983006676977863 0 0.43938128136472904
vn 0.8983006676977863 0 0.43938128136472904
vn 0.8983006676977863 0 0.43938128136472904
vn 0.9458376038133367 0 -0.324640150339796
vn 0.9458376038133367 0 -0.324640150339796
vn 0.9458376038133367 0 -0.324640150339796
vn 0.9980699776683176 0 0.062099272758735655
vn 0.9980699776683176 0 0.062099272758735655
vn 0.9980699776683176 0 0.062099272758735655
vn 0.9458376038133367 0 -0.324640150339796
vn 0.9458376038133367 0 -0.324640150339796
vn 0.9458376038133367 0 -0.324640150339796
vn 0.062099272758735655 0 -0.9980699776683176
vn 0.062099272758735655 0 -0.9980699776683176
vn 0.062099272758735655 0 -0.9980699776683176
vn 0.9980699776683176 0 0.062099272758735655
vn 0.9980699776683176 0 0.062099272758735655
vn 0.9980699776683176 0 0.062099272758735655
vn 0.05737055100466988 -0.38274943878065415 -0.9220691335201038
vn 0.05737055100466988 -0.38274943878065415 -0.9220691335201038
vn 0.05737055100466988 -0.38274943878065415 -0.9220691335201038
vn 0.9980699776683176 0 0.062099272758735655
vn 0.9980699776683176 0 0.062099272758735655
vn 0.9980699776683176 0 0.062099272758735655
vn 0.062099272758735655 0 -0.9980699776683176
vn 0.062099272758735655 0 -0.9980699776683176
vn 0.062099272758735655 0 -0.9980699776683176
vn 0.057372245714369434 -0.3826834246528445 -0.9220964276677689
vn 0.057372245714369434 -0.3826834246528445 -0.9220964276677689
vn 0.057372245714369434 -0.3826834246528445 -0.9220964276677689
vn 0.057372245714369434 -0.3826834246528445 -0.9220964276677689
vn 0.057372245714369434 -0.3826834246528445 -0.9220964276677689
vn 0.057372245714369434 -0.3826834246528445 -0.9220964276677689
vn 0.9980699776683176 -1.6586064085849658e-15 0.062099272758735655
vn 0.9980699776683176 0 0.062099272758735655
vn 0.9980699776683176 -1.6586064085849658e-15 0.062099272758735655
vn 0.9980699776683176 0 0.062099272758735655
vn 0.9980699776683176 0 0.062099272758735655
vn 0.9980699776683176 0 0.062099272758735655
vn 0.9980699776683176 -1.6586064085849658e-15 0.062099272758735655
vn 0.9980699776683176 0 0.062099272758735655
vn 0.9980699776683176 0 0.062099272758735655
vn -0.9980699776683176 0 -0.062099272758735655
vn -0.9980699776683176 0 -0.062099272758735655
vn -0.9980699776683176 0 -0.062099272758735655
vn -0.9980699776683176 1.5310213328104656e-15 -0.062099272758735655
vn -0.9980699776683176 1.5310213328104656e-15 -0.062099272758735655
vn -0.9980699776683176 0 -0.062099272758735655
vn -0.9980699776683176 1.5310213328104656e-15 -0.062099272758735655
vn -0.9980699776683176 0 -0.062099272758735655
vn -0.9980699776683176 0 -0.062099272758735655
vn 0.05737055100466988 -0.38274943878065415 -0.9220691335201038
vn 0.05737055100466988 -0.38274943878065415 -0.9220691335201038
vn 0.05737055100466988 -0.38274943878065415 -0.9220691335201038
vn -0.9980699776683176 1.0844092460368253e-15 -0.062099272758735655
vn -0.9980699776683176 0 -0.062099272758735655
vn -0.9980699776683176 3.5451841061601184e-15 -0.062099272758735655
vn -0.9980699776683176 1.0844092460368253e-15 -0.062099272758735655
vn -0.9980699776683176 0 -0.062099272758735655
vn -0.9980699776683176 0 -0.062099272758735655
vn -0.9980699776683176 3.5451841061601184e-15 -0.062099272758735655
vn -0.9980699776683176 1.0844092460368253e-15 -0.062099272758735655
vn -0.9980699776683176 3.5451841061601184e-15 -0.062099272758735655
vn 0.9980699776683176 -7.31117572033081e-15 0.062099272758735655
vn 0.9980699776683176 0 0.062099272758735655
vn 0.9980699776683176 0 0.062099272758735655
vn 0.9980699776683176 -7.31117572033081e-15 0.062099272758735655
vn 0.9980699776683176 0 0.062099272758735655
vn 0.9980699776683176 0 0.062099272758735655
vn 0 -1 0
vn 0 -1 0
vn 0 -1 0
vn -0.7497041314207423 0 0.6617731600259035
vn -0.7497041314207423 0 0.6617731600259035
vn -0.7497041314207423 0 0.6617731600259035
vn -8.660260199701427e-16 -1 1.9260673717286063e-15
vn -8.660260199701427e-16 -1 1.9260673717286063e-15
vn -8.660260199701427e-16 -1 1.9260673717286063e-15
vn 0.6618893055830019 0 0.7496015922840955
vn 0.6618893055830019 0 0.7496015922840955
vn 0.6618893055830019 0 0.7496015922840955
vn 0 -1 0
vn 0 -1 0
vn 0 -1 0
vn 0 -1 0
vn 0 -1 0
vn -8.660260199701427e-16 -1 1.9260673717286063e-15
vn -8.660260199701427e-16 -1 1.9260673717286063e-15
vn 0 -1 0
vn -8.660260199701427e-16 -1 1.9260673717286063e-15
vn 0.6618893055830019 0 0.7496015922840955
vn 0.6618893055830019 0 0.7496015922840955
vn 0.6618893055830019 0 0.7496015922840955
vn 0 -1 0
vn 0 -1 0
vn 0 -1 0
vn -0.6618893055830019 0 -0.7496015922840955
vn -0.6618893055830019 0 -0.7496015922840955
vn -0.6618893055830019 0 -0.7496015922840955
vn 0 -1 0
vn 0 -1 0
vn 0 -1 0
vn -0.7497041314207423 0 0.6617731600259035
vn -0.7497041314207423 0 0.6617731600259035
vn -0.7497041314207423 0 0.6617731600259035
vn -8.660260199701427e-16 -1 1.9260673717286063e-15
vn -8.660260199701427e-16 -1 1.9260673717286063e-15
vn 0 -1 0
vn 0.7497041314207423 0 -0.6617731600259035
vn 0.7497041314207423 0 -0.6617731600259035
vn 0.7497041314207423 0 -0.6617731600259035
vn 0 -1 0
vn 0 -1 0
vn 0 -1 0
vn 0 -1 0
vn 0 -1 0
vn 0 -1 0
vn 0 -1 0
vn 0 -1 0
vn 0 -1 0
vn 0 -1 0
vn 0 -1 0
vn 0 -1 0
vn -8.660260199701427e-16 -1 1.9260673717286063e-15
vn 0 -1 0
vn 0 -1 0
vn -0.6618893055830019 0 -0.7496015922840955
vn -0.6618893055830019 0 -0.7496015922840955
vn -0.6618893055830019 0 -0.7496015922840955
vn 0.7497041314207423 0 -0.6617731600259035
vn 0.7497041314207423 0 -0.6617731600259035
vn 0.7497041314207423 0 -0.6617731600259035
vn 0 -1 0
vn 0 -1 0
vn 0 -1 0
vn -0.7497041314207423 0 0.6617731600259035
vn -0.7497041314207423 0 0.6617731600259035
vn -0.7497041314207423 0 0.6617731600259035
vn 0 -1 0
vn 0 -1 0
vn 0 -1 0
vn 0.6618893055830019 0 0.7496015922840955
vn 0.6618893055830019 0 0.7496015922840955
vn 0.6618893055830019 0 0.7496015922840955
vn -3.0095935589826426e-16 -1 5.160975982785188e-16
vn -3.0095935589826426e-16 -1 5.160975982785188e-16
vn 0 -1 0
vn 0 -1 0
vn 0 -1 0
vn -3.0095935589826426e-16 -1 5.160975982785188e-16
vn -3.0095935589826426e-16 -1 5.160975982785188e-16
vn 0 -1 0
vn 0 -1 0
vn 0.6618893055830019 0 0.7496015922840955
vn 0.6618893055830019 0 0.7496015922840955
vn 0.6618893055830019 0 0.7496015922840955
vn 0 -1 0
vn 0 -1 0
vn 0 -1 0
vn -0.6618893055830019 0 -0.7496015922840955
vn -0.6618893055830019 0 -0.7496015922840955
vn -0.6618893055830019 0 -0.7496015922840955
vn -0.7497041314207423 0 0.6617731600259035
vn -0.7497041314207423 0 0.6617731600259035
vn -0.7497041314207423 0 0.6617731600259035
vn 0.7497041314207423 0 -0.6617731600259035
vn 0.7497041314207423 0 -0.6617731600259035
vn 0.7497041314207423 0 -0.6617731600259035
vn 0 -1 0
vn 0 -1 0
vn 0 -1 0
vn -0.6618893055830019 0 -0.7496015922840955
vn -0.6618893055830019 0 -0.7496015922840955
vn -0.6618893055830019 0 -0.7496015922840955
vn 0.7497041314207423 0 -0.6617731600259035
vn 0.7497041314207423 0 -0.6617731600259035
vn 0.7497041314207423 0 -0.6617731600259035
vn 0 -1 0
vn 0 -1 0
vn 0 -1 0
vn -0.7497041314207423 0 0.6617731600259035
vn -0.7497041314207423 0 0.6617731600259035
vn -0.7497041314207423 0 0.6617731600259035
vn 0 -1 0
vn 0 -1 0
vn 0 -1 0
vn 0.6618893055830019 0 0.7496015922840955
vn 0.6618893055830019 0 0.7496015922840955
vn 0.6618893055830019 0 0.7496015922840955
vn 0 -1 0
vn 0 -1 0
vn 0 -1 0
vn 0.6618893055830019 0 0.7496015922840955
vn 0.6618893055830019 0 0.7496015922840955
vn 0.6618893055830019 0 0.7496015922840955
vn 0 -1 0
vn -3.0095935589826426e-16 -1 5.160975982785188e-16
vn 0 -1 0
vn -0.6618893055830019 0 -0.7496015922840955
vn -0.6618893055830019 0 -0.7496015922840955
vn -0.6618893055830019 0 -0.7496015922840955
vn 0 -1 0
vn 0 -1 0
vn 0 -1 0
vn -0.7497041314207423 0 0.6617731600259035
vn -0.7497041314207423 0 0.6617731600259035
vn -0.7497041314207423 0 0.6617731600259035
vn -3.0095935589826426e-16 -1 5.160975982785188e-16
vn 0 -1 0
vn -3.0095935589826426e-16 -1 5.160975982785188e-16
vn 0.7497041314207423 -2.35109055788706e-15 -0.6617731600259035
vn 0.7497041314207423 -2.35109055788706e-15 -0.6617731600259035
vn 0.7497041314207423 -2.35109055788706e-15 -0.6617731600259035
vn -0.6618893055830019 -2.663119830558342e-15 -0.7496015922840955
vn -0.6618893055830019 0 -0.7496015922840955
vn -0.6618893055830019 0 -0.7496015922840955
vn -3.0095935589826426e-16 -1 5.160975982785188e-16
vn 0 -1 0
vn 0 -1 0
vn 0.7497041314207423 0 -0.6617731600259035
vn 0.7497041314207423 -2.35109055788706e-15 -0.6617731600259035
vn 0.7497041314207423 -2.35109055788706e-15 -0.6617731600259035
vn 0 -1 0
vn 7.567722693619348e-16 -1 -6.680123220938671e-16
vn 7.567722693619348e-16 -1 -6.680123220938671e-16
vn -0.7497041314207423 2.35109055788706e-15 0.6617731600259035
vn -0.7497041314207423 2.35109055788706e-15 0.6617731600259035
vn -0.7497041314207423 2.35109055788706e-15 0.6617731600259035
vn -8.660260199701427e-16 -1 1.9260673717286063e-15
vn 7.567722693619348e-16 -1 -6.680123220938671e-16
vn 0 -1 0
vn 0.6618893055830019 0 0.7496015922840955
vn 0.6618893055830019 0 0.7496015922840955
vn 0.6618893055830019 0 0.7496015922840955
vn 0 -1 0
vn 7.567722693619348e-16 -1 -6.680123220938671e-16
vn 0 -1 0
vn -8.660260199701427e-16 -1 1.9260673717286063e-15
vn 0 -1 0
vn 7.567722693619348e-16 -1 -6.680123220938671e-16
vn 0 -1 0
vn 0 -1 0
vn 7.567722693619348e-16 -1 -6.680123220938671e-16
vn 0.6618893055830019 0 0.7496015922840955
vn 0.6618893055830019 0 0.7496015922840955
vn 0.6618893055830019 2.7176780689764415e-15 0.7496015922840955
vn 0 -1 0
vn -8.660260199701427e-16 -1 1.9260673717286063e-15
vn 7.567722693619348e-16 -1 -6.680123220938671e-16
vn -0.6618893055830019 0 -0.7496015922840955
vn -0.6618893055830019 0 -0.7496015922840955
vn -0.6618893055830019 0 -0.7496015922840955
vn -0.7497041314207423 0 0.6617731600259035
vn -0.7497041314207423 2.35109055788706e-15 0.6617731600259035
vn -0.7497041314207423 2.35109055788706e-15 0.6617731600259035
vn -8.660260199701427e-16 -1 1.9260673717286063e-15
vn 0 -1 0
vn -8.660260199701427e-16 -1 1.9260673717286063e-15
vn 0.7497041314207423 0 -0.6617731600259035
vn 0.7497041314207423 0 -0.6617731600259035
vn 0.7497041314207423 0 -0.6617731600259035
vn -0.6618893055830019 0 -0.7496015922840955
vn -0.6618893055830019 0 -0.7496015922840955
vn -0.6618893055830019 0 -0.7496015922840955
vn 0.7497041314207423 0 -0.6617731600259035
vn 0.7497041314207423 0 -0.6617731600259035
vn 0.7497041314207423 0 -0.6617731600259035
vn 0 -1 0
vn 0 -1 0
vn 0 -1 0
vn -0.7497041314207423 0 0.6617731600259035
vn -0.7497041314207423 0 0.6617731600259035
vn -0.7497041314207423 0 0.6617731600259035
vn 0 -1 0
vn 0 -1 0
vn 0 -1 0
vn 0.6618893055830019 0 0.7496015922840955
vn 0.6618893055830019 0 0.7496015922840955
vn 0.6618893055830019 0 0.7496015922840955
vn 0 -1 0
vn 0 -1 0
vn 0 -1 0
vn 0.6618893055830019 0 0.7496015922840955
vn 0.6618893055830019 0 0.7496015922840955
vn 0.6618893055830019 0 0.7496015922840955
vn 0 -1 0
vn 0 -1 0
vn 0 -1 0
vn -0.6618893055830019 0 -0.7496015922840955
vn -0.6618893055830019 0 -0.7496015922840955
vn -0.6618893055830019 0 -0.7496015922840955
vn 0 -1 0
vn 0 -1 0
vn 0 -1 0
vn -0.7497041314207423 0 0.6617731600259035
vn -0.7497041314207423 0 0.6617731600259035
vn -0.7497041314207423 0 0.6617731600259035
vn 0 -1 0
vn 0 -1 0
vn 0 -1 0
vn 0.7497041314207423 0 -0.6617731600259035
vn 0.7497041314207423 0 -0.6617731600259035
vn 0.7497041314207423 0 -0.6617731600259035
vn -0.6618893055830019 0 -0.7496015922840955
vn -0.6618893055830019 0 -0.7496015922840955
vn -0.6618893055830019 0 -0.7496015922840955
vn -8.660260199701427e-16 -1 1.9260673717286063e-15
vn 0 -1 0
vn 0 -1 0
vn 0.7497041314207423 0 -0.6617731600259035
vn 0.7497041314207423 0 -0.6617731600259035
vn 0.7497041314207423 0 -0.6617731600259035
vn 0.6535671776979094 0 -0.7568685118539344
vn 0.6535671776979094 0 -0.7568685118539344
vn 0.6535671776979094 0 -0.7568685118539344
vn -0.523965536813404 3.0259864480658625e-15 -0.8517394649960993
vn -0.523965536813404 3.0259864480658625e-15 -0.8517394649960993
vn -0.523965536813404 3.0259864480658625e-15 -0.8517394649960993
vn -0.523965536813404 3.0259864480658625e-15 -0.8517394649960993
vn -0.523965536813404 3.0259864480658625e-15 -0.8517394649960993
vn -0.523965536813404 0 -0.8517394649960993
vn 0.904021741637112 0 0.4274864800755722
vn 0.904021741637112 0 0.4274864800755722
vn 0.904021741637112 0 0.4274864800755722
vn 0.6535671776979094 0 -0.7568685118539344
vn 0.6535671776979094 0 -0.7568685118539344
vn 0.6535671776979094 0 -0.7568685118539344
vn 0 -1 0
vn 0 -1 0
vn 0 -1 0
vn -0.13463946875295887 0 0.9908946530554704
vn -0.13463946875295887 0 0.9908946530554704
vn -0.13463946875295887 0 0.9908946530554704
vn 0.904021741637112 0 0.4274864800755722
vn 0.904021741637112 0 0.4274864800755722
vn 0.904021741637112 0 0.4274864800755722
vn -0.978437981999978 1.4675608798153728e-15 0.20654083223375094
vn -0.978437981999978 1.4675608798153728e-15 0.20654083223375094
vn -0.978437981999978 1.4675608798153728e-15 0.20654083223375094
vn -2.0678602106429433e-16 -1 4.873083777694436e-16
vn 0 -1 0
vn 0 -1 0
vn 0 -1 0
vn -2.0678602106429433e-16 -1 4.873083777694436e-16
vn 0 -1 0
vn -0.13463946875295887 7.040729976320893e-15 0.9908946530554704
vn -0.13463946875295887 0 0.9908946530554704
vn -0.13463946875295887 0 0.9908946530554704
vn -0.978437981999978 -7.337804399076864e-16 0.20654083223375094
vn -0.978437981999978 1.4675608798153728e-15 0.20654083223375094
vn -0.978437981999978 1.4675608798153728e-15 0.20654083223375094
vn 0 -1 0
vn 0 -1 0
vn 0 -1 0
vn -0.7497668681814009 0 0.6617020805297907
vn -0.7497668681814009 0 0.6617020805297907
vn -0.7497668681814009 0 0.6617020805297907
vn 0.6619603654859769 0 0.749538841238846
vn 0.6619603654859769 0 0.749538841238846
vn 0.6619603654859769 0 0.749538841238846
vn 0.6619603654859769 0 0.749538841238846
vn 0.6619603654859769 0 0.749538841238846
vn 0.6619603654859769 0 0.749538841238846
vn 0 -1 0
vn 0 -1 0
vn 0 -1 0
vn -0.6619603654859769 0 -0.749538841238846
vn -0.6619603654859769 0 -0.749538841238846
vn -0.6619603654859769 0 -0.749538841238846
vn -0.7497668681814009 0 0.6617020805297907
vn -0.7497668681814009 0 0.6617020805297907
vn -0.7497668681814009 0 0.6617020805297907
vn 0.7497668681814009 0 -0.6617020805297907
vn 0.7497668681814009 0 -0.6617020805297907
vn 0.7497668681814009 0 -0.6617020805297907
vn 0 -1 0
vn 0 -1 0
vn 0 -1 0
vn -0.6619603654859769 0 -0.749538841238846
vn -0.6619603654859769 0 -0.749538841238846
vn -0.6619603654859769 0 -0.749538841238846
vn 0.7497668681814009 0 -0.6617020805297907
vn 0.7497668681814009 0 -0.6617020805297907
vn 0.7497668681814009 0 -0.6617020805297907
vn 0 -1 0
vn 0 -1 0
vn 0 -1 0
vn -0.7496528510491113 0 0.6618312495749495
vn -0.7496528510491113 0 0.6618312495749495
vn -0.7496528510491113 0 0.6618312495749495
vn -0.6796339229106791 -4.445982815487202e-15 0.7335514507033853
vn -0.6796339229106791 -4.445982815487202e-15 0.7335514507033853
vn -0.6796339229106791 -4.445982815487202e-15 0.7335514507033853
vn -0.6796339229106791 -4.445982815487202e-15 0.7335514507033853
vn -0.6796339229106791 -4.445982815487202e-15 0.7335514507033853
vn -0.6796339229106791 0 0.7335514507033853
vn 1.6875736516656925e-16 -1 3.0713194968270236e-16
vn 1.6875736516656925e-16 -1 3.0713194968270236e-16
vn 0 -1 0
vn -0.9980699776683176 0 -0.062099272758735655
vn -0.9980699776683176 0 -0.062099272758735655
vn -0.9980699776683176 0 -0.062099272758735655
vn 9.334548585948195e-17 -1 5.534361870220277e-16
vn 0 -1 0
vn 0 -1 0
vn 2.71447828043418e-16 -1 3.074675864880519e-16
vn 0 -1 0
vn 9.334548585948195e-17 -1 5.534361870220277e-16
vn 2.71447828043418e-16 -1 3.074675864880519e-16
vn 1.6875736516656925e-16 -1 3.0713194968270236e-16
vn 0 -1 0
vn -0.7496528510491113 0 0.6618312495749495
vn -0.7496528510491113 0 0.6618312495749495
vn -0.7496528510491113 0 0.6618312495749495
vn 1.6875736516656925e-16 -1 3.0713194968270236e-16
vn 0 -1 0
vn 1.6875736516656925e-16 -1 3.0713194968270236e-16
vn 0.0237643632676023 -0.9238795317626893 -0.3819448465792402
vn 0.0237643632676023 -0.9238795317626893 -0.3819448465792402
vn 0.0237643632676023 -0.9238795317626893 -0.3819448465792402
vn 0.0237643632676023 -0.9238795317626893 -0.3819448465792402
vn 0.0237643632676023 -0.9238795317626893 -0.3819448465792402
vn 0.0237643632676023 -0.9238795317626893 -0.3819448465792402
vn -0.9980699776683176 1.5310213328104656e-15 -0.062099272758735655
vn -0.9980699776683176 0 -0.062099272758735655
vn -0.9980699776683176 1.5310213328104656e-15 -0.062099272758735655
vn -0.9980699776683176 1.5310213328104656e-15 -0.062099272758735655
vn -0.9980699776683176 0 -0.062099272758735655
vn -0.9980699776683176 0 -0.062099272758735655
vn -0.9980699776683176 0 -0.062099272758735655
vn -0.9980699776683176 0 -0.062099272758735655
vn -0.9980699776683176 0 -0.062099272758735655
vn 9.334548585948195e-17 -1 5.534361870220277e-16
vn 0 -1 0
vn 0 -1 0
vn 0.9980699776683176 0 0.062099272758735655
vn 0.9980699776683176 0 0.062099272758735655
vn 0.9980699776683176 0 0.062099272758735655
vn 0 -1 0
vn 9.334548585948195e-17 -1 5.534361870220277e-16
vn 0 -1 0
vn 1.6875736516656925e-16 -1 3.0713194968270236e-16
vn 0 -1 0
vn 0 -1 0
vn 0.9980699776683176 -1.6586064085849658e-15 0.062099272758735655
vn 0.9980699776683176 -1.6586064085849658e-15 0.062099272758735655
vn 0.9980699776683176 0 0.062099272758735655
vn 0.9980699776683176 0 0.062099272758735655
vn 0.9980699776683176 -1.6586064085849658e-15 0.062099272758735655
vn 0.9980699776683176 0 0.062099272758735655
vn 0.9839958911078913 0 -0.17819115096655833
vn 0.9839958911078913 0 -0.17819115096655833
vn 0.9839958911078913 0 -0.17819115096655833
vn 0.9980699776683176 0 0.062099272758735655
vn 0.9980699776683176 0 0.062099272758735655
vn 0.9980699776683176 0 0.062099272758735655
vn 0.7518530439879315 -5.2930864918350786e-14 -0.6593307214487139
vn 0.7518530439879315 -5.2930864918350786e-14 -0.6593307214487139
vn 0.7518530439879315 -5.2930864918350786e-14 -0.6593307214487139
vn 0.9839958911078913 1.343444366814341e-14 -0.17819115096655833
vn 0.9839958911078913 0 -0.17819115096655833
vn 0.9839958911078913 0 -0.17819115096655833
vn -0.22871517807526384 -1.6251190833945646e-15 -0.9734933832944116
vn -0.22871517807526384 -1.6251190833945646e-15 -0.9734933832944116
vn -0.22871517807526384 -1.6251190833945646e-15 -0.9734933832944116
vn 0.7518530439879315 5.342237187647438e-15 -0.6593307214487139
vn 0.7518530439879315 -5.2930864918350786e-14 -0.6593307214487139
vn 0.7518530439879315 -5.2930864918350786e-14 -0.6593307214487139
vn -0.9668445535080592 1.3739687482087379e-14 -0.2553656385495149
vn -0.9668445535080592 1.3739687482087379e-14 -0.2553656385495149
vn -0.9668445535080592 1.3739687482087379e-14 -0.2553656385495149
vn -0.22871517807526384 -1.6251190833945646e-15 -0.9734933832944116
vn -0.22871517807526384 -1.6251190833945646e-15 -0.9734933832944116
vn -0.22871517807526384 3.2199457279302934e-15 -0.9734933832944116
vn -0.9668445535080592 1.3739687482087379e-14 -0.2553656385495149
vn -0.9668445535080592 1.3739687482087379e-14 -0.2553656385495149
vn -0.9668445535080592 -1.540967560904219e-14 -0.2553656385495149
vn -0.7496528510491113 0 0.6618312495749495
vn -0.7496528510491113 0 0.6618312495749495
vn -0.7496528510491113 0 0.6618312495749495
vn 0.6618312495749495 0 0.7496528510491113
vn 0.6618312495749495 0 0.7496528510491113
vn 0.6618312495749495 0 0.7496528510491113
vn 0.6618312495749495 0 0.7496528510491113
vn 0.6618312495749495 0 0.7496528510491113
vn 0.6618312495749495 0 0.7496528510491113
vn -0.6618312495749495 0 -0.7496528510491113
vn -0.6618312495749495 0 -0.7496528510491113
vn -0.6618312495749495 0 -0.7496528510491113
vn -0.7496528510491113 0 0.6618312495749495
vn -0.7496528510491113 0 0.6618312495749495
vn -0.7496528510491113 0 0.6618312495749495
vn 0.7496528510491113 0 -0.6618312495749495
vn 0.7496528510491113 0 -0.6618312495749495
vn 0.7496528510491113 0 -0.6618312495749495
vn -0.6618312495749495 0 -0.7496528510491113
vn -0.6618312495749495 0 -0.7496528510491113
vn -0.6618312495749495 0 -0.7496528510491113
vn 0.7496528510491113 0 -0.6618312495749495
vn 0.7496528510491113 0 -0.6618312495749495
vn 0.7496528510491113 0 -0.6618312495749495
vn 0 1 0
vn 0 1 0
vn 0 1 0
vn 0 1 0
vn 0 1 0
vn 0 1 0
vn 0 1 0
vn 0 1 0
vn 0 1 0
vn 0 1 0
vn 0 1 0
vn 0 1 0
vn 0 1 0
vn 0 1 0
vn 0 1 0
vn 0 1 0
vn 0 1 0
vn 0 1 0
vn 0 1 0
vn 0 1 0
vn 0 1 0
vn 0 1 0
vn 0 1 0
vn 0 1 0
vn -2.40397082504733e-16 1 -1.4957351151424764e-17
vn 0 1 0
vn 0 1 0
vn 0 1 0
vn 0 1 0
vn 0 1 0
vn -2.40397082504733e-16 1 -1.4957351151424764e-17
vn 0 1 0
vn 0 1 0
vn 5.195141586108282e-16 1 -4.586532531638307e-16
vn 5.195141586108282e-16 1 -4.586532531638307e-16
vn 0 1 0
vn -2.40397082504733e-16 1 -1.4957351151424764e-17
vn 0 1 0
vn 5.195141586108282e-16 1 -4.586532531638307e-16
vn 5.195141586108282e-16 1 -4.586532531638307e-16
vn -2.40397082504733e-16 1 -1.4957351151424764e-17
vn 5.195141586108282e-16 1 -4.586532531638307e-16
vn 5.195141586108282e-16 1 -4.586532531638307e-16
vn 0 1 0
vn 0 1 0
vn 0 1 0
vn 0 1 0
vn 0 1 0
vn 0 1 0
vn 0 1 0
vn 0 1 0
vn 0 1 0
vn 0 1 0
vn 0 1 0
vn 0 1 0
vn 0 1 0
vn 0 1 0
vn 0 1 0
vn 0 1 0
vn 0 1 0
vn 0 1 0
vn 0 1 0
vn 0 1 0
vn 0 1 0
vn 0 1 0
vn 0 1 0
vn 0 1 0
vn 0 1 0
vn 0 1 0
vn -6.166707434850278e-16 1 -3.8368858740055894e-17
vn 0 1 0
vn 0 1 0
vn 2.8369137248580428e-18 1 -1.7547929952197117e-16
vn 0 1 0
vn -6.166707434850278e-16 1 -3.8368858740055894e-17
vn 2.8369137248580428e-18 1 -1.7547929952197117e-16
vn 0 1 0
vn 0 1 0
vn -2.40397082504733e-16 1 -1.4957351151424764e-17
vn 2.6431422244076067e-16 1 -2.3334990073247525e-16
vn 0 1 0
vn -6.166707434850278e-16 1 -3.8368858740055894e-17
vn 0 1 0
vn 2.6431422244076067e-16 1 -2.3334990073247525e-16
vn -2.40397082504733e-16 1 -1.4957351151424764e-17
vn -6.166707434850278e-16 1 -3.8368858740055894e-17
vn 2.6431422244076067e-16 1 -2.3334990073247525e-16
vn 2.8369137248580428e-18 1 -1.7547929952197117e-16
vn -6.166707434850278e-16 1 -3.8368858740055894e-17
vn 6.055477715194804e-16 1 -2.078117382587499e-16
vn -0.023768461843870718 0.9238521898523585 0.3820107217429618
vn -0.023768461843870718 0.9238521898523585 0.3820107217429618
vn -0.023768461843870718 0.9238521898523585 0.3820107217429618
vn -2.40397082504733e-16 1 -1.4957351151424764e-17
vn 0 1 0
vn -6.166707434850278e-16 1 -3.8368858740055894e-17
vn -0.023768461843870718 0.9238521898523585 0.3820107217429618
vn -0.023768461843870718 0.9238521898523585 0.3820107217429618
vn -0.023768461843870718 0.9238521898523585 0.3820107217429618
vn -0.062099272758735655 0 0.9980699776683176
vn -0.062099272758735655 0 0.9980699776683176
vn -0.062099272758735655 0 0.9980699776683176
vn -0.062099272758735655 0 0.9980699776683176
vn -0.062099272758735655 0 0.9980699776683176
vn -0.062099272758735655 0 0.9980699776683176
vn -0.05737055100466988 0.38274943878065415 0.9220691335201038
vn -0.05737055100466988 0.38274943878065415 0.9220691335201038
vn -0.05737055100466988 0.38274943878065415 0.9220691335201038
vn -0.05737055100466988 0.38274943878065415 0.9220691335201038
vn -0.05737055100466988 0.38274943878065415 0.9220691335201038
vn -0.05737055100466988 0.38274943878065415 0.9220691335201038
vn -0.05737055100466988 0.38274943878065415 0.9220691335201038
vn -0.05737055100466988 0.38274943878065415 0.9220691335201038
vn -0.05737055100466988 0.38274943878065415 0.9220691335201038
vn -0.05737055100466988 0.38274943878065415 0.9220691335201038
vn -0.05737055100466988 0.38274943878065415 0.9220691335201038
vn -0.05737055100466988 0.38274943878065415 0.9220691335201038
vn 5.487092137807566e-16 1 -1.8833364653637582e-16
vn 5.487092137807566e-16 1 -1.8833364653637582e-16
vn 5.487092137807566e-16 1 -1.8833364653637582e-16
vn 5.487092137807566e-16 1 -1.8833364653637582e-16
vn 0 1 0
vn 5.487092137807566e-16 1 -1.8833364653637582e-16
vn 5.487092137807566e-16 1 -1.8833364653637582e-16
vn 5.195141586108282e-16 1 -4.586532531638307e-16
vn 0 1 0
vn -0.023768461843870718 0.9238521898523585 0.3820107217429618
vn -0.023768461843870718 0.9238521898523585 0.3820107217429618
vn -0.023768461843870718 0.9238521898523585 0.3820107217429618
vn -0.023768461843870718 0.9238521898523585 0.3820107217429618
vn -0.023768461843870718 0.9238521898523585 0.3820107217429618
vn -0.023768461843870718 0.9238521898523585 0.3820107217429618
vn 0 1 0
vn 0 1 0
vn 0 1 0
vn 2.338479825752404e-16 1 -2.1510069499788956e-16
vn 0 1 0
vn 2.338479825752404e-16 1 -2.1510069499788956e-16
vn 2.338479825752404e-16 1 -2.1510069499788956e-16
vn 0 1 0
vn 0 1 0
vn -2.672534002979535e-16 1 -3.1326031246542603e-16
vn -2.672534002979535e-16 1 -3.1326031246542603e-16
vn 0 1 0
vn 0 1 0
vn -2.672534002979535e-16 1 -3.1326031246542603e-16
vn 0 1 0
vn 0 1 0
vn 0 1 0
vn 0 1 0
vn 0 1 0
vn 0 1 0
vn 0 1 0
vn -3.612828454100086e-16 1 -4.091593710503082e-16
vn -3.612828454100086e-16 1 -4.091593710503082e-16
vn 0 1 0
vn 0 1 0
vn 0 1 0
vn 0 1 0
vn 0 1 0
vn 0 1 0
vn 0 1 0
vn 0 1 0
vn -3.612828454100086e-16 1 -4.091593710503082e-16
vn 0 1 0
vn 0 1 0
vn 0 1 0
vn 0 1 0
vn 0 1 0
vn 0 1 0
vn 0 1 0
vn 0 1 0
vn 0 1 0
vn -3.612828454100086e-16 1 -4.091593710503082e-16
vn 0 1 0
vn 0 1 0
vn 0 1 0
vn 0 1 0
vn 0 1 0
vn 0 1 0
vn 0 1 0
vn -3.612828454100086e-16 1 -4.091593710503082e-16
vn -3.612828454100086e-16 1 -4.091593710503082e-16
vn 4.0922602195534526e-16 1 -3.6122892646895993e-16
vn 0 1 0
vn 4.0922602195534526e-16 1 -3.6122892646895993e-16
vn 0 1 0
vn 0 1 0
vn 4.0922602195534526e-16 1 -3.6122892646895993e-16
vn 0 1 0
vn 4.0922602195534526e-16 1 -3.6122892646895993e-16
vn 0 1 0
vn 4.0922602195534526e-16 1 -3.6122892646895993e-16
vn 4.0922602195534526e-16 1 -3.6122892646895993e-16
vn -2.1411203549487638e-15 1 -2.424857757554115e-15
vn 0 1 0
vn -2.1411203549487638e-15 1 -2.424857757554115e-15
vn 4.0922602195534526e-16 1 -3.6122892646895993e-16
vn 0 1 0
vn 0 1 0
vn -2.1411203549487638e-15 1 -2.424857757554115e-15
vn 0 1 0
vn 0 1 0
vn 0 1 0
vn 0 1 0
vn 0 1 0
vn 0 1 0
vn 0 1 0
vn -2.1411203549487638e-15 1 -2.424857757554115e-15
vn 0 1 0
vn 0 1 0
vn 4.0922602195534526e-16 1 -3.6122892646895993e-16
vn 0 1 0
vn 0 1 0
vn 0 1 0
vn 4.0922602195534526e-16 1 -3.6122892646895993e-16
vn 0 1 0
vn 0 1 0
vn 0 1 0
vn 0 1 0
vn 0 1 0
vn 0 1 0
vn 0 1 0
vn 0 1 0
vn 0 1 0
vn 0 1 0
vn 0 1 0
vn -3.612828454100086e-16 1 -4.091593710503082e-16
vn 0 1 0
vn 0 1 0
vn 0 1 0
vn 0 1 0
vn -3.612828454100086e-16 1 -4.091593710503082e-16
vn 0 1 0
vn 0 1 0
vn 0 1 0
vn 0 1 0
vn 0 1 0
vn 0 1 0
vn 0 1 0
vn 0 1 0
vn 0 1 0
vn 0 1 0
vn 0 1 0
vn 0 1 0
vn 0 1 0
vn 0 1 0
vn 0 1 0
vn 0 1 0
vn 0 1 0
vn 0 1 0
vn 0 1 0
vn 0 1 0
vn 0 1 0
vn 0 1 0
vn 0 1 0
vn 0 1 0
vn 0 1 0
vn 0 1 0
vn 0 1 0
vn 0 1 0
vn 6.278445771320799e-17 1 -4.620694429192257e-16
vn 0 1 0
vn 6.278445771320799e-17 1 -4.620694429192257e-16
vn 6.278445771320799e-17 1 -4.620694429192257e-16
vn 0 1 0
vn 0 1 0
vn 0 1 0
vn 6.278445771320799e-17 1 -4.620694429192257e-16
vn 0 1 0
vn 6.278445771320799e-17 1 -4.620694429192257e-16
vn 6.278445771320799e-17 1 -4.620694429192257e-16
vn 0 1 0
vn 0 1 0
vn 0 1 0
vn 1.619928806404576e-16 1 -1.4296580749271684e-16
vn 0 1 0
vn 0 1 0
vn 0 1 0
vn 2.338479825752404e-16 1 -2.1510069499788956e-16
vn 1.619928806404576e-16 1 -1.4296580749271684e-16
vn 0 1 0
vn 0 1 0
vn 1.619928806404576e-16 1 -1.4296580749271684e-16
vn 2.338479825752404e-16 1 -2.1510069499788956e-16
vn 0 1 0
vn 0 1 0
vn 0 1 0
vn 2.338479825752404e-16 1 -2.1510069499788956e-16
vn 0 1 0
vn 0 1 0
vn 2.338479825752404e-16 1 -2.1510069499788956e-16
vn 0 1 0
vn -2.672534002979535e-16 1 -3.1326031246542603e-16
vn -2.672534002979535e-16 1 -3.1326031246542603e-16
vn 2.338479825752404e-16 1 -2.1510069499788956e-16
vn -2.672534002979535e-16 1 -3.1326031246542603e-16
vn 2.338479825752404e-16 1 -2.1510069499788956e-16
vn 2.338479825752404e-16 1 -2.1510069499788956e-16
vn -2.672534002979535e-16 1 -3.1326031246542603e-16
vn 0 1 0
vn 0 1 0
vn 0 1 0
vn -0.765180294706736 0 -0.6438160580418234
vn -0.765180294706736 0 -0.6438160580418234
vn -0.765180294706736 0 -0.6438160580418234
vn 0 1 0
vn 0 1 0
vn 0 1 0
vn 0.6438160580418234 -2.2872941160366033e-15 -0.765180294706736
vn 0.6438160580418234 -2.2872941160366033e-15 -0.765180294706736
vn 0.6438160580418234 -2.2872941160366033e-15 -0.765180294706736
vn 0.6438160580418234 -2.2872941160366033e-15 -0.765180294706736
vn 0.6438160580418234 -2.2872941160366033e-15 -0.765180294706736
vn 0.6438160580418234 0 -0.765180294706736
vn -1.7024855343532064e-16 1 2.0234169212961022e-16
vn -1.7024855343532064e-16 1 2.0234169212961022e-16
vn 0 1 0
vn -0.6438160580418234 2.2872941160366033e-15 0.765180294706736
vn -0.6438160580418234 2.2872941160366033e-15 0.765180294706736
vn -0.6438160580418234 2.2872941160366033e-15 0.765180294706736
vn 1.6018716521558904e-16 1 1.3478010756023088e-16
vn -1.7024855343532064e-16 1 2.0234169212961022e-16
vn 0 1 0
vn 8.307391038435614e-16 1 7.702196982580951e-17
vn 1.6018716521558904e-16 1 1.3478010756023088e-16
vn 0 1 0
vn 0 1 0
vn 8.307391038435614e-16 1 7.702196982580951e-17
vn 0 1 0
vn -0.765180294706736 2.7184664997532195e-15 -0.6438160580418234
vn -0.765180294706736 0 -0.6438160580418234
vn -0.765180294706736 0 -0.6438160580418234
vn 1.6018716521558904e-16 1 1.3478010756023088e-16
vn 0 1 0
vn -1.7024855343532064e-16 1 2.0234169212961022e-16
vn 0.765180294706736 0 0.6438160580418234
vn 0.765180294706736 0 0.6438160580418234
vn 0.765180294706736 0 0.6438160580418234
vn 1.6018716521558904e-16 1 1.3478010756023088e-16
vn -1.7024855343532064e-16 1 2.0234169212961022e-16
vn -1.7024855343532064e-16 1 2.0234169212961022e-16
vn -0.6438160580418234 0 0.765180294706736
vn -0.6438160580418234 2.2872941160366033e-15 0.765180294706736
vn -0.6438160580418234 2.2872941160366033e-15 0.765180294706736
vn 5.769854102564815e-17 1 1.436079775807438e-16
vn 0 1 0
vn 1.6018716521558904e-16 1 1.3478010756023088e-16
vn 0 1 0
vn 0 1 0
vn 4.577398340093353e-16 1 -4.893268043431914e-16
vn 5.769854102564815e-17 1 1.436079775807438e-16
vn 4.577398340093353e-16 1 -4.893268043431914e-16
vn 0 1 0
vn 0.765180294706736 -2.7184664997532195e-15 0.6438160580418234
vn 0.765180294706736 0 0.6438160580418234
vn 0.765180294706736 0 0.6438160580418234
vn -0.765180294706736 0 -0.6438160580418234
vn -0.765180294706736 0 -0.6438160580418234
vn -0.765180294706736 0 -0.6438160580418234
vn 0.6438160580418234 0 -0.765180294706736
vn 0.6438160580418234 0 -0.765180294706736
vn 0.6438160580418234 0 -0.765180294706736
vn 0.6438160580418234 0 -0.765180294706736
vn 0.6438160580418234 0 -0.765180294706736
vn 0.6438160580418234 0 -0.765180294706736
vn 0 1 0
vn 0 1 0
vn 1.6018716521558904e-16 1 1.3478010756023088e-16
vn -0.6438160580418234 0 0.765180294706736
vn -0.6438160580418234 0 0.765180294706736
vn -0.6438160580418234 0 0.765180294706736
vn 8.307391038435614e-16 1 7.702196982580951e-17
vn 0 1 0
vn 1.6018716521558904e-16 1 1.3478010756023088e-16
vn -0.765180294706736 0 -0.6438160580418234
vn -0.765180294706736 0 -0.6438160580418234
vn -0.765180294706736 0 -0.6438160580418234
vn 5.769854102564815e-17 1 1.436079775807438e-16
vn 1.6018716521558904e-16 1 1.3478010756023088e-16
vn 0 1 0
vn 0.765180294706736 0 0.6438160580418234
vn 0.765180294706736 0 0.6438160580418234
vn 0.765180294706736 0 0.6438160580418234
vn 5.769854102564815e-17 1 1.436079775807438e-16
vn 0 1 0
vn 0 1 0
vn -0.6438160580418234 0 0.765180294706736
vn -0.6438160580418234 0 0.765180294706736
vn -0.6438160580418234 0 0.765180294706736
vn 0.765180294706736 0 0.6438160580418234
vn 0.765180294706736 0 0.6438160580418234
vn 0.765180294706736 0 0.6438160580418234
vn 0 1 0
vn 0 1 0
vn 0 1 0
vn -0.765180294706736 0 -0.6438160580418234
vn -0.765180294706736 0 -0.6438160580418234
vn -0.765180294706736 0 -0.6438160580418234
vn 0 1 0
vn 0 1 0
vn 0 1 0
vn 0.6438160580418234 0 -0.765180294706736
vn 0.6438160580418234 0 -0.765180294706736
vn 0.6438160580418234 0 -0.765180294706736
vn 0.6438160580418234 0 -0.765180294706736
vn 0.6438160580418234 0 -0.765180294706736
vn 0.6438160580418234 0 -0.765180294706736
vn -1.7024855343532064e-16 1 2.0234169212961022e-16
vn -1.7024855343532064e-16 1 2.0234169212961022e-16
vn 0 1 0
vn -0.6438160580418234 0 0.765180294706736
vn -0.6438160580418234 0 0.765180294706736
vn -0.6438160580418234 0 0.765180294706736
vn 4.577398340093353e-16 1 -4.893268043431914e-16
vn -1.7024855343532064e-16 1 2.0234169212961022e-16
vn 0 1 0
vn 0 1 0
vn 4.577398340093353e-16 1 -4.893268043431914e-16
vn 0 1 0
vn 0 1 0
vn 0 1 0
vn 0 1 0
vn -0.765180294706736 0 -0.6438160580418234
vn -0.765180294706736 0 -0.6438160580418234
vn -0.765180294706736 0 -0.6438160580418234
vn 1.6018716521558904e-16 1 1.3478010756023088e-16
vn 0 1 0
vn -1.7024855343532064e-16 1 2.0234169212961022e-16
vn 0.765180294706736 0 0.6438160580418234
vn 0.765180294706736 0 0.6438160580418234
vn 0.765180294706736 0 0.6438160580418234
vn 1.6018716521558904e-16 1 1.3478010756023088e-16
vn -1.7024855343532064e-16 1 2.0234169212961022e-16
vn -1.7024855343532064e-16 1 2.0234169212961022e-16
vn -0.6438160580418234 0 0.765180294706736
vn -0.6438160580418234 0 0.765180294706736
vn -0.6438160580418234 0 0.765180294706736
vn 1.1530085116755434e-16 1 1.3864638944797314e-16
vn 0 1 0
vn 1.6018716521558904e-16 1 1.3478010756023088e-16
vn 4.601753713700466e-16 1 -4.919303718648143e-16
vn 0 1 0
vn 0 1 0
vn 1.1530085116755434e-16 1 1.3864638944797314e-16
vn 4.601753713700466e-16 1 -4.919303718648143e-16
vn 0 1 0
vn 0.765180294706736 0 0.6438160580418234
vn 0.765180294706736 0 0.6438160580418234
vn 0.765180294706736 0 0.6438160580418234
vn -0.765180294706736 0 -0.6438160580418234
vn -0.765180294706736 0 -0.6438160580418234
vn -0.765180294706736 0 -0.6438160580418234
vn 0.6438160580418234 0 -0.765180294706736
vn 0.6438160580418234 0 -0.765180294706736
vn 0.6438160580418234 0 -0.765180294706736
vn 0.6438160580418234 0 -0.765180294706736
vn 0.6438160580418234 0 -0.765180294706736
vn 0.6438160580418234 0 -0.765180294706736
vn 5.769854102564815e-17 1 1.436079775807438e-16
vn 1.1349904003517703e-16 1 -1.3489445700811021e-16
vn 4.577398340093353e-16 1 -4.893268043431914e-16
vn -0.6438160580418234 0 0.765180294706736
vn -0.6438160580418234 0 0.765180294706736
vn -0.6438160580418234 0 0.765180294706736
vn -0.765180294706736 0 -0.6438160580418234
vn -0.765180294706736 0 -0.6438160580418234
vn -0.765180294706736 0 -0.6438160580418234
vn 1.1530085116755434e-16 1 1.3864638944797314e-16
vn 1.6018716521558904e-16 1 1.3478010756023088e-16
vn 1.1349904003517703e-16 1 -1.3489445700811021e-16
vn 0.765180294706736 0 0.6438160580418234
vn 0.765180294706736 0 0.6438160580418234
vn 0.765180294706736 0 0.6438160580418234
vn 5.769854102564815e-17 1 1.436079775807438e-16
vn 1.1530085116755434e-16 1 1.3864638944797314e-16
vn 1.1349904003517703e-16 1 -1.3489445700811021e-16
vn -0.6438160580418234 0 0.765180294706736
vn -0.6438160580418234 0 0.765180294706736
vn -0.6438160580418234 0 0.765180294706736
vn 0.765180294706736 0 0.6438160580418234
vn 0.765180294706736 0 0.6438160580418234
vn 0.765180294706736 0 0.6438160580418234
vn 8.307391038435614e-16 1 7.702196982580951e-17
vn 8.056514173139875e-16 1 1.868428784753756e-17
vn 0 1 0
vn 0.30205478797247015 0 -0.9532905669641897
vn 0.30205478797247015 0 -0.9532905669641897
vn 0.30205478797247015 0 -0.9532905669641897
vn -0.0858174403910285 0 -0.9963108786542142
vn -0.0858174403910285 0 -0.9963108786542142
vn -0.0858174403910285 0 -0.9963108786542142
vn -0.0858174403910285 0 -0.9963108786542142
vn -0.0858174403910285 0 -0.9963108786542142
vn -0.0858174403910285 0 -0.9963108786542142
vn -2.5746114356232214e-16 1 1.3360986536915006e-16
vn -2.5746114356232214e-16 1 1.3360986536915006e-16
vn 8.056514173139875e-16 1 1.868428784753756e-17
vn 0.8875974100104581 0 -0.4606200579031777
vn 0.8875974100104581 0 -0.4606200579031777
vn 0.8875974100104581 0 -0.4606200579031777
vn 8.307391038435614e-16 1 7.702196982580951e-17
vn -2.5746114356232214e-16 1 1.3360986536915006e-16
vn 8.056514173139875e-16 1 1.868428784753756e-17
vn 0.30205478797247015 0 -0.9532905669641897
vn 0.30205478797247015 0 -0.9532905669641897
vn 0.30205478797247015 0 -0.9532905669641897
vn 0.9963108786542142 0 -0.0858174403910285
vn 0.9963108786542142 0 -0.0858174403910285
vn 0.9963108786542142 0 -0.0858174403910285
vn 0.8875974100104581 0 -0.4606200579031777
vn 0.8875974100104581 0 -0.4606200579031777
vn 0.8875974100104581 0 -0.4606200579031777
vn 0.9532905669641897 0 0.30205478797247015
vn 0.9532905669641897 0 0.30205478797247015
vn 0.9532905669641897 0 0.30205478797247015
vn 0.9963108786542142 0 -0.0858174403910285
vn 0.9963108786542142 0 -0.0858174403910285
vn 0.9963108786542142 0 -0.0858174403910285
vn 0.4606200579031777 0 0.8875974100104581
vn 0.4606200579031777 0 0.8875974100104581
vn 0.4606200579031777 0 0.8875974100104581
vn 0.9532905669641897 0 0.30205478797247015
vn 0.9532905669641897 0 0.30205478797247015
vn 0.9532905669641897 0 0.30205478797247015
vn 0.0858174403910285 0 0.9963108786542142
vn 0.0858174403910285 0 0.9963108786542142
vn 0.0858174403910285 0 0.9963108786542142
vn 0.4606200579031777 0 0.8875974100104581
vn 0.4606200579031777 0 0.8875974100104581
vn 0.4606200579031777 0 0.8875974100104581
vn -0.30201164081575405 0 0.9533042372777831
vn -0.30201164081575405 0 0.9533042372777831
vn -0.30201164081575405 0 0.9533042372777831
vn 0.0858174403910285 0 0.9963108786542142
vn 0.0858174403910285 0 0.9963108786542142
vn 0.0858174403910285 0 0.9963108786542142
vn 1.1530085116755434e-16 1 1.3864638944797314e-16
vn -2.8413275523348196e-16 1 1.4743481949687953e-16
vn 4.601753713700466e-16 1 -4.919303718648143e-16
vn -0.8876182469766323 0 0.4605799036368502
vn -0.8876182469766323 0 0.4605799036368502
vn -0.8876182469766323 0 0.4605799036368502
vn -0.30201164081575405 0 0.9533042372777831
vn -0.30201164081575405 0 0.9533042372777831
vn -0.30201164081575405 0 0.9533042372777831
vn -0.9963108786542142 0 0.0858174403910285
vn -0.9963108786542142 0 0.0858174403910285
vn -0.9963108786542142 0 0.0858174403910285
vn -0.8876182469766323 0 0.4605799036368502
vn -0.8876182469766323 0 0.4605799036368502
vn -0.8876182469766323 0 0.4605799036368502
vn 5.769854102564815e-17 1 1.436079775807438e-16
vn 2.3597382351461186e-16 1 -2.0325654065220407e-17
vn 1.1530085116755434e-16 1 1.3864638944797314e-16
vn -0.03284657691607867 0.923852189822346 -0.38133742767443174
vn -0.03284657691607867 0.923852189822346 -0.38133742767443174
vn -0.03284657691607867 0.923852189822346 -0.38133742767443174
vn -0.03284657691607867 0.923852189822346 -0.38133742767443174
vn -0.03284657691607867 0.923852189822346 -0.38133742767443174
vn -0.03284657691607867 0.923852189822346 -0.38133742767443174
vn -0.9963108786542142 0 0.0858174403910285
vn -0.9963108786542142 0 0.0858174403910285
vn -0.9963108786542142 0 0.0858174403910285
vn -0.9963108786542142 0 0.0858174403910285
vn -0.9963108786542142 0 0.0858174403910285
vn -0.9963108786542142 0 0.0858174403910285
vn 0.9963108786542142 0 -0.0858174403910285
vn 0.9963108786542142 0 -0.0858174403910285
vn 0.9963108786542142 0 -0.0858174403910285
vn 0.9963108786542142 0 -0.0858174403910285
vn 0.9963108786542142 0 -0.0858174403910285
vn 0.9963108786542142 0 -0.0858174403910285
vn 0.9963108786542142 0 -0.0858174403910285
vn 0.9963108786542142 0 -0.0858174403910285
vn 0.9963108786542142 0 -0.0858174403910285
vn 0.9963108786542142 0 -0.0858174403910285
vn 0.9963108786542142 0 -0.0858174403910285
vn 0.9963108786542142 0 -0.0858174403910285
vn -0.0858174403910285 0 -0.9963108786542142
vn -0.0858174403910285 0 -0.9963108786542142
vn -0.0858174403910285 0 -0.9963108786542142
vn -0.07928263208883927 0.38274942925131106 -0.9204439899618343
vn -0.07928263208883927 0.38274942925131106 -0.9204439899618343
vn -0.07928263208883927 0.38274942925131106 -0.9204439899618343
vn -0.0858174403910285 0 -0.9963108786542142
vn -0.0858174403910285 0 -0.9963108786542142
vn -0.0858174403910285 0 -0.9963108786542142
vn 0.9963108786542142 0 -0.0858174403910285
vn 0.9963108786542142 0 -0.0858174403910285
vn 0.9963108786542142 0 -0.0858174403910285
vn -0.07928263208883927 0.38274942925131106 -0.9204439899618343
vn -0.07928263208883927 0.38274942925131106 -0.9204439899618343
vn -0.07928263208883927 0.38274942925131106 -0.9204439899618343
vn 0.9963108786542142 2.1246569754694455e-15 -0.0858174403910285
vn 0.9963108786542142 0 -0.0858174403910285
vn 0.9963108786542142 0 -0.0858174403910285
vn 0.9963108786542142 0 -0.0858174403910285
vn 0.9963108786542142 0 -0.0858174403910285
vn 0.9963108786542142 2.1246569754694455e-15 -0.0858174403910285
vn -0.9963108786542142 0 0.0858174403910285
vn -0.9963108786542142 0 0.0858174403910285
vn -0.9963108786542142 0 0.0858174403910285
vn -0.9963108786542142 0 0.0858174403910285
vn -0.9963108786542142 0 0.0858174403910285
vn -0.9963108786542142 0 0.0858174403910285
vn -0.07928497943522836 0.3826834191048862 -0.9204712340851013
vn -0.07928497943522836 0.3826834191048862 -0.9204712340851013
vn -0.07928497943522836 0.3826834191048862 -0.9204712340851013
vn -0.07928497943522836 0.3826834191048862 -0.9204712340851013
vn -0.07928497943522836 0.3826834191048862 -0.9204712340851013
vn -0.07928497943522836 0.3826834191048862 -0.9204712340851013
vn -0.9963108786542142 1.3738308857371719e-15 0.0858174403910285
vn -0.9963108786542142 0 0.0858174403910285
vn -0.9963108786542142 1.3738308857371719e-15 0.0858174403910285
vn -0.9963108786542142 1.3738308857371719e-15 0.0858174403910285
vn -0.9963108786542142 0 0.0858174403910285
vn -0.9963108786542142 0 0.0858174403910285
vn 0.9963108786542142 -2.2523679431566663e-15 -0.0858174403910285
vn 0.9963108786542142 -2.2523679431566663e-15 -0.0858174403910285
vn 0.9963108786542142 0 -0.0858174403910285
vn 0.9963108786542142 -2.2523679431566663e-15 -0.0858174403910285
vn 0.9963108786542142 0 -0.0858174403910285
vn 0.9963108786542142 0 -0.0858174403910285
vn 0.9963108786542142 0 -0.0858174403910285
vn 0.9963108786542142 2.1246569754694455e-15 -0.0858174403910285
vn 0.9963108786542142 0 -0.0858174403910285
vn -0.9963108786542142 0 0.0858174403910285
vn -0.9963108786542142 0 0.0858174403910285
vn -0.9963108786542142 0 0.0858174403910285
vn -0.9963108786542142 0 0.0858174403910285
vn -0.9963108786542142 0 0.0858174403910285
vn -0.9963108786542142 0 0.0858174403910285
vn 8.353799444220085e-16 1 7.02771007298717e-16
vn 8.353799444220085e-16 1 7.02771007298717e-16
vn 8.353799444220085e-16 1 7.02771007298717e-16
vn 0.7652301338670164 0 0.6437568191653339
vn 0.7652301338670164 0 0.6437568191653339
vn 0.7652301338670164 0 0.6437568191653339
vn 0 1 0
vn 8.353799444220085e-16 1 7.02771007298717e-16
vn 0 1 0
vn -0.6438753573161179 0 0.7651303968873812
vn -0.6438753573161179 0 0.7651303968873812
vn -0.6438753573161179 0 0.7651303968873812
vn 0 1 0
vn 1.524807271125714e-16 1 2.653752953198302e-15
vn 8.353799444220085e-16 1 7.02771007298717e-16
vn -1.7363102863243696e-15 1 -5.920525249664696e-15
vn 8.353799444220085e-16 1 7.02771007298717e-16
vn 1.524807271125714e-16 1 2.653752953198302e-15
vn -1.7363102863243696e-15 1 -5.920525249664696e-15
vn 8.353799444220085e-16 1 7.02771007298717e-16
vn 8.353799444220085e-16 1 7.02771007298717e-16
vn -0.6438753573161179 0 0.7651303968873812
vn -0.6438753573161179 0 0.7651303968873812
vn -0.6438753573161179 0 0.7651303968873812
vn 0 1 0
vn 0 1 0
vn 8.353799444220085e-16 1 7.02771007298717e-16
vn 0.6438753573161179 0 -0.7651303968873812
vn 0.6438753573161179 0 -0.7651303968873812
vn 0.6438753573161179 0 -0.7651303968873812
vn 0 1 0
vn 8.353799444220085e-16 1 7.02771007298717e-16
vn 8.353799444220085e-16 1 7.02771007298717e-16
vn 0.7652301338670164 0 0.6437568191653339
vn 0.7652301338670164 0 0.6437568191653339
vn 0.7652301338670164 0 0.6437568191653339
vn 0 1 0
vn 0 1 0
vn 0 1 0
vn -0.7652301338670164 0 -0.6437568191653339
vn -0.7652301338670164 0 -0.6437568191653339
vn -0.7652301338670164 0 -0.6437568191653339
vn 0 1 0
vn 0 1 0
vn 0 1 0
vn 0 1 0
vn 0 1 0
vn 0 1 0
vn 0.6438753573161179 0 -0.7651303968873812
vn 0.6438753573161179 0 -0.7651303968873812
vn 0.6438753573161179 0 -0.7651303968873812
vn 0 1 0
vn 0 1 0
vn 0 1 0
vn -0.7652301338670164 0 -0.6437568191653339
vn -0.7652301338670164 0 -0.6437568191653339
vn -0.7652301338670164 0 -0.6437568191653339
vn 0.7652301338670164 0 0.6437568191653339
vn 0.7652301338670164 0 0.6437568191653339
vn 0.7652301338670164 0 0.6437568191653339
vn 1.3373712148156318e-15 1 1.4122419393310971e-15
vn 1.524807271125714e-16 1 2.653752953198302e-15
vn 1.3373712148156318e-15 1 1.4122419393310971e-15
vn -0.6438753573161179 0 0.7651303968873812
vn -0.6438753573161179 0 0.7651303968873812
vn -0.6438753573161179 0 0.7651303968873812
vn -1.7363102863243696e-15 1 -5.920525249664696e-15
vn 1.524807271125714e-16 1 2.653752953198302e-15
vn 1.3373712148156318e-15 1 1.4122419393310971e-15
vn -0.6438753573161179 0 0.7651303968873812
vn -0.6438753573161179 0 0.7651303968873812
vn -0.6438753573161179 0 0.7651303968873812
vn 0.6438753573161179 0 -0.7651303968873812
vn 0.6438753573161179 0 -0.7651303968873812
vn 0.6438753573161179 0 -0.7651303968873812
vn 0.7652301338670164 0 0.6437568191653339
vn 0.7652301338670164 0 0.6437568191653339
vn 0.7652301338670164 0 0.6437568191653339
vn 0 1 0
vn 1.3373712148156318e-15 1 1.4122419393310971e-15
vn 0 1 0
vn -0.7652301338670164 0 -0.6437568191653339
vn -0.7652301338670164 0 -0.6437568191653339
vn -0.7652301338670164 0 -0.6437568191653339
vn 0.6438753573161179 0 -0.7651303968873812
vn 0.6438753573161179 0 -0.7651303968873812
vn 0.6438753573161179 0 -0.7651303968873812
vn 2.475413766043935e-15 1 2.0824643821425876e-15
vn 1.3373712148156318e-15 1 1.4122419393310971e-15
vn 1.3373712148156318e-15 1 1.4122419393310971e-15
vn 0 1 0
vn 2.475413766043935e-15 1 2.0824643821425876e-15
vn 1.3373712148156318e-15 1 1.4122419393310971e-15
vn -0.7652301338670164 0 -0.6437568191653339
vn -0.7652301338670164 0 -0.6437568191653339
vn -0.7652301338670164 0 -0.6437568191653339
vn 0 1 0
vn 0 1 0
vn 0 1 0
vn 0.7652301338670164 -5.4372871280393755e-15 0.6437568191653339
vn 0.7652301338670164 -5.4372871280393755e-15 0.6437568191653339
vn 0.7652301338670164 -5.4372871280393755e-15 0.6437568191653339
vn 3.566139203954041e-16 1 -4.2377172171184933e-16
vn 0 1 0
vn 2.475413766043935e-15 1 2.0824643821425876e-15
vn -0.6438753573161179 0 0.7651303968873812
vn -0.6438753573161179 0 0.7651303968873812
vn -0.6438753573161179 0 0.7651303968873812
vn 3.566139203954041e-16 1 -4.2377172171184933e-16
vn 0 1 0
vn 0 1 0
vn -0.6438753573161179 0 0.7651303968873812
vn -0.6438753573161179 0 0.7651303968873812
vn -0.6438753573161179 4.589856372185378e-15 0.7651303968873812
vn 0 1 0
vn 1.3373712148156318e-15 1 1.4122419393310971e-15
vn 0 1 0
vn 0.6438753573161179 0 -0.7651303968873812
vn 0.6438753573161179 0 -0.7651303968873812
vn 0.6438753573161179 0 -0.7651303968873812
vn 0.7652301338670164 0 0.6437568191653339
vn 0.7652301338670164 -5.4372871280393755e-15 0.6437568191653339
vn 0.7652301338670164 -5.4372871280393755e-15 0.6437568191653339
vn -0.7652301338670164 2.2870836572697822e-15 -0.6437568191653339
vn -0.7652301338670164 2.2870836572697822e-15 -0.6437568191653339
vn -0.7652301338670164 2.2870836572697822e-15 -0.6437568191653339
vn 0 1 0
vn -1.7363102863243696e-15 1 -5.920525249664696e-15
vn 1.3373712148156318e-15 1 1.4122419393310971e-15
vn 0.6438753573161179 0 -0.7651303968873812
vn 0.6438753573161179 0 -0.7651303968873812
vn 0.6438753573161179 2.7176780928194228e-15 -0.7651303968873812
vn 3.566139203954041e-16 1 -4.2377172171184933e-16
vn 2.475413766043935e-15 1 2.0824643821425876e-15
vn 0 1 0
vn -0.7652301338670164 0 -0.6437568191653339
vn -0.7652301338670164 2.2870836572697822e-15 -0.6437568191653339
vn -0.7652301338670164 2.2870836572697822e-15 -0.6437568191653339
vn 0 1 0
vn 0 1 0
vn 0 1 0
vn 0.7652301338670164 -2.2870836572697822e-15 0.6437568191653339
vn 0.7652301338670164 -2.2870836572697822e-15 0.6437568191653339
vn 0.7652301338670164 -2.2870836572697822e-15 0.6437568191653339
vn 0 1 0
vn 0 1 0
vn 0 1 0
vn -0.6438753573161179 0 0.7651303968873812
vn -0.6438753573161179 0 0.7651303968873812
vn -0.6438753573161179 0 0.7651303968873812
vn 0 1 0
vn 0 1 0
vn 0 1 0
vn -0.6438753573161179 0 0.7651303968873812
vn -0.6438753573161179 0 0.7651303968873812
vn -0.6438753573161179 -2.7176780928194228e-15 0.7651303968873812
vn 0 1 0
vn 8.353799444220085e-16 1 7.02771007298717e-16
vn 0 1 0
vn 0.6438753573161179 0 -0.7651303968873812
vn 0.6438753573161179 0 -0.7651303968873812
vn 0.6438753573161179 0 -0.7651303968873812
vn 0 1 0
vn 0 1 0
vn 0 1 0
vn 0.7652301338670164 0 0.6437568191653339
vn 0.7652301338670164 -2.2870836572697822e-15 0.6437568191653339
vn 0.7652301338670164 -2.2870836572697822e-15 0.6437568191653339
vn -1.7363102863243696e-15 1 -5.920525249664696e-15
vn 0 1 0
vn 8.353799444220085e-16 1 7.02771007298717e-16
vn -0.7652301338670164 0 -0.6437568191653339
vn -0.7652301338670164 0 -0.6437568191653339
vn -0.7652301338670164 0 -0.6437568191653339
vn 0.6438753573161179 0 -0.7651303968873812
vn 0.6438753573161179 0 -0.7651303968873812
vn 0.6438753573161179 0 -0.7651303968873812
vn 0 1 0
vn 0 1 0
vn -1.7363102863243696e-15 1 -5.920525249664696e-15
vn -0.7652301338670164 0 -0.6437568191653339
vn -0.7652301338670164 0 -0.6437568191653339
vn -0.7652301338670164 0 -0.6437568191653339
vn 0 1 0
vn 0 1 0
vn 0 1 0
vn 0.7652301338670164 0 0.6437568191653339
vn 0.7652301338670164 0 0.6437568191653339
vn 0.7652301338670164 0 0.6437568191653339
vn 3.415549186728639e-16 1 -4.0587680074234255e-16
vn 0 1 0
vn 3.415549186728639e-16 1 -4.0587680074234255e-16
vn -0.6438753573161179 0 0.7651303968873812
vn -0.6438753573161179 0 0.7651303968873812
vn -0.6438753573161179 0 0.7651303968873812
vn 0 1 0
vn 0 1 0
vn 3.415549186728639e-16 1 -4.0587680074234255e-16
vn -0.6438753573161179 0 0.7651303968873812
vn -0.6438753573161179 0 0.7651303968873812
vn -0.6438753573161179 0 0.7651303968873812
vn 0 1 0
vn 0 1 0
vn 0 1 0
vn 0.6438753573161179 0 -0.7651303968873812
vn 0.6438753573161179 0 -0.7651303968873812
vn 0.6438753573161179 0 -0.7651303968873812
vn 0 1 0
vn 0 1 0
vn 0 1 0
vn 0.7652301338670164 0 0.6437568191653339
vn 0.7652301338670164 0 0.6437568191653339
vn 0.7652301338670164 0 0.6437568191653339
vn 3.415549186728639e-16 1 -4.0587680074234255e-16
vn 3.415549186728639e-16 1 -4.0587680074234255e-16
vn 0 1 0
vn -0.7652301338670164 0 -0.6437568191653339
vn -0.7652301338670164 0 -0.6437568191653339
vn -0.7652301338670164 0 -0.6437568191653339
vn 0 1 0
vn 3.415549186728639e-16 1 -4.0587680074234255e-16
vn 0 1 0
vn 0 1 0
vn 0 1 0
vn 0 1 0
vn 0.6438753573161179 0 -0.7651303968873812
vn 0.6438753573161179 0 -0.7651303968873812
vn 0.6438753573161179 0 -0.7651303968873812
vn -0.7652301338670164 0 -0.6437568191653339
vn -0.7652301338670164 0 -0.6437568191653339
vn -0.7652301338670164 0 -0.6437568191653339
vn -0.643882995046451 0 -0.7651239694912269
vn -0.643882995046451 0 -0.7651239694912269
vn -0.643882995046451 0 -0.7651239694912269
vn 0.5347616067040808 0 -0.845002972773037
vn 0.5347616067040808 0 -0.845002972773037
vn 0.5347616067040808 0 -0.845002972773037
vn 0.5347616067040808 0 -0.845002972773037
vn 0.5347616067040808 0 -0.845002972773037
vn 0.5347616067040808 0 -0.845002972773037
vn 3.566139203954041e-16 1 -4.2377172171184933e-16
vn 4.2468164685543726e-16 1 -1.579635184405893e-16
vn 0 1 0
vn -0.9372633589238958 1.2385546430675609e-15 0.34862213931231656
vn -0.9372633589238958 1.2385546430675609e-15 0.34862213931231656
vn -0.9372633589238958 1.2385546430675609e-15 0.34862213931231656
vn -0.643882995046451 -2.7182663923896188e-15 -0.7651239694912269
vn -0.643882995046451 0 -0.7651239694912269
vn -0.643882995046451 0 -0.7651239694912269
vn 0 1 0
vn 3.415549186728639e-16 1 -4.0587680074234255e-16
vn 4.2468164685543726e-16 1 -1.579635184405893e-16
vn 0.013012409798063663 -3.552412888337896e-15 0.9999153350115435
vn 0.013012409798063663 -3.552412888337896e-15 0.9999153350115435
vn 0.013012409798063663 -3.552412888337896e-15 0.9999153350115435
vn 3.566139203954041e-16 1 -4.2377172171184933e-16
vn 0 1 0
vn 4.2468164685543726e-16 1 -1.579635184405893e-16
vn -0.9372633589238958 -1.2385546430675609e-15 0.34862213931231656
vn -0.9372633589238958 1.2385546430675609e-15 0.34862213931231656
vn -0.9372633589238958 1.2385546430675609e-15 0.34862213931231656
vn 0.9571943028601504 0 0.2894461376008856
vn 0.9571943028601504 0 0.2894461376008856
vn 0.9571943028601504 0 0.2894461376008856
vn 0 1 0
vn 0 1 0
vn 3.415549186728639e-16 1 -4.0587680074234255e-16
vn 0.013012409798063663 -3.552412888337896e-15 0.9999153350115435
vn 0.013012409798063663 -3.552412888337896e-15 0.9999153350115435
vn 0.013012409798063663 0 0.9999153350115435
vn 0.9571943028601504 0 0.2894461376008856
vn 0.9571943028601504 0 0.2894461376008856
vn 0.9571943028601504 0 0.2894461376008856
vn 0 1 0
vn 0 1 0
vn 0 1 0
vn 0.765291159034858 0 0.6436842719090499
vn 0.765291159034858 0 0.6436842719090499
vn 0.765291159034858 0 0.6436842719090499
vn 3.566139203954041e-16 1 -4.2377172171184933e-16
vn 0 1 0
vn 0 1 0
vn -0.6439478893297526 0 0.7650693536064276
vn -0.6439478893297526 0 0.7650693536064276
vn -0.6439478893297526 0 0.7650693536064276
vn -0.6439478893297526 0 0.7650693536064276
vn -0.6439478893297526 0 0.7650693536064276
vn -0.6439478893297526 0 0.7650693536064276
vn 0 1 0
vn 0 1 0
vn 0 1 0
vn 0.6439478893297526 0 -0.7650693536064276
vn 0.6439478893297526 0 -0.7650693536064276
vn 0.6439478893297526 0 -0.7650693536064276
vn 0.765291159034858 0 0.6436842719090499
vn 0.765291159034858 0 0.6436842719090499
vn 0.765291159034858 0 0.6436842719090499
vn 2.4190321296406957e-16 1 2.0346412989873038e-16
vn 0 1 0
vn 0 1 0
vn -0.765291159034858 0 -0.6436842719090499
vn -0.765291159034858 0 -0.6436842719090499
vn -0.765291159034858 0 -0.6436842719090499
vn 2.4190321296406957e-16 1 2.0346412989873038e-16
vn 0 1 0
vn 0 1 0
vn 0.6439478893297526 0 -0.7650693536064276
vn 0.6439478893297526 0 -0.7650693536064276
vn 0.6439478893297526 0 -0.7650693536064276
vn 2.4190321296406957e-16 1 2.0346412989873038e-16
vn 3.566139203954041e-16 1 -4.2377172171184933e-16
vn 0 1 0
vn -0.765291159034858 0 -0.6436842719090499
vn -0.765291159034858 0 -0.6436842719090499
vn -0.765291159034858 0 -0.6436842719090499
vn -0.5639829005033238 0 0.8257864663094557
vn -0.5639829005033238 0 0.8257864663094557
vn -0.5639829005033238 0 0.8257864663094557
vn 1.7484986139793262e-16 1 -2.078103882999902e-16
vn 2.4190321296406957e-16 1 2.0346412989873038e-16
vn 0 1 0
vn -0.6438160580418234 0 0.765180294706736
vn -0.6438160580418234 0 0.765180294706736
vn -0.6438160580418234 0 0.765180294706736
vn -0.6438160580418234 0 0.765180294706736
vn -0.6438160580418234 0 0.765180294706736
vn -0.6438160580418234 0 0.765180294706736
vn -0.9939381392346821 1.4905885774228557e-14 -0.10994078121742602
vn -0.9939381392346821 1.4905885774228557e-14 -0.10994078121742602
vn -0.9939381392346821 1.4905885774228557e-14 -0.10994078121742602
vn -0.5639829005033238 2.1471139469338026e-15 0.8257864663094557
vn -0.5639829005033238 0 0.8257864663094557
vn -0.5639829005033238 0 0.8257864663094557
vn -0.3698244421728182 -5.255521417848544e-15 -0.9291016531960126
vn -0.3698244421728182 -5.255521417848544e-15 -0.9291016531960126
vn -0.3698244421728182 -5.255521417848544e-15 -0.9291016531960126
vn -0.9939381392346821 1.4905885774228557e-14 -0.10994078121742602
vn -0.9939381392346821 1.4905885774228557e-14 -0.10994078121742602
vn -0.9939381392346821 -1.4144703011039585e-14 -0.10994078121742602
vn 0.6463610523980658 -4.592671504596992e-15 -0.7630317096575115
vn 0.6463610523980658 -4.592671504596992e-15 -0.7630317096575115
vn 0.6463610523980658 -4.592671504596992e-15 -0.7630317096575115
vn -0.3698244421728182 -5.255521417848544e-15 -0.9291016531960126
vn -0.3698244421728182 -5.255521417848544e-15 -0.9291016531960126
vn -0.3698244421728182 2.2999612851197394e-15 -0.9291016531960126
vn 0.9469426597328845 -1.7288216999562094e-14 -0.3214025500490165
vn 0.9469426597328845 -1.7288216999562094e-14 -0.3214025500490165
vn 0.9469426597328845 -1.7288216999562094e-14 -0.3214025500490165
vn 0.6463610523980658 -4.592671504596992e-15 -0.7630317096575115
vn 0.6463610523980658 -4.592671504596992e-15 -0.7630317096575115
vn 0.6463610523980658 4.9689489157125105e-14 -0.7630317096575115
vn 0 1 0
vn 0 1 0
vn 2.4190321296406957e-16 1 2.0346412989873038e-16
vn 0.9963108786542142 0 -0.0858174403910285
vn 0.9963108786542142 0 -0.0858174403910285
vn 0.9963108786542142 0 -0.0858174403910285
vn 1.4898973376002201e-16 1 -2.8713085482006816e-16
vn 2.4190321296406957e-16 1 2.0346412989873038e-16
vn 1.7484986139793262e-16 1 -2.078103882999902e-16
vn 0 1 0
vn 2.4190321296406957e-16 1 2.0346412989873038e-16
vn 1.4898973376002201e-16 1 -2.8713085482006816e-16
vn 0.9469426597328845 -1.7288216999562094e-14 -0.3214025500490165
vn 0.9469426597328845 -1.7288216999562094e-14 -0.3214025500490165
vn 0.9469426597328845 0 -0.3214025500490165
vn 2.6806694897401164e-16 1 3.5226459149971046e-16
vn 2.6806694897401164e-16 1 3.5226459149971046e-16
vn 0 1 0
vn -0.032840915960957895 0.9238795305543716 -0.38127167120241123
vn -0.032840915960957895 0.9238795305543716 -0.38127167120241123
vn -0.032840915960957895 0.9238795305543716 -0.38127167120241123
vn 0 1 0
vn 2.6806694897401164e-16 1 3.5226459149971046e-16
vn 0 1 0
vn -0.032840915960957895 0.9238795305543716 -0.38127167120241123
vn -0.032840915960957895 0.9238795305543716 -0.38127167120241123
vn -0.032840915960957895 0.9238795305543716 -0.38127167120241123
vn 0.9963108786542142 0 -0.0858174403910285
vn 0.9963108786542142 0 -0.0858174403910285
vn 0.9963108786542142 -2.2523679431566663e-15 -0.0858174403910285
vn 0.9963108786542142 0 -0.0858174403910285
vn 0.9963108786542142 0 -0.0858174403910285
vn 0.9963108786542142 0 -0.0858174403910285
vn 1.4898973376002201e-16 1 -2.8713085482006816e-16
vn 1.7484986139793262e-16 1 -2.078103882999902e-16
vn 2.6806694897401164e-16 1 3.5226459149971046e-16
vn -0.9963108786542142 0 0.0858174403910285
vn -0.9963108786542142 0 0.0858174403910285
vn -0.9963108786542142 0 0.0858174403910285
vn 0 1 0
vn 1.4898973376002201e-16 1 -2.8713085482006816e-16
vn 2.6806694897401164e-16 1 3.5226459149971046e-16
vn 2.6806694897401164e-16 1 3.5226459149971046e-16
vn 0 1 0
vn 2.6806694897401164e-16 1 3.5226459149971046e-16
vn -0.9963108786542142 9.205756409379532e-15 0.0858174403910285
vn -0.9963108786542142 1.3738308857371719e-15 0.0858174403910285
vn -0.9963108786542142 0 0.0858174403910285
vn -0.9963108786542142 0 0.0858174403910285
vn -0.9963108786542142 9.205756409379532e-15 0.0858174403910285
vn -0.9963108786542142 0 0.0858174403910285
vn -0.9963108786542142 0 0.0858174403910285
vn -0.9963108786542142 0 0.0858174403910285
vn -0.9963108786542142 0 0.0858174403910285
vn 0.765180294706736 0 0.6438160580418234
vn 0.765180294706736 0 0.6438160580418234
vn 0.765180294706736 0 0.6438160580418234
vn -0.6438160580418234 0 0.765180294706736
vn -0.6438160580418234 0 0.765180294706736
vn -0.6438160580418234 0 0.765180294706736
vn -0.6438160580418234 0 0.765180294706736
vn -0.6438160580418234 0 0.765180294706736
vn -0.6438160580418234 0 0.765180294706736
vn 0.6438160580418234 0 -0.765180294706736
vn 0.6438160580418234 0 -0.765180294706736
vn 0.6438160580418234 0 -0.765180294706736
vn 0.765180294706736 0 0.6438160580418234
vn 0.765180294706736 0 0.6438160580418234
vn 0.765180294706736 0 0.6438160580418234
vn -0.765180294706736 0 -0.6438160580418234
vn -0.765180294706736 0 -0.6438160580418234
vn -0.765180294706736 0 -0.6438160580418234
vn 0.6438160580418234 0 -0.765180294706736
vn 0.6438160580418234 0 -0.765180294706736
vn 0.6438160580418234 0 -0.765180294706736
vn -0.765180294706736 0 -0.6438160580418234
vn -0.765180294706736 0 -0.6438160580418234
vn -0.765180294706736 0 -0.6438160580418234
vn 0.9963108786542142 -2.2523679431566663e-15 -0.0858174403910285
vn 0.9963108786542142 0 -0.0858174403910285
vn 0.9963108786542142 -2.2523679431566663e-15 -0.0858174403910285
vn -0.9963108786542142 9.205756409379532e-15 0.0858174403910285
vn -0.9963108786542142 1.3738308857371719e-15 0.0858174403910285
vn -0.9963108786542142 1.3738308857371719e-15 0.0858174403910285
vn 0 -1 0
vn 0 -1 0
vn 0 -1 0
vn -2.667812323694184e-16 -1 3.1707151074181715e-16
vn -2.667812323694184e-16 -1 3.1707151074181715e-16
vn 0 -1 0
vn -2.667812323694184e-16 -1 3.1707151074181715e-16
vn 0 -1 0
vn 0 -1 0
vn 0 -1 0
vn 0 -1 0
vn 0 -1 0
vn 0 -1 0
vn 0 -1 0
vn 0 -1 0
vn 0 -1 0
vn 0 -1 0
vn 0 -1 0
vn 0 -1 0
vn 0 -1 0
vn -2.667812323694184e-16 -1 3.1707151074181715e-16
vn 0 -1 0
vn 0 -1 0
vn 0 -1 0
vn 0 -1 0
vn 0 -1 0
vn -2.667812323694184e-16 -1 3.1707151074181715e-16
vn -2.667812323694184e-16 -1 3.1707151074181715e-16
vn 0 -1 0
vn -2.667812323694184e-16 -1 3.1707151074181715e-16
vn 0 -1 0
vn 0 -1 0
vn 0 -1 0
vn 0 -1 0
vn 0 -1 0
vn 0 -1 0
vn 0 -1 0
vn 0 -1 0
vn 0 -1 0
vn -2.707043978135247e-16 -1 9.662084315250613e-17
vn 0 -1 0
vn -2.667812323694184e-16 -1 3.1707151074181715e-16
vn -2.707043978135247e-16 -1 9.662084315250613e-17
vn 0 -1 0
vn 0 -1 0
vn -2.667812323694184e-16 -1 3.1707151074181715e-16
vn 0 -1 0
vn 0 -1 0
vn 0 -1 0
vn 0 -1 0
vn 0 -1 0
vn 0 -1 0
vn 0 -1 0
vn -2.667812323694184e-16 -1 3.1707151074181715e-16
vn 0 -1 0
vn 0 -1 0
vn 0 -1 0
vn -5.243862391838758e-16 -1 4.516812124784172e-17
vn 0 -1 0
vn 0 -1 0
vn -5.243862391838758e-16 -1 4.516812124784172e-17
vn -2.667812323694184e-16 -1 3.1707151074181715e-16
vn 0 -1 0
vn 0 -1 0
vn 0 -1 0
vn 0 -1 0
vn 0 -1 0
vn 0 -1 0
vn 0 -1 0
vn 0 -1 0
vn 0 -1 0
vn 0 -1 0
vn 0 -1 0
vn 0 -1 0
vn 0 -1 0
vn -5.243862391838758e-16 -1 4.516812124784172e-17
vn 0 -1 0
vn -2.1930322249591217e-16 -1 2.6064352575449535e-16
vn 0 -1 0
vn -2.1930322249591217e-16 -1 2.6064352575449535e-16
vn 0 -1 0
vn -5.243862391838758e-16 -1 4.516812124784172e-17
vn -2.1930322249591217e-16 -1 2.6064352575449535e-16
vn 0 -1 0
vn 0 -1 0
vn 0 -1 0
vn 0 -1 0
vn 0 -1 0
vn 0 -1 0
vn 0 -1 0
vn 0.03284657691607867 -0.923852189822346 0.38133742767443174
vn 0.03284657691607867 -0.923852189822346 0.38133742767443174
vn 0.03284657691607867 -0.923852189822346 0.38133742767443174
vn 0 -1 0
vn 0 -1 0
vn 0 -1 0
vn -5.243862391838758e-16 -1 4.516812124784172e-17
vn -2.707043978135247e-16 -1 9.662084315250613e-17
vn -2.667812323694184e-16 -1 3.1707151074181715e-16
vn 0.0858174403910285 0 0.9963108786542142
vn 0.0858174403910285 0 0.9963108786542142
vn 0.0858174403910285 0 0.9963108786542142
vn 0.07928263208883927 -0.38274942925131106 0.9204439899618343
vn 0.07928263208883927 -0.38274942925131106 0.9204439899618343
vn 0.07928263208883927 -0.38274942925131106 0.9204439899618343
vn 0.0858174403910285 0 0.9963108786542142
vn 0.0858174403910285 0 0.9963108786542142
vn 0.0858174403910285 0 0.9963108786542142
vn 0.07928263208883927 -0.38274942925131106 0.9204439899618343
vn 0.07928263208883927 -0.38274942925131106 0.9204439899618343
vn 0.07928263208883927 -0.38274942925131106 0.9204439899618343
vn 0.07928263208883927 -0.38274942925131106 0.9204439899618343
vn 0.07928263208883927 -0.38274942925131106 0.9204439899618343
vn 0.07928263208883927 -0.38274942925131106 0.9204439899618343
vn 0.03284657691607867 -0.923852189822346 0.38133742767443174
vn 0.03284657691607867 -0.923852189822346 0.38133742767443174
vn 0.03284657691607867 -0.923852189822346 0.38133742767443174
vn 0 -1 0
vn 0 -1 0
vn 0 -1 0
vn 0 -1 0
vn 0 -1 0
vn 0 -1 0
vn 0.07928263208883927 -0.38274942925131106 0.9204439899618343
vn 0.07928263208883927 -0.38274942925131106 0.9204439899618343
vn 0.07928263208883927 -0.38274942925131106 0.9204439899618343
vn 0.03284657691607867 -0.923852189822346 0.38133742767443174
vn 0.03284657691607867 -0.923852189822346 0.38133742767443174
vn 0.03284657691607867 -0.923852189822346 0.38133742767443174
vn -2.6806694897401164e-16 -1 -3.5226459149971046e-16
vn -2.6806694897401164e-16 -1 -3.5226459149971046e-16
vn -2.6806694897401164e-16 -1 -3.5226459149971046e-16
vn -4.719476470292237e-16 -1 4.0651308130440814e-17
vn -4.719476470292237e-16 -1 4.0651308130440814e-17
vn -2.6806694897401164e-16 -1 -3.5226459149971046e-16
vn 6.186276669964755e-14 -1 -7.664593108412318e-14
vn -4.719476470292237e-16 -1 4.0651308130440814e-17
vn -2.6806694897401164e-16 -1 -3.5226459149971046e-16
vn -2.6806694897401164e-16 -1 -3.5226459149971046e-16
vn 6.186276669964755e-14 -1 -7.664593108412318e-14
vn -2.6806694897401164e-16 -1 -3.5226459149971046e-16
vn 0.03284657691607867 -0.923852189822346 0.38133742767443174
vn 0.03284657691607867 -0.923852189822346 0.38133742767443174
vn 0.03284657691607867 -0.923852189822346 0.38133742767443174
vn -2.6806694897401164e-16 -1 -3.5226459149971046e-16
vn -2.6806694897401164e-16 -1 -3.5226459149971046e-16
vn 0 -1 0
vn 0 -1 0
vn 0 -1 0
vn 0 -1 0
vn 1.1448266498610997e-15 -1 -4.065503613419992e-15
vn 1.1448266498610997e-15 -1 -4.065503613419992e-15
vn 1.1448266498610997e-15 -1 -4.065503613419992e-15
vn 0 -1 0
vn 0 -1 0
vn 0 -1 0
vn 0 -1 0
vn 0 -1 0
vn 1.1448266498610997e-15 -1 -4.065503613419992e-15
vn 1.1448266498610997e-15 -1 -4.065503613419992e-15
vn 0 -1 0
vn 1.1448266498610997e-15 -1 -4.065503613419992e-15
vn 0 -1 0
vn 0 -1 0
vn 0 -1 0
vn 1.1448266498610997e-15 -1 -4.065503613419992e-15
vn 1.1448266498610997e-15 -1 -4.065503613419992e-15
vn 0 -1 0
vn 0 -1 0
vn 0 -1 0
vn 0 -1 0
vn 0 -1 0
vn 0 -1 0
vn 0 -1 0
vn 0 -1 0
vn 0 -1 0
vn 0 -1 0
vn 0 -1 0
vn 0 -1 0
vn 0 -1 0
vn 1.1448266498610997e-15 -1 -4.065503613419992e-15
vn 0 -1 0
vn 0 -1 0
vn 0 -1 0
vn 0 -1 0
vn 0 -1 0
vn -4.719476470292237e-16 -1 4.0651308130440814e-17
vn 4.281789241336641e-15 -1 -8.089606797477035e-15
vn 4.281789241336641e-15 -1 -8.089606797477035e-15
vn 0 -1 0
vn 4.281789241336641e-15 -1 -8.089606797477035e-15
vn 0 -1 0
vn 0 -1 0
vn 0 -1 0
vn 4.281789241336641e-15 -1 -8.089606797477035e-15
vn -4.719476470292237e-16 -1 4.0651308130440814e-17
vn 4.281789241336641e-15 -1 -8.089606797477035e-15
vn 0 -1 0
vn 0 -1 0
vn 4.281789241336641e-15 -1 -8.089606797477035e-15
vn 0 -1 0
vn -4.719476470292237e-16 -1 4.0651308130440814e-17
vn 0 -1 0
vn 4.281789241336641e-15 -1 -8.089606797477035e-15
vn -4.719476470292237e-16 -1 4.0651308130440814e-17
vn 0 -1 0
vn 0 -1 0
vn -3.566139203954041e-16 -1 4.2377172171184933e-16
vn -3.566139203954041e-16 -1 4.2377172171184933e-16
vn -3.566139203954041e-16 -1 4.2377172171184933e-16
vn 0 -1 0
vn -3.566139203954041e-16 -1 4.2377172171184933e-16
vn 0 -1 0
vn -3.566139203954041e-16 -1 4.2377172171184933e-16
vn -3.566139203954041e-16 -1 4.2377172171184933e-16
vn 0 -1 0
vn -4.719476470292237e-16 -1 4.0651308130440814e-17
vn 0 -1 0
vn -3.566139203954041e-16 -1 4.2377172171184933e-16
vn 0 -1 0
vn 0 -1 0
vn 0 -1 0
vn -3.566139203954041e-16 -1 4.2377172171184933e-16
vn -4.719476470292237e-16 -1 4.0651308130440814e-17
vn -3.566139203954041e-16 -1 4.2377172171184933e-16
vn 0 -1 0
vn 0 -1 0
vn 0 -1 0
vn 0 -1 0
vn -1.2998914892072867e-15 -1 1.544688034370279e-15
vn -1.2998914892072867e-15 -1 1.544688034370279e-15
vn 1.1448266498610997e-15 -1 -4.065503613419992e-15
vn -1.2998914892072867e-15 -1 1.544688034370279e-15
vn 0 -1 0
vn 0 -1 0
vn -1.2998914892072867e-15 -1 1.544688034370279e-15
vn 0 -1 0
vn 1.1448266498610997e-15 -1 -4.065503613419992e-15
vn 0 -1 0
vn -1.2998914892072867e-15 -1 1.544688034370279e-15
vn 0 -1 0
vn -1.2998914892072867e-15 -1 1.544688034370279e-15
vn 0 -1 0
vn 0 -1 0
vn 1.1448266498610997e-15 -1 -4.065503613419992e-15
vn -1.2998914892072867e-15 -1 1.544688034370279e-15
vn 1.1448266498610997e-15 -1 -4.065503613419992e-15
vn 0 -1 0
vn 1.1448266498610997e-15 -1 -4.065503613419992e-15
vn -3.415549186728639e-16 -1 4.0587680074234255e-16
vn -3.415549186728639e-16 -1 4.0587680074234255e-16
vn -3.415549186728639e-16 -1 4.0587680074234255e-16
vn 0 -1 0
vn -3.415549186728639e-16 -1 4.0587680074234255e-16
vn 0 -1 0
vn 0 -1 0
vn -3.415549186728639e-16 -1 4.0587680074234255e-16
vn -3.415549186728639e-16 -1 4.0587680074234255e-16
vn 0 -1 0
vn 0 -1 0
vn -3.415549186728639e-16 -1 4.0587680074234255e-16
vn 0 -1 0
vn 0 -1 0
vn 0 -1 0
vn 0 -1 0
vn -3.415549186728639e-16 -1 4.0587680074234255e-16
vn -3.415549186728639e-16 -1 4.0587680074234255e-16
vn 1.1448266498610997e-15 -1 -4.065503613419992e-15
vn 0 -1 0
vn 0 -1 0
vn 0 -1 0
vn 0 -1 0
vn -3.415549186728639e-16 -1 4.0587680074234255e-16
vn -4.200115571705303e-16 -1 1.3991901674655332e-16
vn -3.566139203954041e-16 -1 4.2377172171184933e-16
vn 0 -1 0
vn 0 -1 0
vn -4.200115571705303e-16 -1 1.3991901674655332e-16
vn 0 -1 0
vn -4.719476470292237e-16 -1 4.0651308130440814e-17
vn -4.895124104377585e-16 -1 5.815858447163666e-16
vn 0 -1 0
vn -4.719476470292237e-16 -1 4.0651308130440814e-17
vn 0 -1 0
vn -4.895124104377585e-16 -1 5.815858447163666e-16
vn -4.719476470292237e-16 -1 4.0651308130440814e-17
vn 0 -1 0
vn 0 -1 0
vn -4.719476470292237e-16 -1 4.0651308130440814e-17
vn 0 -1 0
vn 0 -1 0
vn -4.719476470292237e-16 -1 4.0651308130440814e-17
vn 0 -1 0
vn -4.719476470292237e-16 -1 4.0651308130440814e-17
vn 0 -1 0
vn 0 -1 0
vn -4.719476470292237e-16 -1 4.0651308130440814e-17
vn 0 -1 0
vn -2.6806694897401164e-16 -1 -3.5226459149971046e-16
vn 0 -1 0
vn 0 1 0
vn 0 1 0
vn 0 1 0
vn 0.6618312495749495 0 0.7496528510491113
vn 0.6618312495749495 0 0.7496528510491113
vn 0.6618312495749495 0 0.7496528510491113
vn -2.2876905721821784e-17 1 -1.4495498496000476e-16
vn 0 1 0
vn 0 1 0
vn 0.9980699776683176 -2.7426517481005537e-15 0.062099272758735655
vn 0.9980699776683176 -2.7426517481005537e-15 0.062099272758735655
vn 0.9980699776683176 -2.7426517481005537e-15 0.062099272758735655
vn 0.6618312495749495 0 0.7496528510491113
vn 0.6618312495749495 0 0.7496528510491113
vn 0.6618312495749495 0 0.7496528510491113
vn 0.9980699776683176 0 0.062099272758735655
vn 0.9980699776683176 -2.7426517481005537e-15 0.062099272758735655
vn 0.9980699776683176 0 0.062099272758735655
vn 0.9980699776683176 -2.7426517481005537e-15 0.062099272758735655
vn 0.9980699776683176 -2.7426517481005537e-15 0.062099272758735655
vn 0.9980699776683176 0 0.062099272758735655
vn -0.062099272758735655 2.242576764099106e-14 0.9980699776683176
vn -0.062099272758735655 2.242576764099106e-14 0.9980699776683176
vn -0.062099272758735655 2.242576764099106e-14 0.9980699776683176
vn -0.062099272758735655 0 0.9980699776683176
vn -0.062099272758735655 0 0.9980699776683176
vn -0.062099272758735655 2.242576764099106e-14 0.9980699776683176
vn -0.062099272758735655 1.2548479145769926e-16 0.9980699776683176
vn -0.062099272758735655 2.242576764099106e-14 0.9980699776683176
vn -0.062099272758735655 2.242576764099106e-14 0.9980699776683176
vn -0.062099272758735655 6.284381865742833e-16 0.9980699776683176
vn -0.062099272758735655 0 0.9980699776683176
vn -0.062099272758735655 2.242576764099106e-14 0.9980699776683176
vn -0.062099272758735655 1.2548479145769926e-16 0.9980699776683176
vn -0.062099272758735655 6.284381865742833e-16 0.9980699776683176
vn -0.062099272758735655 2.242576764099106e-14 0.9980699776683176
vn -2.2876905721821784e-17 1 -1.4495498496000476e-16
vn 7.879318851041216e-18 1 -1.266377386569529e-16
vn 0 1 0
vn 0.9980699776683176 0 0.062099272758735655
vn 0.9980699776683176 0 0.062099272758735655
vn 0.9980699776683176 0 0.062099272758735655
vn -0.062099272758735655 -1.8906429262288964e-15 0.9980699776683176
vn -0.062099272758735655 2.242576764099106e-14 0.9980699776683176
vn -0.062099272758735655 2.242576764099106e-14 0.9980699776683176
vn -0.062099272758735655 0 0.9980699776683176
vn -0.062099272758735655 -1.8906429262288964e-15 0.9980699776683176
vn -0.062099272758735655 2.242576764099106e-14 0.9980699776683176
vn 0.9980699776683176 0 0.062099272758735655
vn 0.9980699776683176 0 0.062099272758735655
vn 0.9980699776683176 0 0.062099272758735655
vn -0.062099272758735655 2.0262037699226015e-15 0.9980699776683176
vn -0.062099272758735655 2.0262037699226015e-15 0.9980699776683176
vn -0.062099272758735655 2.0262037699226015e-15 0.9980699776683176
vn -0.062099272758735655 0 0.9980699776683176
vn -0.062099272758735655 2.0262037699226015e-15 0.9980699776683176
vn -0.062099272758735655 2.0262037699226015e-15 0.9980699776683176
vn 0.9980699776683176 -2.7426517481005537e-15 0.062099272758735655
vn 0.9980699776683176 1.3013603454799237e-16 0.062099272758735655
vn 0.9980699776683176 -2.7426517481005537e-15 0.062099272758735655
vn 0.45512418893885737 -0.5000000153816848 0.7367916647608483
vn 0.45512418893885737 -0.5000000153816848 0.7367916647608483
vn 0.45512418893885737 -0.5000000153816848 0.7367916647608483
vn 0.7057420613594392 -0.7071067691913857 0.04391081634233222
vn 0.7057420613594392 -0.7071067691913857 0.04391081634233222
vn 0.7057420613594392 -0.7071067691913857 0.04391081634233222
vn 0.45512418893885737 -0.5000000153816848 0.7367916647608483
vn 0.45512418893885737 -0.5000000153816848 0.7367916647608483
vn 0.45512418893885737 -0.5000000153816848 0.7367916647608483
vn 0.7057420613594392 -0.7071067691913857 0.04391081634233222
vn 0.7057420613594392 -0.7071067691913857 0.04391081634233222
vn 0.7057420613594392 -0.7071067691913857 0.04391081634233222
vn -0.062099272758735655 2.6125383849182463e-15 0.9980699776683176
vn -0.062099272758735655 2.6125383849182463e-15 0.9980699776683176
vn -0.062099272758735655 0 0.9980699776683176
vn -0.062099272758735655 0 0.9980699776683176
vn -0.062099272758735655 2.6125383849182463e-15 0.9980699776683176
vn -0.062099272758735655 0 0.9980699776683176
vn 0.9980699776683176 0 0.062099272758735655
vn 0.9980699776683176 0 0.062099272758735655
vn 0.9980699776683176 0 0.062099272758735655
vn 0.7496528510491113 0 -0.6618312495749495
vn 0.7496528510491113 0 -0.6618312495749495
vn 0.7496528510491113 0 -0.6618312495749495
vn 0.9980699776683176 0 0.062099272758735655
vn 0.9980699776683176 0 0.062099272758735655
vn 0.9980699776683176 0 0.062099272758735655
vn 0.9980699776683176 0 0.062099272758735655
vn 0.9980699776683176 -2.7426517481005537e-15 0.062099272758735655
vn 0.9980699776683176 0 0.062099272758735655
vn 0.7496528510491113 0 -0.6618312495749495
vn 0.7496528510491113 0 -0.6618312495749495
vn 0.7496528510491113 0 -0.6618312495749495
vn 0.5429458107812604 -0.5000000078916707 -0.6746924029981435
vn 0.5429458107812604 -0.5000000078916707 -0.6746924029981435
vn 0.5429458107812604 -0.5000000078916707 -0.6746924029981435
vn 0.9980699776683176 0 0.062099272758735655
vn 0.9980699776683176 0 0.062099272758735655
vn 0.9980699776683176 1.3013603454799237e-16 0.062099272758735655
vn -8.89600571474953e-18 -1 1.4297810270534183e-16
vn -8.89600571474953e-18 -1 1.4297810270534183e-16
vn -8.89600571474953e-18 -1 1.4297810270534183e-16
vn 0.9980699776683176 2.307347868538941e-16 0.062099272758735655
vn 0.9980699776683176 0 0.062099272758735655
vn 0.9980699776683176 1.3013603454799237e-16 0.062099272758735655
vn 0.9980699776683176 -2.7426517481005537e-15 0.062099272758735655
vn 0.9980699776683176 2.307347868538941e-16 0.062099272758735655
vn 0.9980699776683176 1.3013603454799237e-16 0.062099272758735655
vn 0.6618312495749495 0 0.7496528510491113
vn 0.6618312495749495 0 0.7496528510491113
vn 0.6618312495749495 0 0.7496528510491113
vn -8.89600571474953e-18 -1 1.4297810270534183e-16
vn -8.89600571474953e-18 -1 1.4297810270534183e-16
vn 8.482744460920689e-17 -1 9.608361912315499e-17
vn 0.9980699776683176 -4.796975105373555e-16 0.062099272758735655
vn 0.9980699776683176 0 0.062099272758735655
vn 0.9980699776683176 0 0.062099272758735655
vn 0.7057420613594392 0.7071067691913857 0.04391081634233222
vn 0.7057420613594392 0.7071067691913857 0.04391081634233222
vn 0.7057420613594392 0.7071067691913857 0.04391081634233222
vn 0.9980699776683176 -4.530873093929879e-17 0.062099272758735655
vn 0.9980699776683176 -4.796975105373555e-16 0.062099272758735655
vn 0.9980699776683176 0 0.062099272758735655
vn 0.9980699776683176 2.307347868538941e-16 0.062099272758735655
vn 0.9980699776683176 -4.530873093929879e-17 0.062099272758735655
vn 0.9980699776683176 0 0.062099272758735655
vn 0.45512418893885737 0.5000000153816848 0.7367916647608483
vn 0.45512418893885737 0.5000000153816848 0.7367916647608483
vn 0.45512418893885737 0.5000000153816848 0.7367916647608483
vn 0.6618312495749495 0 0.7496528510491113
vn 0.6618312495749495 0 0.7496528510491113
vn 0.6618312495749495 2.6918270259439465e-13 0.7496528510491113
vn 0.9980699776683176 0 0.062099272758735655
vn 0.9980699776683176 0 0.062099272758735655
vn 0.9980699776683176 -4.796975105373555e-16 0.062099272758735655
vn 0.5429458107812604 0.5000000078916707 -0.6746924029981435
vn 0.5429458107812604 0.5000000078916707 -0.6746924029981435
vn 0.5429458107812604 0.5000000078916707 -0.6746924029981435
vn 0.5429458107812604 0.5000000078916707 -0.6746924029981435
vn 0.5429458107812604 0.5000000078916707 -0.6746924029981435
vn 0.5429458107812604 0.5000000078916707 -0.6746924029981435
vn 0.7057420613594392 0.7071067691913857 0.04391081634233222
vn 0.7057420613594392 0.7071067691913857 0.04391081634233222
vn 0.7057420613594392 0.7071067691913857 0.04391081634233222
vn 0.6127482086273882 -0.5781047968233665 -0.5388269450516937
vn 0.6127482086273882 -0.5781047968233665 -0.5388269450516937
vn 0.6127482086273882 -0.5781047968233665 -0.5388269450516937
vn 0.5345688993239134 -0.5789771009547277 0.6156473084856935
vn 0.5345688993239134 -0.5789771009547277 0.6156473084856935
vn 0.5345688993239134 -0.5789771009547277 0.6156473084856935
vn 0.5403829415865601 -0.577350276001259 0.6120889929115916
vn 0.5403829415865601 -0.577350276001259 0.6120889929115916
vn 0.5403829415865601 -0.577350276001259 0.6120889929115916
vn 0.9980699776683176 0 0.062099272758735655
vn 0.9980699776683176 0 0.062099272758735655
vn 0.9980699776683176 -4.530873093929879e-17 0.062099272758735655
vn 0.6067609187671806 0.5789771076897731 -0.5446344611094599
vn 0.6067609187671806 0.5789771076897731 -0.5446344611094599
vn 0.6067609187671806 0.5789771076897731 -0.5446344611094599
vn 0.9980699776683176 2.307347868538941e-16 0.062099272758735655
vn 0.9980699776683176 0 0.062099272758735655
vn 0.9980699776683176 -4.530873093929879e-17 0.062099272758735655
vn 0.6180999271017111 -0.5742162458612433 -0.5368688695630243
vn 0.6180999271017111 -0.5742162458612433 -0.5368688695630243
vn 0.6180999271017111 -0.5742162458612433 -0.5368688695630243
vn 0.9980699776683176 0 0.062099272758735655
vn 0.9980699776683176 0 0.062099272758735655
vn 0.9980699776683176 0 0.062099272758735655
vn 0.5412299042193298 0.5781047945823047 0.6106267577331397
vn 0.5412299042193298 0.5781047945823047 0.6106267577331397
vn 0.5412299042193298 0.5781047945823047 0.6106267577331397
vn 0.9980699776683176 0 0.062099272758735655
vn 0.9980699776683176 0 0.062099272758735655
vn 0.9980699776683176 0 0.062099272758735655
vn 0.6120889929115916 0.577350276001259 -0.5403829415865601
vn 0.6120889929115916 0.577350276001259 -0.5403829415865601
vn 0.6120889929115916 0.577350276001259 -0.5403829415865601
vn 0.5467830863508909 0.5742162431531456 0.6093471609679343
vn 0.5467830863508909 0.5742162431531456 0.6093471609679343
vn 0.5467830863508909 0.5742162431531456 0.6093471609679343
vn 0.6127482086273882 -0.5781047968233665 -0.5388269450516937
vn 0.6127482086273882 -0.5781047968233665 -0.5388269450516937
vn 0.6127482086273882 -0.5781047968233665 -0.5388269450516937
vn 0.5345688993239134 -0.5789771009547277 0.6156473084856935
vn 0.5345688993239134 -0.5789771009547277 0.6156473084856935
vn 0.5345688993239134 -0.5789771009547277 0.6156473084856935
vn 0.5403829415865601 -0.577350276001259 0.6120889929115916
vn 0.5403829415865601 -0.577350276001259 0.6120889929115916
vn 0.5403829415865601 -0.577350276001259 0.6120889929115916
vn 0.6067609187671806 0.5789771076897731 -0.5446344611094599
vn 0.6067609187671806 0.5789771076897731 -0.5446344611094599
vn 0.6067609187671806 0.5789771076897731 -0.5446344611094599
vn 0.6180999271017111 -0.5742162458612433 -0.5368688695630243
vn 0.6180999271017111 -0.5742162458612433 -0.5368688695630243
vn 0.6180999271017111 -0.5742162458612433 -0.5368688695630243
vn 0.5412299042193298 0.5781047945823047 0.6106267577331397
vn 0.5412299042193298 0.5781047945823047 0.6106267577331397
vn 0.5412299042193298 0.5781047945823047 0.6106267577331397
vn 0.6120889929115916 0.577350276001259 -0.5403829415865601
vn 0.6120889929115916 0.577350276001259 -0.5403829415865601
vn 0.6120889929115916 0.577350276001259 -0.5403829415865601
vn 0.5467830863508909 0.5742162431531456 0.6093471609679343
vn 0.5467830863508909 0.5742162431531456 0.6093471609679343
vn 0.5467830863508909 0.5742162431531456 0.6093471609679343
vn 0.062099272758735655 0 -0.9980699776683176
vn 0.062099272758735655 0 -0.9980699776683176
vn 0.062099272758735655 0 -0.9980699776683176
vn 0.062099272758735655 3.3433996956096103e-13 -0.9980699776683176
vn 0.062099272758735655 3.3433996956096103e-13 -0.9980699776683176
vn 0.062099272758735655 0 -0.9980699776683176
vn 0.062099272758735655 3.3433996956096103e-13 -0.9980699776683176
vn 0.062099272758735655 0 -0.9980699776683176
vn 0.062099272758735655 0 -0.9980699776683176
vn 0.5429458107812604 -0.5000000078916707 -0.6746924029981435
vn 0.5429458107812604 -0.5000000078916707 -0.6746924029981435
vn 0.5429458107812604 -0.5000000078916707 -0.6746924029981435
vn 0.062099272758735655 -7.259653248483688e-15 -0.9980699776683176
vn 0.062099272758735655 0 -0.9980699776683176
vn 0.062099272758735655 -7.259653248483688e-15 -0.9980699776683176
vn 0.062099272758735655 -7.259653248483688e-15 -0.9980699776683176
vn 0.062099272758735655 0 -0.9980699776683176
vn 0.062099272758735655 0 -0.9980699776683176
vn 0.04391081632205804 0.7071067692495345 -0.7057420613024394
vn 0.04391081632205804 0.7071067692495345 -0.7057420613024394
vn 0.04391081632205804 0.7071067692495345 -0.7057420613024394
vn 7.957478805661194e-14 1 -3.600556471353676e-14
vn 7.957478805661194e-14 1 -3.600556471353676e-14
vn 7.957478805661194e-14 1 -3.600556471353676e-14
vn 0.04391081632205804 0.7071067692495345 -0.7057420613024394
vn 0.04391081632205804 0.7071067692495345 -0.7057420613024394
vn 0.04391081632205804 0.7071067692495345 -0.7057420613024394
vn 3.791689455901609e-14 1 -9.855299492071354e-14
vn 7.957478805661194e-14 1 -3.600556471353676e-14
vn 3.791689455901609e-14 1 -9.855299492071354e-14
vn 3.791689455901609e-14 1 -9.855299492071354e-14
vn 7.957478805661194e-14 1 -3.600556471353676e-14
vn 7.957478805661194e-14 1 -3.600556471353676e-14
vn 0.062099272758735655 1.2164786030650157e-13 -0.9980699776683176
vn 0.062099272758735655 1.2164786030650157e-13 -0.9980699776683176
vn 0.062099272758735655 3.3433996956096103e-13 -0.9980699776683176
vn 0.062099272758735655 4.805911683917614e-14 -0.9980699776683176
vn 0.062099272758735655 1.2164786030650157e-13 -0.9980699776683176
vn 0.062099272758735655 3.3433996956096103e-13 -0.9980699776683176
vn 0.062099272758735655 4.528731881511444e-12 -0.9980699776683176
vn 0.062099272758735655 4.805911683917614e-14 -0.9980699776683176
vn 0.062099272758735655 3.3433996956096103e-13 -0.9980699776683176
vn 0.062099272758735655 1.0705156529273854e-13 -0.9980699776683176
vn 0.062099272758735655 4.528731881511444e-12 -0.9980699776683176
vn 0.062099272758735655 3.3433996956096103e-13 -0.9980699776683176
vn 0.062099272758735655 7.724688216715032e-14 -0.9980699776683176
vn 0.062099272758735655 1.0705156529273854e-13 -0.9980699776683176
vn 0.062099272758735655 3.3433996956096103e-13 -0.9980699776683176
vn 0.062099272758735655 3.3433996956096103e-13 -0.9980699776683176
vn 0.062099272758735655 1.295272126699182e-12 -0.9980699776683176
vn 0.062099272758735655 3.3433996956096103e-13 -0.9980699776683176
vn 0.062099272758735655 7.724688216715032e-14 -0.9980699776683176
vn 0.062099272758735655 3.3433996956096103e-13 -0.9980699776683176
vn 0.062099272758735655 1.295272126699182e-12 -0.9980699776683176
vn 0.45512418893885737 0.5000000153816848 0.7367916647608483
vn 0.45512418893885737 0.5000000153816848 0.7367916647608483
vn 0.45512418893885737 0.5000000153816848 0.7367916647608483
vn -0.04391081632205804 0.7071067692495345 0.7057420613024394
vn -0.04391081632205804 0.7071067692495345 0.7057420613024394
vn -0.04391081632205804 0.7071067692495345 0.7057420613024394
vn 1.3618576700800552e-17 1 -2.1888005012941984e-16
vn 7.957478805661194e-14 1 -3.600556471353676e-14
vn 1.3618576700800552e-17 1 -2.1888005012941984e-16
vn -3.062075720394519e-17 1 -1.381202231690506e-16
vn 1.3618576700800552e-17 1 -2.1888005012941984e-16
vn 7.957478805661194e-14 1 -3.600556471353676e-14
vn 1.326073621714052e-16 1 -2.883812342688931e-16
vn 7.957478805661194e-14 1 -3.600556471353676e-14
vn 7.957478805661194e-14 1 -3.600556471353676e-14
vn 1.326073621714052e-16 1 -2.883812342688931e-16
vn -3.062075720394519e-17 1 -1.381202231690506e-16
vn 7.957478805661194e-14 1 -3.600556471353676e-14
vn -0.062099272758735655 3.0192447210127405e-12 0.9980699776683176
vn -0.062099272758735655 3.0192447210127405e-12 0.9980699776683176
vn -0.062099272758735655 3.0192447210127405e-12 0.9980699776683176
vn -0.062099272758735655 3.3946106829563096e-12 0.9980699776683176
vn -0.062099272758735655 3.0192447210127405e-12 0.9980699776683176
vn -0.062099272758735655 3.3946106829563096e-12 0.9980699776683176
vn -0.04391081632205804 0.7071067692495345 0.7057420613024394
vn -0.04391081632205804 0.7071067692495345 0.7057420613024394
vn -0.04391081632205804 0.7071067692495345 0.7057420613024394
vn -0.062099272758735655 3.3946106829563096e-12 0.9980699776683176
vn -0.062099272758735655 3.0192447210127405e-12 0.9980699776683176
vn -0.062099272758735655 3.0192447210127405e-12 0.9980699776683176
vn -0.062099272758735655 0 0.9980699776683176
vn -0.062099272758735655 1.9052275033891482e-13 0.9980699776683176
vn -0.062099272758735655 3.0192447210127405e-12 0.9980699776683176
vn -0.062099272758735655 -6.616515987073253e-13 0.9980699776683176
vn -0.062099272758735655 0 0.9980699776683176
vn -0.062099272758735655 3.0192447210127405e-12 0.9980699776683176
vn -0.062099272758735655 3.0192447210127405e-12 0.9980699776683176
vn -0.062099272758735655 -6.616515987073253e-13 0.9980699776683176
vn -0.062099272758735655 3.0192447210127405e-12 0.9980699776683176
vn -0.8715376226871717 -0.4873208982286302 -0.054226510033692804
vn -0.8715376226871717 -0.4873208982286302 -0.054226510033692804
vn -0.8715376226871717 -0.4873208982286302 -0.054226510033692804
vn -0.062099272758735655 0 0.9980699776683176
vn -0.062099272758735655 0 0.9980699776683176
vn -0.062099272758735655 2.242576764099106e-14 0.9980699776683176
vn -0.062099272758735655 1.2548479145769926e-16 0.9980699776683176
vn -0.062099272758735655 2.242576764099106e-14 0.9980699776683176
vn -0.062099272758735655 0 0.9980699776683176
vn 5.515523526601096e-17 1 -8.864642367731193e-16
vn 5.515523526601096e-17 1 -8.864642367731193e-16
vn 5.515523526601096e-17 1 -8.864642367731193e-16
vn -0.062099272758735655 0 0.9980699776683176
vn -0.062099272758735655 6.847736053914069e-16 0.9980699776683176
vn -0.062099272758735655 -1.8906429262288964e-15 0.9980699776683176
vn -0.9847115718574708 -0.16788415345309385 0.046454615156377284
vn -0.9847115718574708 -0.16788415345309385 0.046454615156377284
vn -0.9847115718574708 -0.16788415345309385 0.046454615156377284
vn -0.7807992823978038 -0.5526551098268815 0.2914186167514221
vn -0.7807992823978038 -0.5526551098268815 0.2914186167514221
vn -0.7807992823978038 -0.5526551098268815 0.2914186167514221
vn -0.8627922020518697 -0.497334186967339 0.09082027610628184
vn -0.8627922020518697 -0.497334186967339 0.09082027610628184
vn -0.8627922020518697 -0.497334186967339 0.09082027610628184
vn -0.9295233908058796 -0.3486450844527804 -0.1201368845594626
vn -0.9295233908058796 -0.3486450844527804 -0.1201368845594626
vn -0.9295233908058796 -0.3486450844527804 -0.1201368845594626
vn -0.062099272758735655 0 0.9980699776683176
vn -0.062099272758735655 -2.0594697175788715e-15 0.9980699776683176
vn -0.062099272758735655 6.847736053914069e-16 0.9980699776683176
vn -0.9837372295098799 0.16886297788696467 -0.06120749933931585
vn -0.9837372295098799 0.16886297788696467 -0.06120749933931585
vn -0.9837372295098799 0.16886297788696467 -0.06120749933931585
vn -0.9910072345316151 -0.11875489723793681 -0.06165983691194423
vn -0.9910072345316151 -0.11875489723793681 -0.06165983691194423
vn -0.9910072345316151 -0.11875489723793681 -0.06165983691194423
vn -0.062099272758735655 0 0.9980699776683176
vn -0.062099272758735655 2.8809798483665792e-15 0.9980699776683176
vn -0.062099272758735655 -2.0594697175788715e-15 0.9980699776683176
vn -0.8725416492304217 0.48359908722511735 0.06930363044811634
vn -0.8725416492304217 0.48359908722511735 0.06930363044811634
vn -0.8725416492304217 0.48359908722511735 0.06930363044811634
vn -0.9889254027670272 0.11737382475703528 0.0908291419313083
vn -0.9889254027670272 0.11737382475703528 0.0908291419313083
vn -0.9889254027670272 0.11737382475703528 0.0908291419313083
vn -0.9295233908058796 0.3486450844527804 -0.1201368845594626
vn -0.9295233908058796 0.3486450844527804 -0.1201368845594626
vn -0.9295233908058796 0.3486450844527804 -0.1201368845594626
vn -0.062099272758735655 3.6330326438703205e-15 0.9980699776683176
vn -0.062099272758735655 3.6330326438703205e-15 0.9980699776683176
vn -0.062099272758735655 2.8809798483665792e-15 0.9980699776683176
vn -1.1031047053202192e-16 -1 1.7729284735462387e-15
vn -1.1031047053202192e-16 -1 1.7729284735462387e-15
vn -1.1031047053202192e-16 -1 1.7729284735462387e-15
vn -0.062099272758735655 3.6330326438703205e-15 0.9980699776683176
vn -0.062099272758735655 2.8809798483665792e-15 0.9980699776683176
vn -0.062099272758735655 0 0.9980699776683176
vn -0.8649117358380006 0.5004594926579992 0.03831429782985607
vn -0.8649117358380006 0.5004594926579992 0.03831429782985607
vn -0.8649117358380006 0.5004594926579992 0.03831429782985607
vn -0.8076501834901643 0.5875167827401752 -0.05025147865424452
vn -0.8076501834901643 0.5875167827401752 -0.05025147865424452
vn -0.8076501834901643 0.5875167827401752 -0.05025147865424452
vn -1.1031047053202192e-16 -1 1.7729284735462387e-15
vn 8.362415357480437e-16 -1 9.419263659725548e-16
vn -1.1031047053202192e-16 -1 1.7729284735462387e-15
vn -0.062099272758735655 3.3946106829563096e-12 0.9980699776683176
vn -0.062099272758735655 3.3946106829563096e-12 0.9980699776683176
vn -0.062099272758735655 3.6330326438703205e-15 0.9980699776683176
vn -0.9980699776683176 0 -0.062099272758735655
vn -0.9980699776683176 0 -0.062099272758735655
vn -0.9980699776683176 0 -0.062099272758735655
vn -0.062099272758735655 -4.300356523933788e-15 0.9980699776683176
vn -0.062099272758735655 3.6330326438703205e-15 0.9980699776683176
vn -0.062099272758735655 3.6330326438703205e-15 0.9980699776683176
vn -0.062099272758735655 6.293310651583964e-15 0.9980699776683176
vn -0.062099272758735655 3.3946106829563096e-12 0.9980699776683176
vn -0.062099272758735655 3.6330326438703205e-15 0.9980699776683176
vn -0.062099272758735655 -4.300356523933788e-15 0.9980699776683176
vn -0.062099272758735655 6.293310651583964e-15 0.9980699776683176
vn -0.062099272758735655 3.6330326438703205e-15 0.9980699776683176
vn -0.9980699776683176 2.1549359400384133e-16 -0.062099272758735655
vn -0.9980699776683176 2.1549359400384133e-16 -0.062099272758735655
vn -0.9980699776683176 0 -0.062099272758735655
vn -0.9980699776683176 0 -0.062099272758735655
vn -0.9980699776683176 0 -0.062099272758735655
vn -0.9980699776683176 2.1549359400384133e-16 -0.062099272758735655
vn -0.9980699776683176 -2.647631170839699e-16 -0.062099272758735655
vn -0.9980699776683176 2.1549359400384133e-16 -0.062099272758735655
vn -0.9980699776683176 0 -0.062099272758735655
vn -0.9980699776683176 4.447322030714077e-16 -0.062099272758735655
vn -0.9980699776683176 -2.647631170839699e-16 -0.062099272758735655
vn -0.9980699776683176 0 -0.062099272758735655
vn -8.89600571474953e-18 -1 1.4297810270534183e-16
vn 8.482744460920689e-17 -1 9.608361912315499e-17
vn -7.879318851041216e-18 -1 1.266377386569529e-16
vn -0.062099272758735655 -6.616515987073253e-13 0.9980699776683176
vn -0.062099272758735655 3.6330326438703205e-15 0.9980699776683176
vn -0.062099272758735655 0 0.9980699776683176
vn -0.062099272758735655 2.6125383849182463e-15 0.9980699776683176
vn -0.062099272758735655 0 0.9980699776683176
vn -0.062099272758735655 2.6125383849182463e-15 0.9980699776683176
vn -0.04391081632205804 -0.7071067692495345 0.7057420613024394
vn -0.04391081632205804 -0.7071067692495345 0.7057420613024394
vn -0.04391081632205804 -0.7071067692495345 0.7057420613024394
vn -0.9980699776683176 0 -0.062099272758735655
vn -0.9980699776683176 0 -0.062099272758735655
vn -0.9980699776683176 0 -0.062099272758735655
vn -0.062099272758735655 -5.206251886551663e-15 0.9980699776683176
vn -0.062099272758735655 0 0.9980699776683176
vn -0.062099272758735655 2.6125383849182463e-15 0.9980699776683176
vn -0.062099272758735655 4.823431967088367e-15 0.9980699776683176
vn -0.062099272758735655 1.2548479145769926e-16 0.9980699776683176
vn -0.062099272758735655 0 0.9980699776683176
vn -0.062099272758735655 -5.206251886551663e-15 0.9980699776683176
vn -0.062099272758735655 4.823431967088367e-15 0.9980699776683176
vn -0.062099272758735655 0 0.9980699776683176
vn -0.9980699776683176 -5.482582614681536e-16 -0.062099272758735655
vn -0.9980699776683176 -5.482582614681536e-16 -0.062099272758735655
vn -0.9980699776683176 0 -0.062099272758735655
vn -0.04391081632205804 -0.7071067692495345 0.7057420613024394
vn -0.04391081632205804 -0.7071067692495345 0.7057420613024394
vn -0.04391081632205804 -0.7071067692495345 0.7057420613024394
vn -0.9980699776683176 6.22052842089418e-17 -0.062099272758735655
vn -0.9980699776683176 -5.482582614681536e-16 -0.062099272758735655
vn -0.9980699776683176 0 -0.062099272758735655
vn -0.9980699776683176 0 -0.062099272758735655
vn -0.9980699776683176 6.22052842089418e-17 -0.062099272758735655
vn -0.9980699776683176 0 -0.062099272758735655
vn 5.515523526601096e-17 1 -8.864642367731193e-16
vn -7.810862971733103e-16 1 -1.8283904968665558e-15
vn 5.515523526601096e-17 1 -8.864642367731193e-16
vn -0.9980699776683176 0 -0.062099272758735655
vn -0.9980699776683176 0 -0.062099272758735655
vn -0.9980699776683176 2.6512787063813446e-16 -0.062099272758735655
vn -0.7047207454100621 0.7081285814181312 -0.04384727092341635
vn -0.7047207454100621 0.7081285814181312 -0.04384727092341635
vn -0.7047207454100621 0.7081285814181312 -0.04384727092341635
vn 0.32343813898551316 0.8388575943054831 0.4378421025045505
vn 0.32343813898551316 0.8388575943054831 0.4378421025045505
vn 0.32343813898551316 0.8388575943054831 0.4378421025045505
vn 0.7047207454100621 0.7081285814181312 0.04384727092341635
vn 0.7047207454100621 0.7081285814181312 0.04384727092341635
vn 0.7047207454100621 0.7081285814181312 0.04384727092341635
vn -0.9235484655928737 -0.37885530102321996 -0.05938764675969038
vn -0.9235484655928737 -0.37885530102321996 -0.05938764675969038
vn -0.9235484655928737 -0.37885530102321996 -0.05938764675969038
vn -0.32343813898551316 0.8388575943054831 -0.4378421025045505
vn -0.32343813898551316 0.8388575943054831 -0.4378421025045505
vn -0.32343813898551316 0.8388575943054831 -0.4378421025045505
vn -0.9237871009366229 0.3788552814391466 -0.05555238850647971
vn -0.9237871009366229 0.3788552814391466 -0.05555238850647971
vn -0.9237871009366229 0.3788552814391466 -0.05555238850647971
vn -0.3752179758607596 -0.8388575948965004 0.39437216696340677
vn -0.3752179758607596 -0.8388575948965004 0.39437216696340677
vn -0.3752179758607596 -0.8388575948965004 0.39437216696340677
vn 0.7047207454100621 -0.7081285814181312 0.04384727092341635
vn 0.7047207454100621 -0.7081285814181312 0.04384727092341635
vn 0.7047207454100621 -0.7081285814181312 0.04384727092341635
vn -0.7047207454100621 -0.7081285814181312 -0.04384727092341635
vn -0.7047207454100621 -0.7081285814181312 -0.04384727092341635
vn -0.7047207454100621 -0.7081285814181312 -0.04384727092341635
vn 0.9237871009366229 0.3788552814391466 0.05555238850647971
vn 0.9237871009366229 0.3788552814391466 0.05555238850647971
vn 0.9237871009366229 0.3788552814391466 0.05555238850647971
vn 0.3752179758607596 -0.8388575948965004 -0.39437216696340677
vn 0.3752179758607596 -0.8388575948965004 -0.39437216696340677
vn 0.3752179758607596 -0.8388575948965004 -0.39437216696340677
vn 0.9235484655928737 -0.37885530102321996 0.05938764675969038
vn 0.9235484655928737 -0.37885530102321996 0.05938764675969038
vn 0.9235484655928737 -0.37885530102321996 0.05938764675969038
vn -0.7047207454100621 0.7081285814181312 -0.04384727092341635
vn -0.7047207454100621 0.7081285814181312 -0.04384727092341635
vn -0.7047207454100621 0.7081285814181312 -0.04384727092341635
vn 0.32343813898551316 0.8388575943054831 0.4378421025045505
vn 0.32343813898551316 0.8388575943054831 0.4378421025045505
vn 0.32343813898551316 0.8388575943054831 0.4378421025045505
vn 0.7047207454100621 0.7081285814181312 0.04384727092341635
vn 0.7047207454100621 0.7081285814181312 0.04384727092341635
vn 0.7047207454100621 0.7081285814181312 0.04384727092341635
vn -0.9235484655928737 -0.37885530102321996 -0.05938764675969038
vn -0.9235484655928737 -0.37885530102321996 -0.05938764675969038
vn -0.9235484655928737 -0.37885530102321996 -0.05938764675969038
vn -0.32343813898551316 0.8388575943054831 -0.4378421025045505
vn -0.32343813898551316 0.8388575943054831 -0.4378421025045505
vn -0.32343813898551316 0.8388575943054831 -0.4378421025045505
vn -0.9237871009366229 0.3788552814391466 -0.05555238850647971
vn -0.9237871009366229 0.3788552814391466 -0.05555238850647971
vn -0.9237871009366229 0.3788552814391466 -0.05555238850647971
vn -0.3752179758607596 -0.8388575948965004 0.39437216696340677
vn -0.3752179758607596 -0.8388575948965004 0.39437216696340677
vn -0.3752179758607596 -0.8388575948965004 0.39437216696340677
vn 0.7047207454100621 -0.7081285814181312 0.04384727092341635
vn 0.7047207454100621 -0.7081285814181312 0.04384727092341635
vn 0.7047207454100621 -0.7081285814181312 0.04384727092341635
vn -0.7047207454100621 -0.7081285814181312 -0.04384727092341635
vn -0.7047207454100621 -0.7081285814181312 -0.04384727092341635
vn -0.7047207454100621 -0.7081285814181312 -0.04384727092341635
vn 0.9237871009366229 0.3788552814391466 0.05555238850647971
vn 0.9237871009366229 0.3788552814391466 0.05555238850647971
vn 0.9237871009366229 0.3788552814391466 0.05555238850647971
vn 0.3752179758607596 -0.8388575948965004 -0.39437216696340677
vn 0.3752179758607596 -0.8388575948965004 -0.39437216696340677
vn 0.3752179758607596 -0.8388575948965004 -0.39437216696340677
vn 0.9235484655928737 -0.37885530102321996 0.05938764675969038
vn 0.9235484655928737 -0.37885530102321996 0.05938764675969038
vn 0.9235484655928737 -0.37885530102321996 0.05938764675969038
vn -0.062099272758735655 1.3917828839062086e-15 0.9980699776683176
vn -0.062099272758735655 1.3917828839062086e-15 0.9980699776683176
vn -0.062099272758735655 1.3917828839062086e-15 0.9980699776683176
vn -0.062099272758735655 0 0.9980699776683176
vn -0.062099272758735655 1.3917828839062086e-15 0.9980699776683176
vn -0.062099272758735655 1.3917828839062086e-15 0.9980699776683176
vn -0.9980699776683176 0 -0.062099272758735655
vn -0.9980699776683176 2.6512787063813446e-16 -0.062099272758735655
vn -0.9980699776683176 0 -0.062099272758735655
vn 0.062099272758735655 -3.3267607840806575e-15 -0.9980699776683176
vn 0.062099272758735655 -3.3267607840806575e-15 -0.9980699776683176
vn 0.062099272758735655 -3.3267607840806575e-15 -0.9980699776683176
vn 0.062099272758735655 1.4081069024742414e-15 -0.9980699776683176
vn 0.062099272758735655 -3.3267607840806575e-15 -0.9980699776683176
vn 0.062099272758735655 -3.3267607840806575e-15 -0.9980699776683176
vn 0.062099272758735655 0 -0.9980699776683176
vn 0.062099272758735655 -3.3267607840806575e-15 -0.9980699776683176
vn 0.062099272758735655 1.4081069024742414e-15 -0.9980699776683176
vn -0.9980699776683176 0 -0.062099272758735655
vn -0.9980699776683176 0 -0.062099272758735655
vn -0.9980699776683176 0 -0.062099272758735655
vn -0.062099272758735655 9.289068755507023e-15 0.9980699776683176
vn -0.062099272758735655 9.289068755507023e-15 0.9980699776683176
vn -0.062099272758735655 9.289068755507023e-15 0.9980699776683176
vn -0.9980699776683176 0 -0.062099272758735655
vn -0.9980699776683176 0 -0.062099272758735655
vn -0.9980699776683176 0 -0.062099272758735655
vn -0.062099272758735655 9.289068755507023e-15 0.9980699776683176
vn -0.062099272758735655 9.289068755507023e-15 0.9980699776683176
vn -0.062099272758735655 4.253326291214706e-15 0.9980699776683176
vn -1.5403220030436567e-16 -1 2.1014360672765118e-16
vn -1.5403220030436567e-16 -1 2.1014360672765118e-16
vn -1.5403220030436567e-16 -1 2.1014360672765118e-16
vn -1.3290417608188515e-17 -1 2.1360584066466333e-16
vn -1.3290417608188515e-17 -1 2.1360584066466333e-16
vn -1.5403220030436567e-16 -1 2.1014360672765118e-16
vn -3.031195704934265e-15 -1 -1.6008622006410001e-15
vn -1.3290417608188515e-17 -1 2.1360584066466333e-16
vn -1.5403220030436567e-16 -1 2.1014360672765118e-16
vn 4.945375922160223e-16 -1 3.274017922176326e-16
vn -1.5403220030436567e-16 -1 2.1014360672765118e-16
vn -1.5403220030436567e-16 -1 2.1014360672765118e-16
vn 3.1929910151397756e-16 -1 3.602398302145833e-16
vn -3.031195704934265e-15 -1 -1.6008622006410001e-15
vn -1.5403220030436567e-16 -1 2.1014360672765118e-16
vn 4.945375922160223e-16 -1 3.274017922176326e-16
vn 3.1929910151397756e-16 -1 3.602398302145833e-16
vn -1.5403220030436567e-16 -1 2.1014360672765118e-16
vn -0.9980699776683176 6.22052842089418e-17 -0.062099272758735655
vn -0.9980699776683176 0 -0.062099272758735655
vn -0.9980699776683176 -5.482582614681536e-16 -0.062099272758735655
vn -0.062099272758735655 0 0.9980699776683176
vn -0.062099272758735655 0 0.9980699776683176
vn -0.062099272758735655 0 0.9980699776683176
vn -0.062099272758735655 1.4622090131003657e-15 0.9980699776683176
vn -0.062099272758735655 0 0.9980699776683176
vn -0.062099272758735655 0 0.9980699776683176
vn -1.5403220030436567e-16 -1 2.1014360672765118e-16
vn -1.5403220030436567e-16 -1 2.1014360672765118e-16
vn -1.5215236287916746e-17 -1 2.4454185294366473e-16
vn -3.2832008181157466e-16 -1 -2.042786381042991e-17
vn -3.2832008181157466e-16 -1 -2.042786381042991e-17
vn -3.2832008181157466e-16 -1 -2.042786381042991e-17
vn -4.5024681512180126e-17 -1 7.236442813992271e-16
vn -3.2832008181157466e-16 -1 -2.042786381042991e-17
vn -3.2832008181157466e-16 -1 -2.042786381042991e-17
vn -0.04391081632205804 -0.7071067692495345 0.7057420613024394
vn -0.04391081632205804 -0.7071067692495345 0.7057420613024394
vn -0.04391081632205804 -0.7071067692495345 0.7057420613024394
vn -0.04391081632205804 -0.7071067692495345 0.7057420613024394
vn -0.04391081632205804 -0.7071067692495345 0.7057420613024394
vn -0.04391081632205804 -0.7071067692495345 0.7057420613024394
vn -0.9980699776683176 0 -0.062099272758735655
vn -0.9980699776683176 2.1549359400384133e-16 -0.062099272758735655
vn -0.9980699776683176 0 -0.062099272758735655
vn -0.062099272758735655 7.894919155723822e-16 0.9980699776683176
vn -0.062099272758735655 7.894919155723822e-16 0.9980699776683176
vn -0.062099272758735655 7.894919155723822e-16 0.9980699776683176
vn -0.062099272758735655 7.894919155723822e-16 0.9980699776683176
vn -0.062099272758735655 3.0700462797476096e-15 0.9980699776683176
vn -0.062099272758735655 7.894919155723822e-16 0.9980699776683176
vn -0.04391081632205804 0.7071067692495345 0.7057420613024394
vn -0.04391081632205804 0.7071067692495345 0.7057420613024394
vn -0.04391081632205804 0.7071067692495345 0.7057420613024394
vn -0.04391081632205804 0.7071067692495345 0.7057420613024394
vn -0.04391081632205804 0.7071067692495345 0.7057420613024394
vn -0.04391081632205804 0.7071067692495345 0.7057420613024394
vn -0.062099272758735655 1.8258309312745134e-15 0.9980699776683176
vn -0.062099272758735655 7.894919155723822e-16 0.9980699776683176
vn -0.062099272758735655 1.8258309312745134e-15 0.9980699776683176
vn -0.062099272758735655 1.8258309312745134e-15 0.9980699776683176
vn -0.062099272758735655 7.894919155723822e-16 0.9980699776683176
vn -0.062099272758735655 7.894919155723822e-16 0.9980699776683176
vn 0 1 0
vn 0 1 0
vn 0 1 0
vn 0 1 0
vn 0 1 0
vn 0 1 0
vn -0.9980699776683176 4.447322030714077e-16 -0.062099272758735655
vn -0.9980699776683176 0 -0.062099272758735655
vn -0.9980699776683176 -2.647631170839699e-16 -0.062099272758735655
vn -0.062099272758735655 0 0.9980699776683176
vn -0.062099272758735655 0 0.9980699776683176
vn -0.062099272758735655 0 0.9980699776683176
vn -0.062099272758735655 0 0.9980699776683176
vn -0.062099272758735655 0 0.9980699776683176
vn -0.062099272758735655 0 0.9980699776683176
vn -3.019758748443082e-16 1 1.2795037544099136e-18
vn 1.3618576700800552e-17 1 -2.1888005012941984e-16
vn 3.791689455901609e-14 1 -9.855299492071354e-14
vn -1.2773829915323226e-16 1 -1.5347227182156117e-16
vn 3.791689455901609e-14 1 -9.855299492071354e-14
vn 1.3618576700800552e-17 1 -2.1888005012941984e-16
vn -3.019758748443082e-16 1 1.2795037544099136e-18
vn 2.2822856086236344e-17 1 -3.668127794154971e-16
vn 1.3618576700800552e-17 1 -2.1888005012941984e-16
vn -3.062075720394519e-17 1 -1.381202231690506e-16
vn -1.2773829915323226e-16 1 -1.5347227182156117e-16
vn 1.3618576700800552e-17 1 -2.1888005012941984e-16
vn 0.04391081632205804 -0.7071067692495345 -0.7057420613024394
vn 0.04391081632205804 -0.7071067692495345 -0.7057420613024394
vn 0.04391081632205804 -0.7071067692495345 -0.7057420613024394
vn -2.285265414945538e-14 -1 -1.2471625023945804e-13
vn -2.285265414945538e-14 -1 -1.2471625023945804e-13
vn -1.3290417608188515e-17 -1 2.1360584066466333e-16
vn -8.356344645877686e-17 -1 7.406745273133751e-17
vn -1.3290417608188515e-17 -1 2.1360584066466333e-16
vn -8.356344645877686e-17 -1 7.406745273133751e-17
vn -3.031195704934265e-15 -1 -1.6008622006410001e-15
vn -8.356344645877686e-17 -1 7.406745273133751e-17
vn -1.3290417608188515e-17 -1 2.1360584066466333e-16
vn 1.917574331185165e-16 -1 5.260309124696476e-16
vn -1.3290417608188515e-17 -1 2.1360584066466333e-16
vn -8.356344645877686e-17 -1 7.406745273133751e-17
vn 6.886209778076991e-17 -1 3.009165277948687e-16
vn -1.3290417608188515e-17 -1 2.1360584066466333e-16
vn 1.917574331185165e-16 -1 5.260309124696476e-16
vn -2.285265414945538e-14 -1 -1.2471625023945804e-13
vn -1.3290417608188515e-17 -1 2.1360584066466333e-16
vn 6.886209778076991e-17 -1 3.009165277948687e-16
vn 0.062099272758735655 -9.880670941220383e-14 -0.9980699776683176
vn 0.062099272758735655 -7.259653248483688e-15 -0.9980699776683176
vn 0.062099272758735655 -9.880670941220383e-14 -0.9980699776683176
vn 0.04391081632205804 -0.7071067692495345 -0.7057420613024394
vn 0.04391081632205804 -0.7071067692495345 -0.7057420613024394
vn 0.04391081632205804 -0.7071067692495345 -0.7057420613024394
vn 0.062099272758735655 -9.880670941220383e-14 -0.9980699776683176
vn 0.062099272758735655 -7.259653248483688e-15 -0.9980699776683176
vn 0.062099272758735655 -7.259653248483688e-15 -0.9980699776683176
vn 0.062099272758735655 1.077614751084567e-12 -0.9980699776683176
vn 0.062099272758735655 1.077614751084567e-12 -0.9980699776683176
vn 0.062099272758735655 1.2164786030650157e-13 -0.9980699776683176
vn -0.45512418893885737 0.5000000153816848 -0.7367916647608483
vn -0.45512418893885737 0.5000000153816848 -0.7367916647608483
vn -0.45512418893885737 0.5000000153816848 -0.7367916647608483
vn 0.062099272758735655 1.077614751084567e-12 -0.9980699776683176
vn 0.062099272758735655 1.2164786030650157e-13 -0.9980699776683176
vn 0.062099272758735655 1.2164786030650157e-13 -0.9980699776683176
vn 0.062099272758735655 6.737743068526703e-14 -0.9980699776683176
vn 0.062099272758735655 6.737743068526703e-14 -0.9980699776683176
vn 0.062099272758735655 1.077614751084567e-12 -0.9980699776683176
vn -0.6618312495749495 9.538958289745313e-14 -0.7496528510491113
vn -0.6618312495749495 9.538958289745313e-14 -0.7496528510491113
vn -0.6618312495749495 9.538958289745313e-14 -0.7496528510491113
vn 0.062099272758735655 1.077614751084567e-12 -0.9980699776683176
vn 0.062099272758735655 6.737743068526703e-14 -0.9980699776683176
vn 0.062099272758735655 1.077614751084567e-12 -0.9980699776683176
vn -0.45512418893885737 0.5000000153816848 -0.7367916647608483
vn -0.45512418893885737 0.5000000153816848 -0.7367916647608483
vn -0.45512418893885737 0.5000000153816848 -0.7367916647608483
vn 0.062099272758735655 -2.724660438389457e-13 -0.9980699776683176
vn 0.062099272758735655 -9.880670941220383e-14 -0.9980699776683176
vn 0.062099272758735655 6.737743068526703e-14 -0.9980699776683176
vn -0.45512418893885737 -0.5000000153816848 -0.7367916647608483
vn -0.45512418893885737 -0.5000000153816848 -0.7367916647608483
vn -0.45512418893885737 -0.5000000153816848 -0.7367916647608483
vn 0.062099272758735655 -2.724660438389457e-13 -0.9980699776683176
vn 0.062099272758735655 6.737743068526703e-14 -0.9980699776683176
vn 0.062099272758735655 6.737743068526703e-14 -0.9980699776683176
vn -0.6618312495749495 9.538958289745313e-14 -0.7496528510491113
vn -0.6618312495749495 9.538958289745313e-14 -0.7496528510491113
vn -0.6618312495749495 9.408154043025986e-14 -0.7496528510491113
vn 0.062099272758735655 -5.18736733826746e-13 -0.9980699776683176
vn 0.062099272758735655 -9.880670941220383e-14 -0.9980699776683176
vn 0.062099272758735655 -9.880670941220383e-14 -0.9980699776683176
vn 0.062099272758735655 -2.724660438389457e-13 -0.9980699776683176
vn 0.062099272758735655 -1.065346678536432e-12 -0.9980699776683176
vn 0.062099272758735655 -9.880670941220383e-14 -0.9980699776683176
vn 0.062099272758735655 -4.864224357954119e-12 -0.9980699776683176
vn 0.062099272758735655 -9.880670941220383e-14 -0.9980699776683176
vn 0.062099272758735655 -1.065346678536432e-12 -0.9980699776683176
vn 0.062099272758735655 -4.864224357954119e-12 -0.9980699776683176
vn 0.062099272758735655 -5.18736733826746e-13 -0.9980699776683176
vn 0.062099272758735655 -9.880670941220383e-14 -0.9980699776683176
vn -0.45512418893885737 -0.5000000153816848 -0.7367916647608483
vn -0.45512418893885737 -0.5000000153816848 -0.7367916647608483
vn -0.45512418893885737 -0.5000000153816848 -0.7367916647608483
vn 0.062099272758735655 -2.4092877519008715e-16 -0.9980699776683176
vn 0.062099272758735655 0 -0.9980699776683176
vn 0.062099272758735655 -2.4092877519008715e-16 -0.9980699776683176
vn -0.7047207454100621 -0.7081285814181312 -0.04384727092341635
vn -0.7047207454100621 -0.7081285814181312 -0.04384727092341635
vn -0.7047207454100621 -0.7081285814181312 -0.04384727092341635
vn 0.062099272758735655 -7.159203825435828e-16 -0.9980699776683176
vn 0.062099272758735655 -2.4092877519008715e-16 -0.9980699776683176
vn 0.062099272758735655 -7.159203825435828e-16 -0.9980699776683176
vn 0.3752179758607596 -0.8388575948965004 -0.39437216696340677
vn 0.3752179758607596 -0.8388575948965004 -0.39437216696340677
vn 0.3752179758607596 -0.8388575948965004 -0.39437216696340677
vn 0.062099272758735655 -7.159203825435828e-16 -0.9980699776683176
vn 0.062099272758735655 -2.4092877519008715e-16 -0.9980699776683176
vn 0.062099272758735655 -2.4092877519008715e-16 -0.9980699776683176
vn 0.7047207454100621 -0.7081285814181312 0.04384727092341635
vn 0.7047207454100621 -0.7081285814181312 0.04384727092341635
vn 0.7047207454100621 -0.7081285814181312 0.04384727092341635
vn -0.9237871009366229 0.3788552814391466 -0.05555238850647971
vn -0.9237871009366229 0.3788552814391466 -0.05555238850647971
vn -0.9237871009366229 0.3788552814391466 -0.05555238850647971
vn 0.062099272758735655 -2.4092877519008715e-16 -0.9980699776683176
vn 0.062099272758735655 3.3433996956096103e-13 -0.9980699776683176
vn 0.062099272758735655 0 -0.9980699776683176
vn -0.3752179758607596 -0.8388575948965004 0.39437216696340677
vn -0.3752179758607596 -0.8388575948965004 0.39437216696340677
vn -0.3752179758607596 -0.8388575948965004 0.39437216696340677
vn -0.9235484655928737 -0.37885530102321996 -0.05938764675969038
vn -0.9235484655928737 -0.37885530102321996 -0.05938764675969038
vn -0.9235484655928737 -0.37885530102321996 -0.05938764675969038
vn -0.32343813898551316 0.8388575943054831 -0.4378421025045505
vn -0.32343813898551316 0.8388575943054831 -0.4378421025045505
vn -0.32343813898551316 0.8388575943054831 -0.4378421025045505
vn 0.062099272758735655 -5.18736733826746e-13 -0.9980699776683176
vn 0.062099272758735655 -4.9665272745463404e-17 -0.9980699776683176
vn 0.062099272758735655 -9.880670941220383e-14 -0.9980699776683176
vn 0.7047207454100621 0.7081285814181312 0.04384727092341635
vn 0.7047207454100621 0.7081285814181312 0.04384727092341635
vn 0.7047207454100621 0.7081285814181312 0.04384727092341635
vn -0.7047207454100621 0.7081285814181312 -0.04384727092341635
vn -0.7047207454100621 0.7081285814181312 -0.04384727092341635
vn -0.7047207454100621 0.7081285814181312 -0.04384727092341635
vn 0.062099272758735655 -1.3815644904338081e-15 -0.9980699776683176
vn 0.062099272758735655 -7.159203825435828e-16 -0.9980699776683176
vn 0.062099272758735655 -4.9665272745463404e-17 -0.9980699776683176
vn 0.9235484655928737 -0.37885530102321996 0.05938764675969038
vn 0.9235484655928737 -0.37885530102321996 0.05938764675969038
vn 0.9235484655928737 -0.37885530102321996 0.05938764675969038
vn 0.062099272758735655 -1.3815644904338081e-15 -0.9980699776683176
vn 0.062099272758735655 -4.9665272745463404e-17 -0.9980699776683176
vn 0.062099272758735655 -5.18736733826746e-13 -0.9980699776683176
vn 0.32343813898551316 0.8388575943054831 0.4378421025045505
vn 0.32343813898551316 0.8388575943054831 0.4378421025045505
vn 0.32343813898551316 0.8388575943054831 0.4378421025045505
vn 0.9237871009366229 0.3788552814391466 0.05555238850647971
vn 0.9237871009366229 0.3788552814391466 0.05555238850647971
vn 0.9237871009366229 0.3788552814391466 0.05555238850647971
vn 0.062099272758735655 -1.3815644904338081e-15 -0.9980699776683176
vn 0.062099272758735655 -7.159203825435828e-16 -0.9980699776683176
vn 0.062099272758735655 -7.159203825435828e-16 -0.9980699776683176
vn -0.7047207454100621 -0.7081285814181312 -0.04384727092341635
vn -0.7047207454100621 -0.7081285814181312 -0.04384727092341635
vn -0.7047207454100621 -0.7081285814181312 -0.04384727092341635
vn 0.3752179758607596 -0.8388575948965004 -0.39437216696340677
vn 0.3752179758607596 -0.8388575948965004 -0.39437216696340677
vn 0.3752179758607596 -0.8388575948965004 -0.39437216696340677
vn 0.7047207454100621 -0.7081285814181312 0.04384727092341635
vn 0.7047207454100621 -0.7081285814181312 0.04384727092341635
vn 0.7047207454100621 -0.7081285814181312 0.04384727092341635
vn 0.062099272758735655 3.491444049170704e-16 -0.9980699776683176
vn 0.062099272758735655 3.491444049170704e-16 -0.9980699776683176
vn 0.062099272758735655 4.805911683917614e-14 -0.9980699776683176
vn -0.9237871009366229 0.3788552814391466 -0.05555238850647971
vn -0.9237871009366229 0.3788552814391466 -0.05555238850647971
vn -0.9237871009366229 0.3788552814391466 -0.05555238850647971
vn 0.062099272758735655 -3.2235060938578806e-16 -0.9980699776683176
vn 0.062099272758735655 3.491444049170704e-16 -0.9980699776683176
vn 0.062099272758735655 4.805911683917614e-14 -0.9980699776683176
vn 0.062099272758735655 -3.2695825675012264e-16 -0.9980699776683176
vn 0.062099272758735655 -3.2235060938578806e-16 -0.9980699776683176
vn 0.062099272758735655 4.805911683917614e-14 -0.9980699776683176
vn 0.062099272758735655 4.528731881511444e-12 -0.9980699776683176
vn 0.062099272758735655 -3.2695825675012264e-16 -0.9980699776683176
vn 0.062099272758735655 4.805911683917614e-14 -0.9980699776683176
vn -0.3752179758607596 -0.8388575948965004 0.39437216696340677
vn -0.3752179758607596 -0.8388575948965004 0.39437216696340677
vn -0.3752179758607596 -0.8388575948965004 0.39437216696340677
vn -0.9235484655928737 -0.37885530102321996 -0.05938764675969038
vn -0.9235484655928737 -0.37885530102321996 -0.05938764675969038
vn -0.9235484655928737 -0.37885530102321996 -0.05938764675969038
vn 0.062099272758735655 3.491444049170704e-16 -0.9980699776683176
vn 0.062099272758735655 0 -0.9980699776683176
vn 0.062099272758735655 3.491444049170704e-16 -0.9980699776683176
vn -0.32343813898551316 0.8388575943054831 -0.4378421025045505
vn -0.32343813898551316 0.8388575943054831 -0.4378421025045505
vn -0.32343813898551316 0.8388575943054831 -0.4378421025045505
vn 0.062099272758735655 -2.724660438389457e-13 -0.9980699776683176
vn 0.062099272758735655 6.737743068526703e-14 -0.9980699776683176
vn 0.062099272758735655 0 -0.9980699776683176
vn 0.7047207454100621 0.7081285814181312 0.04384727092341635
vn 0.7047207454100621 0.7081285814181312 0.04384727092341635
vn 0.7047207454100621 0.7081285814181312 0.04384727092341635
vn 0.062099272758735655 0 -0.9980699776683176
vn 0.062099272758735655 0 -0.9980699776683176
vn 0.062099272758735655 3.491444049170704e-16 -0.9980699776683176
vn 0.062099272758735655 0 -0.9980699776683176
vn 0.062099272758735655 -2.724660438389457e-13 -0.9980699776683176
vn 0.062099272758735655 0 -0.9980699776683176
vn -0.7047207454100621 0.7081285814181312 -0.04384727092341635
vn -0.7047207454100621 0.7081285814181312 -0.04384727092341635
vn -0.7047207454100621 0.7081285814181312 -0.04384727092341635
vn 0.9235484655928737 -0.37885530102321996 0.05938764675969038
vn 0.9235484655928737 -0.37885530102321996 0.05938764675969038
vn 0.9235484655928737 -0.37885530102321996 0.05938764675969038
vn 0.32343813898551316 0.8388575943054831 0.4378421025045505
vn 0.32343813898551316 0.8388575943054831 0.4378421025045505
vn 0.32343813898551316 0.8388575943054831 0.4378421025045505
vn 0.9237871009366229 0.3788552814391466 0.05555238850647971
vn 0.9237871009366229 0.3788552814391466 0.05555238850647971
vn 0.9237871009366229 0.3788552814391466 0.05555238850647971
vn -0.7047207454100621 -0.7081285814181312 -0.04384727092341635
vn -0.7047207454100621 -0.7081285814181312 -0.04384727092341635
vn -0.7047207454100621 -0.7081285814181312 -0.04384727092341635
vn 0.3752179758607596 -0.8388575948965004 -0.39437216696340677
vn 0.3752179758607596 -0.8388575948965004 -0.39437216696340677
vn 0.3752179758607596 -0.8388575948965004 -0.39437216696340677
vn 0.7047207454100621 -0.7081285814181312 0.04384727092341635
vn 0.7047207454100621 -0.7081285814181312 0.04384727092341635
vn 0.7047207454100621 -0.7081285814181312 0.04384727092341635
vn 0.062099272758735655 3.9589823491022446e-15 -0.9980699776683176
vn 0.062099272758735655 3.9589823491022446e-15 -0.9980699776683176
vn 0.062099272758735655 -3.2235060938578806e-16 -0.9980699776683176
vn -0.9237871009366229 0.3788552814391466 -0.05555238850647971
vn -0.9237871009366229 0.3788552814391466 -0.05555238850647971
vn -0.9237871009366229 0.3788552814391466 -0.05555238850647971
vn 0.062099272758735655 3.9589823491022446e-15 -0.9980699776683176
vn 0.062099272758735655 -3.2235060938578806e-16 -0.9980699776683176
vn 0.062099272758735655 -3.2695825675012264e-16 -0.9980699776683176
vn -0.3752179758607596 -0.8388575948965004 0.39437216696340677
vn -0.3752179758607596 -0.8388575948965004 0.39437216696340677
vn -0.3752179758607596 -0.8388575948965004 0.39437216696340677
vn -0.9235484655928737 -0.37885530102321996 -0.05938764675969038
vn -0.9235484655928737 -0.37885530102321996 -0.05938764675969038
vn -0.9235484655928737 -0.37885530102321996 -0.05938764675969038
vn 0.062099272758735655 -4.864224357954119e-12 -0.9980699776683176
vn 0.062099272758735655 -1.065346678536432e-12 -0.9980699776683176
vn 0.062099272758735655 3.9589823491022446e-15 -0.9980699776683176
vn -0.32343813898551316 0.8388575943054831 -0.4378421025045505
vn -0.32343813898551316 0.8388575943054831 -0.4378421025045505
vn -0.32343813898551316 0.8388575943054831 -0.4378421025045505
vn 0.062099272758735655 3.9589823491022446e-15 -0.9980699776683176
vn 0.062099272758735655 -4.864224357954119e-12 -0.9980699776683176
vn 0.062099272758735655 3.9589823491022446e-15 -0.9980699776683176
vn 0.7047207454100621 0.7081285814181312 0.04384727092341635
vn 0.7047207454100621 0.7081285814181312 0.04384727092341635
vn 0.7047207454100621 0.7081285814181312 0.04384727092341635
vn -0.7047207454100621 0.7081285814181312 -0.04384727092341635
vn -0.7047207454100621 0.7081285814181312 -0.04384727092341635
vn -0.7047207454100621 0.7081285814181312 -0.04384727092341635
vn 0.9235484655928737 -0.37885530102321996 0.05938764675969038
vn 0.9235484655928737 -0.37885530102321996 0.05938764675969038
vn 0.9235484655928737 -0.37885530102321996 0.05938764675969038
vn 0.32343813898551316 0.8388575943054831 0.4378421025045505
vn 0.32343813898551316 0.8388575943054831 0.4378421025045505
vn 0.32343813898551316 0.8388575943054831 0.4378421025045505
vn 0.9237871009366229 0.3788552814391466 0.05555238850647971
vn 0.9237871009366229 0.3788552814391466 0.05555238850647971
vn 0.9237871009366229 0.3788552814391466 0.05555238850647971
vn 0.062099272758735655 -2.7979472222416235e-16 -0.9980699776683176
vn 0.062099272758735655 -3.2695825675012264e-16 -0.9980699776683176
vn 0.062099272758735655 -2.7979472222416235e-16 -0.9980699776683176
vn 0.6106267577331397 0.5781047945823047 -0.5412299042193298
vn 0.6106267577331397 0.5781047945823047 -0.5412299042193298
vn 0.6106267577331397 0.5781047945823047 -0.5412299042193298
vn 0.062099272758735655 -2.7979472222416235e-16 -0.9980699776683176
vn 0.062099272758735655 -2.7979472222416235e-16 -0.9980699776683176
vn 0.062099272758735655 1.0705156529273854e-13 -0.9980699776683176
vn -0.5446344611094599 0.5789771076897731 -0.6067609187671806
vn -0.5446344611094599 0.5789771076897731 -0.6067609187671806
vn -0.5446344611094599 0.5789771076897731 -0.6067609187671806
vn -0.5403829415865601 0.577350276001259 -0.6120889929115916
vn -0.5403829415865601 0.577350276001259 -0.6120889929115916
vn -0.5403829415865601 0.577350276001259 -0.6120889929115916
vn 0.6156473084856935 -0.5789771009547277 -0.5345688993239134
vn 0.6156473084856935 -0.5789771009547277 -0.5345688993239134
vn 0.6156473084856935 -0.5789771009547277 -0.5345688993239134
vn 0.062099272758735655 -2.7979472222416235e-16 -0.9980699776683176
vn 0.062099272758735655 3.9589823491022446e-15 -0.9980699776683176
vn 0.062099272758735655 -3.2695825675012264e-16 -0.9980699776683176
vn 0.6093471609679343 0.5742162431531456 -0.5467830863508909
vn 0.6093471609679343 0.5742162431531456 -0.5467830863508909
vn 0.6093471609679343 0.5742162431531456 -0.5467830863508909
vn -0.5388269450516937 -0.5781047968233665 -0.6127482086273882
vn -0.5388269450516937 -0.5781047968233665 -0.6127482086273882
vn -0.5388269450516937 -0.5781047968233665 -0.6127482086273882
vn 0.6120889929115916 -0.577350276001259 -0.5403829415865601
vn 0.6120889929115916 -0.577350276001259 -0.5403829415865601
vn 0.6120889929115916 -0.577350276001259 -0.5403829415865601
vn 0.062099272758735655 7.724688216715032e-14 -0.9980699776683176
vn 0.062099272758735655 -2.7979472222416235e-16 -0.9980699776683176
vn 0.062099272758735655 1.0705156529273854e-13 -0.9980699776683176
vn -0.5368688695630243 -0.5742162458612433 -0.6180999271017111
vn -0.5368688695630243 -0.5742162458612433 -0.6180999271017111
vn -0.5368688695630243 -0.5742162458612433 -0.6180999271017111
vn 0.6106267577331397 0.5781047945823047 -0.5412299042193298
vn 0.6106267577331397 0.5781047945823047 -0.5412299042193298
vn 0.6106267577331397 0.5781047945823047 -0.5412299042193298
vn 0.062099272758735655 -1.3815644904338081e-15 -0.9980699776683176
vn 0.062099272758735655 -5.18736733826746e-13 -0.9980699776683176
vn 0.062099272758735655 4.3790718232301187e-16 -0.9980699776683176
vn -0.5446344611094599 0.5789771076897731 -0.6067609187671806
vn -0.5446344611094599 0.5789771076897731 -0.6067609187671806
vn -0.5446344611094599 0.5789771076897731 -0.6067609187671806
vn -0.5403829415865601 0.577350276001259 -0.6120889929115916
vn -0.5403829415865601 0.577350276001259 -0.6120889929115916
vn -0.5403829415865601 0.577350276001259 -0.6120889929115916
vn 0.062099272758735655 3.9589823491022446e-15 -0.9980699776683176
vn 0.062099272758735655 -3.9517910924920623e-16 -0.9980699776683176
vn 0.062099272758735655 -4.864224357954119e-12 -0.9980699776683176
vn 0.6156473084856935 -0.5789771009547277 -0.5345688993239134
vn 0.6156473084856935 -0.5789771009547277 -0.5345688993239134
vn 0.6156473084856935 -0.5789771009547277 -0.5345688993239134
vn 0.6093471609679343 0.5742162431531456 -0.5467830863508909
vn 0.6093471609679343 0.5742162431531456 -0.5467830863508909
vn 0.6093471609679343 0.5742162431531456 -0.5467830863508909
vn 0.062099272758735655 -3.9030170836741946e-16 -0.9980699776683176
vn 0.062099272758735655 4.3790718232301187e-16 -0.9980699776683176
vn 0.062099272758735655 -3.9517910924920623e-16 -0.9980699776683176
vn -0.5388269450516937 -0.5781047968233665 -0.6127482086273882
vn -0.5388269450516937 -0.5781047968233665 -0.6127482086273882
vn -0.5388269450516937 -0.5781047968233665 -0.6127482086273882
vn 0.062099272758735655 -3.9030170836741946e-16 -0.9980699776683176
vn 0.062099272758735655 -3.9517910924920623e-16 -0.9980699776683176
vn 0.062099272758735655 3.9589823491022446e-15 -0.9980699776683176
vn 0.6120889929115916 -0.577350276001259 -0.5403829415865601
vn 0.6120889929115916 -0.577350276001259 -0.5403829415865601
vn 0.6120889929115916 -0.577350276001259 -0.5403829415865601
vn 0.062099272758735655 -3.9030170836741946e-16 -0.9980699776683176
vn 0.062099272758735655 -1.3815644904338081e-15 -0.9980699776683176
vn 0.062099272758735655 4.3790718232301187e-16 -0.9980699776683176
vn -0.5368688695630243 -0.5742162458612433 -0.6180999271017111
vn -0.5368688695630243 -0.5742162458612433 -0.6180999271017111
vn -0.5368688695630243 -0.5742162458612433 -0.6180999271017111
vn -0.7047207454100621 -0.7081285814181312 -0.04384727092341635
vn -0.7047207454100621 -0.7081285814181312 -0.04384727092341635
vn -0.7047207454100621 -0.7081285814181312 -0.04384727092341635
vn 0.062099272758735655 7.724688216715032e-14 -0.9980699776683176
vn 0.062099272758735655 1.295272126699182e-12 -0.9980699776683176
vn 0.062099272758735655 7.235667647684876e-14 -0.9980699776683176
vn 0.3752179758607596 -0.8388575948965004 -0.39437216696340677
vn 0.3752179758607596 -0.8388575948965004 -0.39437216696340677
vn 0.3752179758607596 -0.8388575948965004 -0.39437216696340677
vn 0.7047207454100621 -0.7081285814181312 0.04384727092341635
vn 0.7047207454100621 -0.7081285814181312 0.04384727092341635
vn 0.7047207454100621 -0.7081285814181312 0.04384727092341635
vn 0.062099272758735655 -2.4092877519008715e-16 -0.9980699776683176
vn 0.062099272758735655 -1.752587888202694e-16 -0.9980699776683176
vn 0.062099272758735655 3.3433996956096103e-13 -0.9980699776683176
vn -0.9237871009366229 0.3788552814391466 -0.05555238850647971
vn -0.9237871009366229 0.3788552814391466 -0.05555238850647971
vn -0.9237871009366229 0.3788552814391466 -0.05555238850647971
vn -0.3752179758607596 -0.8388575948965004 0.39437216696340677
vn -0.3752179758607596 -0.8388575948965004 0.39437216696340677
vn -0.3752179758607596 -0.8388575948965004 0.39437216696340677
vn -0.9235484655928737 -0.37885530102321996 -0.05938764675969038
vn -0.9235484655928737 -0.37885530102321996 -0.05938764675969038
vn -0.9235484655928737 -0.37885530102321996 -0.05938764675969038
vn 0.062099272758735655 -2.4092877519008715e-16 -0.9980699776683176
vn 0.062099272758735655 -1.6638425279113126e-16 -0.9980699776683176
vn 0.062099272758735655 -1.752587888202694e-16 -0.9980699776683176
vn -0.32343813898551316 0.8388575943054831 -0.4378421025045505
vn -0.32343813898551316 0.8388575943054831 -0.4378421025045505
vn -0.32343813898551316 0.8388575943054831 -0.4378421025045505
vn 0.062099272758735655 -8.234033552585399e-16 -0.9980699776683176
vn 0.062099272758735655 -8.234033552585399e-16 -0.9980699776683176
vn 0.062099272758735655 -1.6638425279113126e-16 -0.9980699776683176
vn 0.7047207454100621 0.7081285814181312 0.04384727092341635
vn 0.7047207454100621 0.7081285814181312 0.04384727092341635
vn 0.7047207454100621 0.7081285814181312 0.04384727092341635
vn 0.062099272758735655 -2.4092877519008715e-16 -0.9980699776683176
vn 0.062099272758735655 -8.234033552585399e-16 -0.9980699776683176
vn 0.062099272758735655 -1.6638425279113126e-16 -0.9980699776683176
vn -0.7047207454100621 0.7081285814181312 -0.04384727092341635
vn -0.7047207454100621 0.7081285814181312 -0.04384727092341635
vn -0.7047207454100621 0.7081285814181312 -0.04384727092341635
vn 0.062099272758735655 7.724688216715032e-14 -0.9980699776683176
vn 0.062099272758735655 7.235667647684876e-14 -0.9980699776683176
vn 0.062099272758735655 -8.234033552585399e-16 -0.9980699776683176
vn 0.9235484655928737 -0.37885530102321996 0.05938764675969038
vn 0.9235484655928737 -0.37885530102321996 0.05938764675969038
vn 0.9235484655928737 -0.37885530102321996 0.05938764675969038
vn 0.062099272758735655 -8.234033552585399e-16 -0.9980699776683176
vn 0.062099272758735655 7.724688216715032e-14 -0.9980699776683176
vn 0.062099272758735655 -8.234033552585399e-16 -0.9980699776683176
vn 0.32343813898551316 0.8388575943054831 0.4378421025045505
vn 0.32343813898551316 0.8388575943054831 0.4378421025045505
vn 0.32343813898551316 0.8388575943054831 0.4378421025045505
vn 0.9237871009366229 0.3788552814391466 0.05555238850647971
vn 0.9237871009366229 0.3788552814391466 0.05555238850647971
vn 0.9237871009366229 0.3788552814391466 0.05555238850647971
vn -0.9640677832458648 0.25879580263713214 -0.059983679820485865
vn -0.9640677832458648 0.25879580263713214 -0.059983679820485865
vn -0.9640677832458648 0.25879580263713214 -0.059983679820485865
vn -0.8643437085432908 -0.5000543031580728 -0.05343825778152909
vn -0.8643437085432908 -0.5000543031580728 -0.05343825778152909
vn -0.8643437085432908 -0.5000543031580728 -0.05343825778152909
vn -0.8643539551586369 -0.5000000002120741 -0.053779549919527575
vn -0.8643539551586369 -0.5000000002120741 -0.053779549919527575
vn -0.8643539551586369 -0.5000000002120741 -0.053779549919527575
vn -0.7053605259948739 0.7076086343633432 -0.041911203068859294
vn -0.7053605259948739 0.7076086343633432 -0.041911203068859294
vn -0.7053605259948739 0.7076086343633432 -0.041911203068859294
vn -0.6630681166869571 0.4046622520679582 -0.6297532329289783
vn -0.6630681166869571 0.4046622520679582 -0.6297532329289783
vn -0.6630681166869571 0.4046622520679582 -0.6297532329289783
vn 0.0008452742238032752 0.9999932960152002 -0.003562784885869166
vn 0.0008452742238032752 0.9999932960152002 -0.003562784885869166
vn 0.0008452742238032752 0.9999932960152002 -0.003562784885869166
vn 0.8643014774299365 0.5000543103278532 0.0541169366738767
vn 0.8643014774299365 0.5000543103278532 0.0541169366738767
vn 0.8643014774299365 0.5000543103278532 0.0541169366738767
vn 0.000014743389822919178 0.9999999718167111 -0.00023695824407438736
vn 0.000014743389822919178 0.9999999718167111 -0.00023695824407438736
vn 0.000014743389822919178 0.9999999718167111 -0.00023695824407438736
vn 0.9640677832458648 -0.25879580263713214 0.059983679820485865
vn 0.9640677832458648 -0.25879580263713214 0.059983679820485865
vn 0.9640677832458648 -0.25879580263713214 0.059983679820485865
vn 0.8643539551586369 0.5000000002120741 0.053779549919527575
vn 0.8643539551586369 0.5000000002120741 0.053779549919527575
vn 0.8643539551586369 0.5000000002120741 0.053779549919527575
vn 0.7051156047111841 -0.7076086285425096 0.0458477131923712
vn 0.7051156047111841 -0.7076086285425096 0.0458477131923712
vn 0.7051156047111841 -0.7076086285425096 0.0458477131923712
vn 0.7360175831886958 -0.4046622505861826 -0.5427030313049641
vn 0.7360175831886958 -0.4046622505861826 -0.5427030313049641
vn 0.7360175831886958 -0.4046622505861826 -0.5427030313049641
vn -0.00039711625473382196 -0.9999932960153218 -0.0036400855887003813
vn -0.00039711625473382196 -0.9999932960153218 -0.0036400855887003813
vn -0.00039711625473382196 -0.9999932960153218 -0.0036400855887003813
vn 0.000014743389822919178 -0.9999999718167111 -0.00023695824407438736
vn 0.000014743389822919178 -0.9999999718167111 -0.00023695824407438736
vn 0.000014743389822919178 -0.9999999718167111 -0.00023695824407438736
vn -1.1268224881111767e-16 1 -2.214437673978524e-16
vn 3.791689455901609e-14 1 -9.855299492071354e-14
vn -1.1268224881111767e-16 1 -2.214437673978524e-16
vn -0.7057420613594392 0.7071067691913857 -0.04391081634233222
vn -0.7057420613594392 0.7071067691913857 -0.04391081634233222
vn -0.7057420613594392 0.7071067691913857 -0.04391081634233222
vn 3.791689455901609e-14 1 -9.855299492071354e-14
vn 3.791689455901609e-14 1 -9.855299492071354e-14
vn -8.6253391488685e-17 1 -9.808756672746065e-17
vn -1.2773829915323226e-16 1 -1.5347227182156117e-16
vn -8.6253391488685e-17 1 -9.808756672746065e-17
vn 3.791689455901609e-14 1 -9.855299492071354e-14
vn 3.669094735203821e-16 1 -2.7380310903237697e-16
vn 3.791689455901609e-14 1 -9.855299492071354e-14
vn -1.1268224881111767e-16 1 -2.214437673978524e-16
vn -1.143034036977134e-16 1 -1.2998611283700836e-16
vn 3.791689455901609e-14 1 -9.855299492071354e-14
vn 3.669094735203821e-16 1 -2.7380310903237697e-16
vn -1.143034036977134e-16 1 -1.2998611283700836e-16
vn -3.019758748443082e-16 1 1.2795037544099136e-18
vn 3.791689455901609e-14 1 -9.855299492071354e-14
vn -0.7057420613594392 0.7071067691913857 -0.04391081634233222
vn -0.7057420613594392 0.7071067691913857 -0.04391081634233222
vn -0.7057420613594392 0.7071067691913857 -0.04391081634233222
vn -3.019758748443082e-16 1 1.2795037544099136e-18
vn -3.6603178856834903e-16 1 -2.4250164174130474e-16
vn 2.2822856086236344e-17 1 -3.668127794154971e-16
vn 0.9980699776683176 0 0.062099272758735655
vn 0.9980699776683176 0 0.062099272758735655
vn 0.9980699776683176 0 0.062099272758735655
vn -1.1268224881111767e-16 1 -2.214437673978524e-16
vn -1.1268224881111767e-16 1 -2.214437673978524e-16
vn -3.6603178856834903e-16 1 -2.4250164174130474e-16
vn -0.04391081632205804 0.7071067692495345 0.7057420613024394
vn -0.04391081632205804 0.7071067692495345 0.7057420613024394
vn -0.04391081632205804 0.7071067692495345 0.7057420613024394
vn 1.7051002985916009e-15 1 -1.4993990885047229e-15
vn -1.1268224881111767e-16 1 -2.214437673978524e-16
vn -3.6603178856834903e-16 1 -2.4250164174130474e-16
vn -2.040508457984918e-16 1 -2.3204711112003893e-16
vn 1.7051002985916009e-15 1 -1.4993990885047229e-15
vn -3.6603178856834903e-16 1 -2.4250164174130474e-16
vn -3.019758748443082e-16 1 1.2795037544099136e-18
vn -2.040508457984918e-16 1 -2.3204711112003893e-16
vn -3.6603178856834903e-16 1 -2.4250164174130474e-16
vn 0.9980699776683176 6.821013012101965e-15 0.062099272758735655
vn 0.9980699776683176 0 0.062099272758735655
vn 0.9980699776683176 0 0.062099272758735655
vn -0.5429458107812604 0.5000000078916707 0.6746924029981435
vn -0.5429458107812604 0.5000000078916707 0.6746924029981435
vn -0.5429458107812604 0.5000000078916707 0.6746924029981435
vn -0.04391081632205804 0.7071067692495345 0.7057420613024394
vn -0.04391081632205804 0.7071067692495345 0.7057420613024394
vn -0.04391081632205804 0.7071067692495345 0.7057420613024394
vn -1.320074802032699e-15 1 -8.062072165111741e-17
vn -1.320074802032699e-15 1 -8.062072165111741e-17
vn -8.6253391488685e-17 1 -9.808756672746065e-17
vn 0.6127482086273882 0.5781047968233665 -0.5388269450516937
vn 0.6127482086273882 0.5781047968233665 -0.5388269450516937
vn 0.6127482086273882 0.5781047968233665 -0.5388269450516937
vn 0.5417636564381627 0.5717684554245739 0.6160949390671451
vn 0.5417636564381627 0.5717684554245739 0.6160949390671451
vn 0.5417636564381627 0.5717684554245739 0.6160949390671451
vn -1.320074802032699e-15 1 -8.062072165111741e-17
vn -8.6253391488685e-17 1 -9.808756672746065e-17
vn -1.2773829915323226e-16 1 -1.5347227182156117e-16
vn 0.5403829415865601 0.577350276001259 0.6120889929115916
vn 0.5403829415865601 0.577350276001259 0.6120889929115916
vn 0.5403829415865601 0.577350276001259 0.6120889929115916
vn 1.326073621714052e-16 1 -2.883812342688931e-16
vn 7.957478805661194e-14 1 -3.600556471353676e-14
vn -1.320074802032699e-15 1 -8.062072165111741e-17
vn -0.5417636564381627 0.5717684554245739 -0.6160949390671451
vn -0.5417636564381627 0.5717684554245739 -0.6160949390671451
vn -0.5417636564381627 0.5717684554245739 -0.6160949390671451
vn -1.320074802032699e-15 1 -8.062072165111741e-17
vn 1.326073621714052e-16 1 -2.883812342688931e-16
vn -1.320074802032699e-15 1 -8.062072165111741e-17
vn 0.6087664304733977 0.583567792286859 -0.5374495929239496
vn 0.6087664304733977 0.583567792286859 -0.5374495929239496
vn 0.6087664304733977 0.583567792286859 -0.5374495929239496
vn -0.6127482086273882 0.5781047968233665 0.5388269450516937
vn -0.6127482086273882 0.5781047968233665 0.5388269450516937
vn -0.6127482086273882 0.5781047968233665 0.5388269450516937
vn -0.5403829415865601 0.577350276001259 -0.6120889929115916
vn -0.5403829415865601 0.577350276001259 -0.6120889929115916
vn -0.5403829415865601 0.577350276001259 -0.6120889929115916
vn -0.6087664304733977 0.583567792286859 0.5374495929239496
vn -0.6087664304733977 0.583567792286859 0.5374495929239496
vn -0.6087664304733977 0.583567792286859 0.5374495929239496
vn 0.6127482086273882 0.5781047968233665 -0.5388269450516937
vn 0.6127482086273882 0.5781047968233665 -0.5388269450516937
vn 0.6127482086273882 0.5781047968233665 -0.5388269450516937
vn 3.669094735203821e-16 1 -2.7380310903237697e-16
vn -1.1268224881111767e-16 1 -2.214437673978524e-16
vn 1.0321928672164327e-15 1 -2.3240961475168417e-16
vn 0.5417636564381627 0.5717684554245739 0.6160949390671451
vn 0.5417636564381627 0.5717684554245739 0.6160949390671451
vn 0.5417636564381627 0.5717684554245739 0.6160949390671451
vn 0.5403829415865601 0.577350276001259 0.6120889929115916
vn 0.5403829415865601 0.577350276001259 0.6120889929115916
vn 0.5403829415865601 0.577350276001259 0.6120889929115916
vn -0.5417636564381627 0.5717684554245739 -0.6160949390671451
vn -0.5417636564381627 0.5717684554245739 -0.6160949390671451
vn -0.5417636564381627 0.5717684554245739 -0.6160949390671451
vn 0.6087664304733977 0.583567792286859 -0.5374495929239496
vn 0.6087664304733977 0.583567792286859 -0.5374495929239496
vn 0.6087664304733977 0.583567792286859 -0.5374495929239496
vn -1.320074802032699e-15 1 -8.062072165111741e-17
vn 1.0321928672164327e-15 1 -2.3240961475168417e-16
vn -2.040508457984918e-16 1 -2.3204711112003893e-16
vn -0.6127482086273882 0.5781047968233665 0.5388269450516937
vn -0.6127482086273882 0.5781047968233665 0.5388269450516937
vn -0.6127482086273882 0.5781047968233665 0.5388269450516937
vn -3.019758748443082e-16 1 1.2795037544099136e-18
vn -1.320074802032699e-15 1 -8.062072165111741e-17
vn -2.040508457984918e-16 1 -2.3204711112003893e-16
vn -0.5403829415865601 0.577350276001259 -0.6120889929115916
vn -0.5403829415865601 0.577350276001259 -0.6120889929115916
vn -0.5403829415865601 0.577350276001259 -0.6120889929115916
vn -1.320074802032699e-15 1 -8.062072165111741e-17
vn 3.669094735203821e-16 1 -2.7380310903237697e-16
vn 1.0321928672164327e-15 1 -2.3240961475168417e-16
vn -0.6087664304733977 0.583567792286859 0.5374495929239496
vn -0.6087664304733977 0.583567792286859 0.5374495929239496
vn -0.6087664304733977 0.583567792286859 0.5374495929239496
vn 0.6127482086273882 0.5781047968233665 -0.5388269450516937
vn 0.6127482086273882 0.5781047968233665 -0.5388269450516937
vn 0.6127482086273882 0.5781047968233665 -0.5388269450516937
vn 0.5417636564381627 0.5717684554245739 0.6160949390671451
vn 0.5417636564381627 0.5717684554245739 0.6160949390671451
vn 0.5417636564381627 0.5717684554245739 0.6160949390671451
vn 0.5403829415865601 0.577350276001259 0.6120889929115916
vn 0.5403829415865601 0.577350276001259 0.6120889929115916
vn 0.5403829415865601 0.577350276001259 0.6120889929115916
vn -0.5417636564381627 0.5717684554245739 -0.6160949390671451
vn -0.5417636564381627 0.5717684554245739 -0.6160949390671451
vn -0.5417636564381627 0.5717684554245739 -0.6160949390671451
vn 0.6087664304733977 0.583567792286859 -0.5374495929239496
vn 0.6087664304733977 0.583567792286859 -0.5374495929239496
vn 0.6087664304733977 0.583567792286859 -0.5374495929239496
vn -0.6127482086273882 0.5781047968233665 0.5388269450516937
vn -0.6127482086273882 0.5781047968233665 0.5388269450516937
vn -0.6127482086273882 0.5781047968233665 0.5388269450516937
vn -0.5403829415865601 0.577350276001259 -0.6120889929115916
vn -0.5403829415865601 0.577350276001259 -0.6120889929115916
vn -0.5403829415865601 0.577350276001259 -0.6120889929115916
vn -0.6087664304733977 0.583567792286859 0.5374495929239496
vn -0.6087664304733977 0.583567792286859 0.5374495929239496
vn -0.6087664304733977 0.583567792286859 0.5374495929239496
vn 0.6127482086273882 0.5781047968233665 -0.5388269450516937
vn 0.6127482086273882 0.5781047968233665 -0.5388269450516937
vn 0.6127482086273882 0.5781047968233665 -0.5388269450516937
vn 0.5417636564381627 0.5717684554245739 0.6160949390671451
vn 0.5417636564381627 0.5717684554245739 0.6160949390671451
vn 0.5417636564381627 0.5717684554245739 0.6160949390671451
vn 0.5403829415865601 0.577350276001259 0.6120889929115916
vn 0.5403829415865601 0.577350276001259 0.6120889929115916
vn 0.5403829415865601 0.577350276001259 0.6120889929115916
vn -0.5417636564381627 0.5717684554245739 -0.6160949390671451
vn -0.5417636564381627 0.5717684554245739 -0.6160949390671451
vn -0.5417636564381627 0.5717684554245739 -0.6160949390671451
vn 0.6087664304733977 0.583567792286859 -0.5374495929239496
vn 0.6087664304733977 0.583567792286859 -0.5374495929239496
vn 0.6087664304733977 0.583567792286859 -0.5374495929239496
vn -0.6127482086273882 0.5781047968233665 0.5388269450516937
vn -0.6127482086273882 0.5781047968233665 0.5388269450516937
vn -0.6127482086273882 0.5781047968233665 0.5388269450516937
vn -0.5403829415865601 0.577350276001259 -0.6120889929115916
vn -0.5403829415865601 0.577350276001259 -0.6120889929115916
vn -0.5403829415865601 0.577350276001259 -0.6120889929115916
vn -0.6087664304733977 0.583567792286859 0.5374495929239496
vn -0.6087664304733977 0.583567792286859 0.5374495929239496
vn -0.6087664304733977 0.583567792286859 0.5374495929239496
vn 1.1275292841661012e-15 1 -4.2423248116537607e-16
vn 0 1 0
vn 0 1 0
vn 1.2977701977612843e-17 1 -2.0857981185345233e-16
vn 1.1275292841661012e-15 1 -4.2423248116537607e-16
vn 0 1 0
vn 0.9980699776683176 6.821013012101965e-15 0.062099272758735655
vn 0.9980699776683176 0 0.062099272758735655
vn 0.9980699776683176 0 0.062099272758735655
vn 0.7057420613594392 0.7071067691913857 0.04391081634233222
vn 0.7057420613594392 0.7071067691913857 0.04391081634233222
vn 0.7057420613594392 0.7071067691913857 0.04391081634233222
vn 0.7057420613594392 0.7071067691913857 0.04391081634233222
vn 0.7057420613594392 0.7071067691913857 0.04391081634233222
vn 0.7057420613594392 0.7071067691913857 0.04391081634233222
vn -0.062099272758735655 1.5139404056189173e-14 0.9980699776683176
vn -0.062099272758735655 1.5139404056189173e-14 0.9980699776683176
vn -0.062099272758735655 1.5139404056189173e-14 0.9980699776683176
vn -0.062099272758735655 1.5139404056189173e-14 0.9980699776683176
vn -0.062099272758735655 -9.612320237350172e-16 0.9980699776683176
vn -0.062099272758735655 1.5139404056189173e-14 0.9980699776683176
vn -0.062099272758735655 0 0.9980699776683176
vn -0.062099272758735655 1.5139404056189173e-14 0.9980699776683176
vn -0.062099272758735655 0 0.9980699776683176
vn -0.062099272758735655 0 0.9980699776683176
vn -0.062099272758735655 1.5139404056189173e-14 0.9980699776683176
vn -0.062099272758735655 1.5139404056189173e-14 0.9980699776683176
vn 0.7057420613594392 0.7071067691913857 0.04391081634233222
vn 0.7057420613594392 0.7071067691913857 0.04391081634233222
vn 0.7057420613594392 0.7071067691913857 0.04391081634233222
vn 0.7057420613594392 -0.7071067691913857 0.04391081634233222
vn 0.7057420613594392 -0.7071067691913857 0.04391081634233222
vn 0.7057420613594392 -0.7071067691913857 0.04391081634233222
vn 0.7057420613594392 -0.7071067691913857 0.04391081634233222
vn 0.7057420613594392 -0.7071067691913857 0.04391081634233222
vn 0.7057420613594392 -0.7071067691913857 0.04391081634233222
vn 0.9980699776683176 0 0.062099272758735655
vn 0.9980699776683176 0 0.062099272758735655
vn 0.9980699776683176 0 0.062099272758735655
vn 0.7057420613594392 -0.7071067691913857 0.04391081634233222
vn 0.7057420613594392 -0.7071067691913857 0.04391081634233222
vn 0.7057420613594392 -0.7071067691913857 0.04391081634233222
vn 0.9980699776683176 0 0.062099272758735655
vn 0.9980699776683176 0 0.062099272758735655
vn 0.9980699776683176 0 0.062099272758735655
vn 1.7912761600958325e-16 -1 6.393070637256886e-16
vn -4.5024681512180126e-17 -1 7.236442813992271e-16
vn -3.2832008181157466e-16 -1 -2.042786381042991e-17
vn -3.064179737000609e-17 -1 4.924800962475824e-16
vn 1.7912761600958325e-16 -1 6.393070637256886e-16
vn -3.2832008181157466e-16 -1 -2.042786381042991e-17
vn 0.9980699776683176 9.097770233544826e-17 0.062099272758735655
vn 0.9980699776683176 9.097770233544826e-17 0.062099272758735655
vn 0.9980699776683176 9.097770233544826e-17 0.062099272758735655
vn -0.062099272758735655 1.9574179199914686e-15 0.9980699776683176
vn -0.062099272758735655 1.9574179199914686e-15 0.9980699776683176
vn -0.062099272758735655 1.9574179199914686e-15 0.9980699776683176
vn 0.9980699776683176 5.3695399163574725e-17 0.062099272758735655
vn 0.9980699776683176 9.097770233544826e-17 0.062099272758735655
vn 0.9980699776683176 9.097770233544826e-17 0.062099272758735655
vn 0.9980699776683176 0 0.062099272758735655
vn 0.9980699776683176 5.3695399163574725e-17 0.062099272758735655
vn 0.9980699776683176 9.097770233544826e-17 0.062099272758735655
vn -0.062099272758735655 -1.6534097556990588e-15 0.9980699776683176
vn -0.062099272758735655 1.9574179199914686e-15 0.9980699776683176
vn -0.062099272758735655 1.9574179199914686e-15 0.9980699776683176
vn -0.062099272758735655 0 0.9980699776683176
vn -0.062099272758735655 0 0.9980699776683176
vn -0.062099272758735655 1.9574179199914686e-15 0.9980699776683176
vn -0.062099272758735655 1.1632358751059086e-13 0.9980699776683176
vn -0.062099272758735655 0 0.9980699776683176
vn -0.062099272758735655 1.9574179199914686e-15 0.9980699776683176
vn -0.062099272758735655 -3.863936784370045e-15 0.9980699776683176
vn -0.062099272758735655 1.1632358751059086e-13 0.9980699776683176
vn -0.062099272758735655 1.9574179199914686e-15 0.9980699776683176
vn -0.062099272758735655 -1.6534097556990588e-15 0.9980699776683176
vn -0.062099272758735655 -3.863936784370045e-15 0.9980699776683176
vn -0.062099272758735655 1.9574179199914686e-15 0.9980699776683176
vn 1.3111027114180262e-16 -1 2.278849765056885e-16
vn 1.3111027114180262e-16 -1 2.278849765056885e-16
vn -1.5215236287916746e-17 -1 2.4454185294366473e-16
vn 1.917574331185165e-16 -1 5.260309124696476e-16
vn -1.5215236287916746e-17 -1 2.4454185294366473e-16
vn 1.3111027114180262e-16 -1 2.278849765056885e-16
vn -8.356344645877686e-17 -1 7.406745273133751e-17
vn -1.5403220030436567e-16 -1 2.1014360672765118e-16
vn -1.5215236287916746e-17 -1 2.4454185294366473e-16
vn 1.917574331185165e-16 -1 5.260309124696476e-16
vn -8.356344645877686e-17 -1 7.406745273133751e-17
vn -1.5215236287916746e-17 -1 2.4454185294366473e-16
vn -2.2422788994481968e-13 -1 -5.297807548557132e-14
vn 1.3111027114180262e-16 -1 2.278849765056885e-16
vn -2.285265414945538e-14 -1 -1.2471625023945804e-13
vn -0.7057420613594392 -0.7071067691913857 -0.04391081634233222
vn -0.7057420613594392 -0.7071067691913857 -0.04391081634233222
vn -0.7057420613594392 -0.7071067691913857 -0.04391081634233222
vn -2.285265414945538e-14 -1 -1.2471625023945804e-13
vn -2.2422788994481968e-13 -1 -5.297807548557132e-14
vn -2.285265414945538e-14 -1 -1.2471625023945804e-13
vn -0.04391081632205804 -0.7071067692495345 0.7057420613024394
vn -0.04391081632205804 -0.7071067692495345 0.7057420613024394
vn -0.04391081632205804 -0.7071067692495345 0.7057420613024394
vn 4.2012768009364293e-16 -1 4.739967256077503e-16
vn 1.917574331185165e-16 -1 5.260309124696476e-16
vn 1.3111027114180262e-16 -1 2.278849765056885e-16
vn -1.2953475015524022e-16 -1 1.1481465425583037e-16
vn 4.2012768009364293e-16 -1 4.739967256077503e-16
vn 1.3111027114180262e-16 -1 2.278849765056885e-16
vn -2.2422788994481968e-13 -1 -5.297807548557132e-14
vn -1.2953475015524022e-16 -1 1.1481465425583037e-16
vn 1.3111027114180262e-16 -1 2.278849765056885e-16
vn -0.7057420613594392 -0.7071067691913857 -0.04391081634233222
vn -0.7057420613594392 -0.7071067691913857 -0.04391081634233222
vn -0.7057420613594392 -0.7071067691913857 -0.04391081634233222
vn -0.5429458107812604 -0.5000000078916707 0.6746924029981435
vn -0.5429458107812604 -0.5000000078916707 0.6746924029981435
vn -0.5429458107812604 -0.5000000078916707 0.6746924029981435
vn -0.5429458107812604 -0.5000000078916707 0.6746924029981435
vn -0.5429458107812604 -0.5000000078916707 0.6746924029981435
vn -0.5429458107812604 -0.5000000078916707 0.6746924029981435
vn -0.04391081632205804 -0.7071067692495345 0.7057420613024394
vn -0.04391081632205804 -0.7071067692495345 0.7057420613024394
vn -0.04391081632205804 -0.7071067692495345 0.7057420613024394
vn -1.3198871842348822e-15 -1 -8.363601997699981e-17
vn -1.3198871842348822e-15 -1 -8.363601997699981e-17
vn -8.356344645877686e-17 -1 7.406745273133751e-17
vn -0.5412299042193298 -0.5781047945823047 -0.6106267577331397
vn -0.5412299042193298 -0.5781047945823047 -0.6106267577331397
vn -0.5412299042193298 -0.5781047945823047 -0.6106267577331397
vn -0.6139556190864954 -0.5717684687423512 0.5441868391868231
vn -0.6139556190864954 -0.5717684687423512 0.5441868391868231
vn -0.6139556190864954 -0.5717684687423512 0.5441868391868231
vn -1.3198871842348822e-15 -1 -8.363601997699981e-17
vn -8.356344645877686e-17 -1 7.406745273133751e-17
vn -3.031195704934265e-15 -1 -1.6008622006410001e-15
vn -0.6120889929115916 -0.577350276001259 0.5403829415865601
vn -0.6120889929115916 -0.577350276001259 0.5403829415865601
vn -0.6120889929115916 -0.577350276001259 0.5403829415865601
vn 4.945375922160223e-16 -1 3.274017922176326e-16
vn -1.5403220030436567e-16 -1 2.1014360672765118e-16
vn -1.3198871842348822e-15 -1 -8.363601997699981e-17
vn 0.6139556190864954 -0.5717684687423512 -0.5441868391868231
vn 0.6139556190864954 -0.5717684687423512 -0.5441868391868231
vn 0.6139556190864954 -0.5717684687423512 -0.5441868391868231
vn -1.3198871842348822e-15 -1 -8.363601997699981e-17
vn 4.945375922160223e-16 -1 3.274017922176326e-16
vn -1.3198871842348822e-15 -1 -8.363601997699981e-17
vn -0.5374495929239496 -0.583567792286859 -0.6087664304733977
vn -0.5374495929239496 -0.583567792286859 -0.6087664304733977
vn -0.5374495929239496 -0.583567792286859 -0.6087664304733977
vn 0.5412299042193298 -0.5781047945823047 0.6106267577331397
vn 0.5412299042193298 -0.5781047945823047 0.6106267577331397
vn 0.5412299042193298 -0.5781047945823047 0.6106267577331397
vn 0.6120889929115916 -0.577350276001259 -0.5403829415865601
vn 0.6120889929115916 -0.577350276001259 -0.5403829415865601
vn 0.6120889929115916 -0.577350276001259 -0.5403829415865601
vn 0.5374495929239496 -0.583567792286859 0.6087664304733977
vn 0.5374495929239496 -0.583567792286859 0.6087664304733977
vn 0.5374495929239496 -0.583567792286859 0.6087664304733977
vn -0.5412299042193298 -0.5781047945823047 -0.6106267577331397
vn -0.5412299042193298 -0.5781047945823047 -0.6106267577331397
vn -0.5412299042193298 -0.5781047945823047 -0.6106267577331397
vn 6.886209778076991e-17 -1 3.009165277948687e-16
vn 1.917574331185165e-16 -1 5.260309124696476e-16
vn 9.954226375805315e-16 -1 3.5856654309706206e-16
vn -0.6139556190864954 -0.5717684687423512 0.5441868391868231
vn -0.6139556190864954 -0.5717684687423512 0.5441868391868231
vn -0.6139556190864954 -0.5717684687423512 0.5441868391868231
vn -0.6120889929115916 -0.577350276001259 0.5403829415865601
vn -0.6120889929115916 -0.577350276001259 0.5403829415865601
vn -0.6120889929115916 -0.577350276001259 0.5403829415865601
vn 0.6139556190864954 -0.5717684687423512 -0.5441868391868231
vn 0.6139556190864954 -0.5717684687423512 -0.5441868391868231
vn 0.6139556190864954 -0.5717684687423512 -0.5441868391868231
vn -0.5374495929239496 -0.583567792286859 -0.6087664304733977
vn -0.5374495929239496 -0.583567792286859 -0.6087664304733977
vn -0.5374495929239496 -0.583567792286859 -0.6087664304733977
vn -1.3198871842348822e-15 -1 -8.363601997699981e-17
vn 9.954226375805315e-16 -1 3.5856654309706206e-16
vn -1.2953475015524022e-16 -1 1.1481465425583037e-16
vn 0.5412299042193298 -0.5781047945823047 0.6106267577331397
vn 0.5412299042193298 -0.5781047945823047 0.6106267577331397
vn 0.5412299042193298 -0.5781047945823047 0.6106267577331397
vn -2.2422788994481968e-13 -1 -5.297807548557132e-14
vn -1.3198871842348822e-15 -1 -8.363601997699981e-17
vn -1.2953475015524022e-16 -1 1.1481465425583037e-16
vn 0.6120889929115916 -0.577350276001259 -0.5403829415865601
vn 0.6120889929115916 -0.577350276001259 -0.5403829415865601
vn 0.6120889929115916 -0.577350276001259 -0.5403829415865601
vn -1.3198871842348822e-15 -1 -8.363601997699981e-17
vn 6.886209778076991e-17 -1 3.009165277948687e-16
vn 9.954226375805315e-16 -1 3.5856654309706206e-16
vn 0.5374495929239496 -0.583567792286859 0.6087664304733977
vn 0.5374495929239496 -0.583567792286859 0.6087664304733977
vn 0.5374495929239496 -0.583567792286859 0.6087664304733977
vn -0.5412299042193298 -0.5781047945823047 -0.6106267577331397
vn -0.5412299042193298 -0.5781047945823047 -0.6106267577331397
vn -0.5412299042193298 -0.5781047945823047 -0.6106267577331397
vn -0.6139556190864954 -0.5717684687423512 0.5441868391868231
vn -0.6139556190864954 -0.5717684687423512 0.5441868391868231
vn -0.6139556190864954 -0.5717684687423512 0.5441868391868231
vn -0.6120889929115916 -0.577350276001259 0.5403829415865601
vn -0.6120889929115916 -0.577350276001259 0.5403829415865601
vn -0.6120889929115916 -0.577350276001259 0.5403829415865601
vn 0.6139556190864954 -0.5717684687423512 -0.5441868391868231
vn 0.6139556190864954 -0.5717684687423512 -0.5441868391868231
vn 0.6139556190864954 -0.5717684687423512 -0.5441868391868231
vn -0.5374495929239496 -0.583567792286859 -0.6087664304733977
vn -0.5374495929239496 -0.583567792286859 -0.6087664304733977
vn -0.5374495929239496 -0.583567792286859 -0.6087664304733977
vn 0.5412299042193298 -0.5781047945823047 0.6106267577331397
vn 0.5412299042193298 -0.5781047945823047 0.6106267577331397
vn 0.5412299042193298 -0.5781047945823047 0.6106267577331397
vn 0.6120889929115916 -0.577350276001259 -0.5403829415865601
vn 0.6120889929115916 -0.577350276001259 -0.5403829415865601
vn 0.6120889929115916 -0.577350276001259 -0.5403829415865601
vn 0.5374495929239496 -0.583567792286859 0.6087664304733977
vn 0.5374495929239496 -0.583567792286859 0.6087664304733977
vn 0.5374495929239496 -0.583567792286859 0.6087664304733977
vn -0.5412299042193298 -0.5781047945823047 -0.6106267577331397
vn -0.5412299042193298 -0.5781047945823047 -0.6106267577331397
vn -0.5412299042193298 -0.5781047945823047 -0.6106267577331397
vn -0.6139556190864954 -0.5717684687423512 0.5441868391868231
vn -0.6139556190864954 -0.5717684687423512 0.5441868391868231
vn -0.6139556190864954 -0.5717684687423512 0.5441868391868231
vn -0.6120889929115916 -0.577350276001259 0.5403829415865601
vn -0.6120889929115916 -0.577350276001259 0.5403829415865601
vn -0.6120889929115916 -0.577350276001259 0.5403829415865601
vn 0.6139556190864954 -0.5717684687423512 -0.5441868391868231
vn 0.6139556190864954 -0.5717684687423512 -0.5441868391868231
vn 0.6139556190864954 -0.5717684687423512 -0.5441868391868231
vn -0.5374495929239496 -0.583567792286859 -0.6087664304733977
vn -0.5374495929239496 -0.583567792286859 -0.6087664304733977
vn -0.5374495929239496 -0.583567792286859 -0.6087664304733977
vn 0.5412299042193298 -0.5781047945823047 0.6106267577331397
vn 0.5412299042193298 -0.5781047945823047 0.6106267577331397
vn 0.5412299042193298 -0.5781047945823047 0.6106267577331397
vn 0.6120889929115916 -0.577350276001259 -0.5403829415865601
vn 0.6120889929115916 -0.577350276001259 -0.5403829415865601
vn 0.6120889929115916 -0.577350276001259 -0.5403829415865601
vn 0.5374495929239496 -0.583567792286859 0.6087664304733977
vn 0.5374495929239496 -0.583567792286859 0.6087664304733977
vn 0.5374495929239496 -0.583567792286859 0.6087664304733977
vn -0.9980699776683176 4.0589788742319797e-16 -0.062099272758735655
vn -0.9980699776683176 4.0589788742319797e-16 -0.062099272758735655
vn -0.9980699776683176 4.0589788742319797e-16 -0.062099272758735655
vn -0.9980699776683176 5.511888217536241e-14 -0.062099272758735655
vn -0.9980699776683176 5.511888217536241e-14 -0.062099272758735655
vn -0.9980699776683176 4.0589788742319797e-16 -0.062099272758735655
vn -0.9980699776683176 5.511888217536241e-14 -0.062099272758735655
vn -0.9980699776683176 4.0589788742319797e-16 -0.062099272758735655
vn -0.9980699776683176 4.0589788742319797e-16 -0.062099272758735655
vn -0.9980699776683176 -2.1555307159718006e-16 -0.062099272758735655
vn -0.9980699776683176 4.0589788742319797e-16 -0.062099272758735655
vn -0.9980699776683176 -2.1555307159718006e-16 -0.062099272758735655
vn -0.7496528510491113 -9.853130724820568e-16 0.6618312495749495
vn -0.7496528510491113 -9.853130724820568e-16 0.6618312495749495
vn -0.7496528510491113 -9.853130724820568e-16 0.6618312495749495
vn -0.9980699776683176 -3.236337848607688e-16 -0.062099272758735655
vn -0.9980699776683176 4.0589788742319797e-16 -0.062099272758735655
vn -0.9980699776683176 4.0589788742319797e-16 -0.062099272758735655
vn -0.9980699776683176 -1.9225390098840687e-15 -0.062099272758735655
vn -0.9980699776683176 -3.236337848607688e-16 -0.062099272758735655
vn -0.9980699776683176 4.0589788742319797e-16 -0.062099272758735655
vn -0.9980699776683176 0 -0.062099272758735655
vn -0.9980699776683176 4.0589788742319797e-16 -0.062099272758735655
vn -0.9980699776683176 -2.1555307159718006e-16 -0.062099272758735655
vn -0.9980699776683176 0 -0.062099272758735655
vn -0.9980699776683176 -1.9225390098840687e-15 -0.062099272758735655
vn -0.9980699776683176 4.0589788742319797e-16 -0.062099272758735655
vn -0.7496528510491113 0 0.6618312495749495
vn -0.7496528510491113 -9.853130724820568e-16 0.6618312495749495
vn -0.7496528510491113 -9.853130724820568e-16 0.6618312495749495
vn -0.9980699776683176 1.4782063564794646e-13 -0.062099272758735655
vn -0.9980699776683176 -2.1555307159718006e-16 -0.062099272758735655
vn -0.9980699776683176 5.511888217536241e-14 -0.062099272758735655
vn -0.9980699776683176 -2.7577616971690435e-17 -0.062099272758735655
vn -0.9980699776683176 5.511888217536241e-14 -0.062099272758735655
vn -0.9980699776683176 5.511888217536241e-14 -0.062099272758735655
vn -0.9980699776683176 5.310830722173306e-14 -0.062099272758735655
vn -0.9980699776683176 1.4782063564794646e-13 -0.062099272758735655
vn -0.9980699776683176 5.511888217536241e-14 -0.062099272758735655
vn -0.9980699776683176 8.625257961448707e-13 -0.062099272758735655
vn -0.9980699776683176 5.310830722173306e-14 -0.062099272758735655
vn -0.9980699776683176 5.511888217536241e-14 -0.062099272758735655
vn -0.9980699776683176 -2.7577616971690435e-17 -0.062099272758735655
vn -0.9980699776683176 8.625257961448707e-13 -0.062099272758735655
vn -0.9980699776683176 5.511888217536241e-14 -0.062099272758735655
vn -0.9980699776683176 1.4782063564794646e-13 -0.062099272758735655
vn -0.9980699776683176 -2.1555307159718006e-16 -0.062099272758735655
vn -0.9980699776683176 -2.1555307159718006e-16 -0.062099272758735655
vn -0.5429458107812604 0.5000000078916707 0.6746924029981435
vn -0.5429458107812604 0.5000000078916707 0.6746924029981435
vn -0.5429458107812604 0.5000000078916707 0.6746924029981435
vn -0.5412299042193298 0.5781047945823047 -0.6106267577331397
vn -0.5412299042193298 0.5781047945823047 -0.6106267577331397
vn -0.5412299042193298 0.5781047945823047 -0.6106267577331397
vn -0.6067609187671806 0.5789771076897731 0.5446344611094599
vn -0.6067609187671806 0.5789771076897731 0.5446344611094599
vn -0.6067609187671806 0.5789771076897731 0.5446344611094599
vn -0.6120889929115916 0.577350276001259 0.5403829415865601
vn -0.6120889929115916 0.577350276001259 0.5403829415865601
vn -0.6120889929115916 0.577350276001259 0.5403829415865601
vn -0.9980699776683176 0 -0.062099272758735655
vn -0.9980699776683176 0 -0.062099272758735655
vn -0.9980699776683176 -3.236337848607688e-16 -0.062099272758735655
vn -0.5345688993239134 -0.5789771009547277 -0.6156473084856935
vn -0.5345688993239134 -0.5789771009547277 -0.6156473084856935
vn -0.5345688993239134 -0.5789771009547277 -0.6156473084856935
vn -0.9980699776683176 -8.798177996007693e-17 -0.062099272758735655
vn -0.9980699776683176 -3.236337848607688e-16 -0.062099272758735655
vn -0.9980699776683176 -1.9225390098840687e-15 -0.062099272758735655
vn -0.9980699776683176 0 -0.062099272758735655
vn -0.9980699776683176 -3.236337848607688e-16 -0.062099272758735655
vn -0.9980699776683176 -8.798177996007693e-17 -0.062099272758735655
vn -0.9980699776683176 0 -0.062099272758735655
vn -0.9980699776683176 0 -0.062099272758735655
vn -0.9980699776683176 -3.236337848607688e-16 -0.062099272758735655
vn -0.5467830863508909 0.5742162431531456 -0.6093471609679343
vn -0.5467830863508909 0.5742162431531456 -0.6093471609679343
vn -0.5467830863508909 0.5742162431531456 -0.6093471609679343
vn -0.9980699776683176 -2.7577616971690435e-17 -0.062099272758735655
vn -0.9980699776683176 5.511888217536241e-14 -0.062099272758735655
vn -0.9980699776683176 0 -0.062099272758735655
vn -0.6127482086273882 -0.5781047968233665 0.5388269450516937
vn -0.6127482086273882 -0.5781047968233665 0.5388269450516937
vn -0.6127482086273882 -0.5781047968233665 0.5388269450516937
vn -0.9980699776683176 -2.7577616971690435e-17 -0.062099272758735655
vn -0.9980699776683176 0 -0.062099272758735655
vn -0.9980699776683176 0 -0.062099272758735655
vn -0.5403829415865601 -0.577350276001259 -0.6120889929115916
vn -0.5403829415865601 -0.577350276001259 -0.6120889929115916
vn -0.5403829415865601 -0.577350276001259 -0.6120889929115916
vn -0.6180999271017111 -0.5742162458612433 0.5368688695630243
vn -0.6180999271017111 -0.5742162458612433 0.5368688695630243
vn -0.6180999271017111 -0.5742162458612433 0.5368688695630243
vn -0.9980699776683176 0 -0.062099272758735655
vn -0.9980699776683176 -2.1555307159718006e-16 -0.062099272758735655
vn -0.9980699776683176 0 -0.062099272758735655
vn -0.5412299042193298 0.5781047945823047 -0.6106267577331397
vn -0.5412299042193298 0.5781047945823047 -0.6106267577331397
vn -0.5412299042193298 0.5781047945823047 -0.6106267577331397
vn -0.9980699776683176 0 -0.062099272758735655
vn -0.9980699776683176 0 -0.062099272758735655
vn -0.9980699776683176 5.310830722173306e-14 -0.062099272758735655
vn -0.6067609187671806 0.5789771076897731 0.5446344611094599
vn -0.6067609187671806 0.5789771076897731 0.5446344611094599
vn -0.6067609187671806 0.5789771076897731 0.5446344611094599
vn -0.9980699776683176 0 -0.062099272758735655
vn -0.9980699776683176 0 -0.062099272758735655
vn -0.9980699776683176 0 -0.062099272758735655
vn -0.6120889929115916 0.577350276001259 0.5403829415865601
vn -0.6120889929115916 0.577350276001259 0.5403829415865601
vn -0.6120889929115916 0.577350276001259 0.5403829415865601
vn -0.5345688993239134 -0.5789771009547277 -0.6156473084856935
vn -0.5345688993239134 -0.5789771009547277 -0.6156473084856935
vn -0.5345688993239134 -0.5789771009547277 -0.6156473084856935
vn -0.5467830863508909 0.5742162431531456 -0.6093471609679343
vn -0.5467830863508909 0.5742162431531456 -0.6093471609679343
vn -0.5467830863508909 0.5742162431531456 -0.6093471609679343
vn -0.6127482086273882 -0.5781047968233665 0.5388269450516937
vn -0.6127482086273882 -0.5781047968233665 0.5388269450516937
vn -0.6127482086273882 -0.5781047968233665 0.5388269450516937
vn -0.5403829415865601 -0.577350276001259 -0.6120889929115916
vn -0.5403829415865601 -0.577350276001259 -0.6120889929115916
vn -0.5403829415865601 -0.577350276001259 -0.6120889929115916
vn -0.9980699776683176 -8.798177996007693e-17 -0.062099272758735655
vn -0.9980699776683176 0 -0.062099272758735655
vn -0.9980699776683176 5.310830722173306e-14 -0.062099272758735655
vn -0.9980699776683176 0 -0.062099272758735655
vn -0.9980699776683176 -8.798177996007693e-17 -0.062099272758735655
vn -0.9980699776683176 5.310830722173306e-14 -0.062099272758735655
vn -0.9980699776683176 8.625257961448707e-13 -0.062099272758735655
vn -0.9980699776683176 0 -0.062099272758735655
vn -0.9980699776683176 5.310830722173306e-14 -0.062099272758735655
vn -0.6180999271017111 -0.5742162458612433 0.5368688695630243
vn -0.6180999271017111 -0.5742162458612433 0.5368688695630243
vn -0.6180999271017111 -0.5742162458612433 0.5368688695630243
vn -0.5412299042193298 0.5781047945823047 -0.6106267577331397
vn -0.5412299042193298 0.5781047945823047 -0.6106267577331397
vn -0.5412299042193298 0.5781047945823047 -0.6106267577331397
vn -0.6067609187671806 0.5789771076897731 0.5446344611094599
vn -0.6067609187671806 0.5789771076897731 0.5446344611094599
vn -0.6067609187671806 0.5789771076897731 0.5446344611094599
vn -0.6120889929115916 0.577350276001259 0.5403829415865601
vn -0.6120889929115916 0.577350276001259 0.5403829415865601
vn -0.6120889929115916 0.577350276001259 0.5403829415865601
vn -0.5345688993239134 -0.5789771009547277 -0.6156473084856935
vn -0.5345688993239134 -0.5789771009547277 -0.6156473084856935
vn -0.5345688993239134 -0.5789771009547277 -0.6156473084856935
vn -0.5467830863508909 0.5742162431531456 -0.6093471609679343
vn -0.5467830863508909 0.5742162431531456 -0.6093471609679343
vn -0.5467830863508909 0.5742162431531456 -0.6093471609679343
vn -0.6127482086273882 -0.5781047968233665 0.5388269450516937
vn -0.6127482086273882 -0.5781047968233665 0.5388269450516937
vn -0.6127482086273882 -0.5781047968233665 0.5388269450516937
vn -0.5403829415865601 -0.577350276001259 -0.6120889929115916
vn -0.5403829415865601 -0.577350276001259 -0.6120889929115916
vn -0.5403829415865601 -0.577350276001259 -0.6120889929115916
vn -0.6180999271017111 -0.5742162458612433 0.5368688695630243
vn -0.6180999271017111 -0.5742162458612433 0.5368688695630243
vn -0.6180999271017111 -0.5742162458612433 0.5368688695630243
vn -0.5412299042193298 0.5781047945823047 -0.6106267577331397
vn -0.5412299042193298 0.5781047945823047 -0.6106267577331397
vn -0.5412299042193298 0.5781047945823047 -0.6106267577331397
vn -0.6067609187671806 0.5789771076897731 0.5446344611094599
vn -0.6067609187671806 0.5789771076897731 0.5446344611094599
vn -0.6067609187671806 0.5789771076897731 0.5446344611094599
vn -0.6120889929115916 0.577350276001259 0.5403829415865601
vn -0.6120889929115916 0.577350276001259 0.5403829415865601
vn -0.6120889929115916 0.577350276001259 0.5403829415865601
vn -0.5345688993239134 -0.5789771009547277 -0.6156473084856935
vn -0.5345688993239134 -0.5789771009547277 -0.6156473084856935
vn -0.5345688993239134 -0.5789771009547277 -0.6156473084856935
vn -0.5467830863508909 0.5742162431531456 -0.6093471609679343
vn -0.5467830863508909 0.5742162431531456 -0.6093471609679343
vn -0.5467830863508909 0.5742162431531456 -0.6093471609679343
vn -0.6127482086273882 -0.5781047968233665 0.5388269450516937
vn -0.6127482086273882 -0.5781047968233665 0.5388269450516937
vn -0.6127482086273882 -0.5781047968233665 0.5388269450516937
vn -0.5403829415865601 -0.577350276001259 -0.6120889929115916
vn -0.5403829415865601 -0.577350276001259 -0.6120889929115916
vn -0.5403829415865601 -0.577350276001259 -0.6120889929115916
vn -0.6180999271017111 -0.5742162458612433 0.5368688695630243
vn -0.6180999271017111 -0.5742162458612433 0.5368688695630243
vn -0.6180999271017111 -0.5742162458612433 0.5368688695630243
vn -0.062099272758735655 -7.007749891175672e-15 0.9980699776683176
vn -0.062099272758735655 -7.007749891175672e-15 0.9980699776683176
vn -0.062099272758735655 -7.007749891175672e-15 0.9980699776683176
vn -0.062099272758735655 0 0.9980699776683176
vn -0.062099272758735655 -7.007749891175672e-15 0.9980699776683176
vn -0.062099272758735655 0 0.9980699776683176
vn -0.062099272758735655 0 0.9980699776683176
vn -0.062099272758735655 -7.007749891175672e-15 0.9980699776683176
vn -0.062099272758735655 -7.007749891175672e-15 0.9980699776683176
vn -0.062099272758735655 -7.007749891175672e-15 0.9980699776683176
vn -0.062099272758735655 0 0.9980699776683176
vn -0.062099272758735655 -7.007749891175672e-15 0.9980699776683176
vn -0.062099272758735655 -9.216392695100675e-16 0.9980699776683176
vn -0.062099272758735655 0 0.9980699776683176
vn -0.062099272758735655 0 0.9980699776683176
vn -0.062099272758735655 -7.007749891175672e-15 0.9980699776683176
vn -0.062099272758735655 -9.216392695100675e-16 0.9980699776683176
vn -0.062099272758735655 0 0.9980699776683176
vn -0.062099272758735655 0 0.9980699776683176
vn -0.062099272758735655 1.9574179199914686e-15 0.9980699776683176
vn -0.062099272758735655 -9.612320237350172e-16 0.9980699776683176
vn -0.062099272758735655 1.5139404056189173e-14 0.9980699776683176
vn -0.062099272758735655 0 0.9980699776683176
vn -0.062099272758735655 -9.612320237350172e-16 0.9980699776683176
vn -0.062099272758735655 0 0.9980699776683176
vn -0.062099272758735655 -1.6534097556990588e-15 0.9980699776683176
vn -0.062099272758735655 1.9574179199914686e-15 0.9980699776683176
vn -0.062099272758735655 5.601135460718703e-16 0.9980699776683176
vn -0.062099272758735655 0 0.9980699776683176
vn -0.062099272758735655 0 0.9980699776683176
vn -0.062099272758735655 5.601135460718703e-16 0.9980699776683176
vn -0.062099272758735655 0 0.9980699776683176
vn -0.062099272758735655 1.1632358751059086e-13 0.9980699776683176
vn -0.062099272758735655 5.601135460718703e-16 0.9980699776683176
vn -0.062099272758735655 -4.019982695885387e-15 0.9980699776683176
vn -0.062099272758735655 0 0.9980699776683176
vn -0.062099272758735655 1.5139404056189173e-14 0.9980699776683176
vn -0.062099272758735655 0 0.9980699776683176
vn -0.062099272758735655 -4.019982695885387e-15 0.9980699776683176
vn -0.062099272758735655 -2.663119697304419e-16 0.9980699776683176
vn -0.062099272758735655 0 0.9980699776683176
vn -0.062099272758735655 1.5139404056189173e-14 0.9980699776683176
vn -0.062099272758735655 -2.663119697304419e-16 0.9980699776683176
vn -0.062099272758735655 0 0.9980699776683176
vn -0.062099272758735655 0 0.9980699776683176
vn -0.7047207454100621 0.7081285814181312 -0.04384727092341635
vn -0.7047207454100621 0.7081285814181312 -0.04384727092341635
vn -0.7047207454100621 0.7081285814181312 -0.04384727092341635
vn 0.32343813898551316 0.8388575943054831 0.4378421025045505
vn 0.32343813898551316 0.8388575943054831 0.4378421025045505
vn 0.32343813898551316 0.8388575943054831 0.4378421025045505
vn 0.7047207454100621 0.7081285814181312 0.04384727092341635
vn 0.7047207454100621 0.7081285814181312 0.04384727092341635
vn 0.7047207454100621 0.7081285814181312 0.04384727092341635
vn -0.9235484655928737 -0.37885530102321996 -0.05938764675969038
vn -0.9235484655928737 -0.37885530102321996 -0.05938764675969038
vn -0.9235484655928737 -0.37885530102321996 -0.05938764675969038
vn -0.32343813898551316 0.8388575943054831 -0.4378421025045505
vn -0.32343813898551316 0.8388575943054831 -0.4378421025045505
vn -0.32343813898551316 0.8388575943054831 -0.4378421025045505
vn -0.9237871009366229 0.3788552814391466 -0.05555238850647971
vn -0.9237871009366229 0.3788552814391466 -0.05555238850647971
vn -0.9237871009366229 0.3788552814391466 -0.05555238850647971
vn -0.3752179758607596 -0.8388575948965004 0.39437216696340677
vn -0.3752179758607596 -0.8388575948965004 0.39437216696340677
vn -0.3752179758607596 -0.8388575948965004 0.39437216696340677
vn -0.062099272758735655 1.5139404056189173e-14 0.9980699776683176
vn -0.062099272758735655 -4.019982695885387e-15 0.9980699776683176
vn -0.062099272758735655 0 0.9980699776683176
vn 0.7047207454100621 -0.7081285814181312 0.04384727092341635
vn 0.7047207454100621 -0.7081285814181312 0.04384727092341635
vn 0.7047207454100621 -0.7081285814181312 0.04384727092341635
vn -0.7047207454100621 -0.7081285814181312 -0.04384727092341635
vn -0.7047207454100621 -0.7081285814181312 -0.04384727092341635
vn -0.7047207454100621 -0.7081285814181312 -0.04384727092341635
vn 0.9237871009366229 0.3788552814391466 0.05555238850647971
vn 0.9237871009366229 0.3788552814391466 0.05555238850647971
vn 0.9237871009366229 0.3788552814391466 0.05555238850647971
vn 0.3752179758607596 -0.8388575948965004 -0.39437216696340677
vn 0.3752179758607596 -0.8388575948965004 -0.39437216696340677
vn 0.3752179758607596 -0.8388575948965004 -0.39437216696340677
vn 0.9235484655928737 -0.37885530102321996 0.05938764675969038
vn 0.9235484655928737 -0.37885530102321996 0.05938764675969038
vn 0.9235484655928737 -0.37885530102321996 0.05938764675969038
vn -0.7047207454100621 0.7081285814181312 -0.04384727092341635
vn -0.7047207454100621 0.7081285814181312 -0.04384727092341635
vn -0.7047207454100621 0.7081285814181312 -0.04384727092341635
vn 0.32343813898551316 0.8388575943054831 0.4378421025045505
vn 0.32343813898551316 0.8388575943054831 0.4378421025045505
vn 0.32343813898551316 0.8388575943054831 0.4378421025045505
vn 0.7047207454100621 0.7081285814181312 0.04384727092341635
vn 0.7047207454100621 0.7081285814181312 0.04384727092341635
vn 0.7047207454100621 0.7081285814181312 0.04384727092341635
vn -0.9235484655928737 -0.37885530102321996 -0.05938764675969038
vn -0.9235484655928737 -0.37885530102321996 -0.05938764675969038
vn -0.9235484655928737 -0.37885530102321996 -0.05938764675969038
vn -0.32343813898551316 0.8388575943054831 -0.4378421025045505
vn -0.32343813898551316 0.8388575943054831 -0.4378421025045505
vn -0.32343813898551316 0.8388575943054831 -0.4378421025045505
vn -0.9237871009366229 0.3788552814391466 -0.05555238850647971
vn -0.9237871009366229 0.3788552814391466 -0.05555238850647971
vn -0.9237871009366229 0.3788552814391466 -0.05555238850647971
vn -0.3752179758607596 -0.8388575948965004 0.39437216696340677
vn -0.3752179758607596 -0.8388575948965004 0.39437216696340677
vn -0.3752179758607596 -0.8388575948965004 0.39437216696340677
vn 0.7047207454100621 -0.7081285814181312 0.04384727092341635
vn 0.7047207454100621 -0.7081285814181312 0.04384727092341635
vn 0.7047207454100621 -0.7081285814181312 0.04384727092341635
vn -0.7047207454100621 -0.7081285814181312 -0.04384727092341635
vn -0.7047207454100621 -0.7081285814181312 -0.04384727092341635
vn -0.7047207454100621 -0.7081285814181312 -0.04384727092341635
vn 0.9237871009366229 0.3788552814391466 0.05555238850647971
vn 0.9237871009366229 0.3788552814391466 0.05555238850647971
vn 0.9237871009366229 0.3788552814391466 0.05555238850647971
vn 0.3752179758607596 -0.8388575948965004 -0.39437216696340677
vn 0.3752179758607596 -0.8388575948965004 -0.39437216696340677
vn 0.3752179758607596 -0.8388575948965004 -0.39437216696340677
vn 0.9235484655928737 -0.37885530102321996 0.05938764675969038
vn 0.9235484655928737 -0.37885530102321996 0.05938764675969038
vn 0.9235484655928737 -0.37885530102321996 0.05938764675969038
vn -0.062099272758735655 0 0.9980699776683176
vn -0.062099272758735655 0 0.9980699776683176
vn -0.062099272758735655 0 0.9980699776683176
vn -0.062099272758735655 -7.121896048410422e-15 0.9980699776683176
vn -0.062099272758735655 -7.121896048410422e-15 0.9980699776683176
vn -0.062099272758735655 0 0.9980699776683176
vn -0.062099272758735655 -7.121896048410422e-15 0.9980699776683176
vn -0.062099272758735655 0 0.9980699776683176
vn -0.062099272758735655 0 0.9980699776683176
vn -0.062099272758735655 1.943677987125305e-16 0.9980699776683176
vn -0.062099272758735655 0 0.9980699776683176
vn -0.062099272758735655 1.943677987125305e-16 0.9980699776683176
vn -0.062099272758735655 1.943677987125305e-16 0.9980699776683176
vn -0.062099272758735655 0 0.9980699776683176
vn -0.062099272758735655 0 0.9980699776683176
vn -0.062099272758735655 1.943677987125305e-16 0.9980699776683176
vn -0.062099272758735655 1.943677987125305e-16 0.9980699776683176
vn -0.062099272758735655 -6.986340286914278e-16 0.9980699776683176
vn -0.062099272758735655 0 0.9980699776683176
vn -0.062099272758735655 -6.986340286914278e-16 0.9980699776683176
vn -0.062099272758735655 0 0.9980699776683176
vn -0.062099272758735655 0 0.9980699776683176
vn -0.062099272758735655 1.943677987125305e-16 0.9980699776683176
vn -0.062099272758735655 -6.986340286914278e-16 0.9980699776683176
vn -0.062099272758735655 -7.121896048410422e-15 0.9980699776683176
vn -0.062099272758735655 0 0.9980699776683176
vn -0.062099272758735655 -7.121896048410422e-15 0.9980699776683176
vn -0.062099272758735655 -7.121896048410422e-15 0.9980699776683176
vn -0.062099272758735655 0 0.9980699776683176
vn -0.062099272758735655 0 0.9980699776683176
vn -0.7043701938419422 0.7084786227574038 -0.04382546203792023
vn -0.7043701938419422 0.7084786227574038 -0.04382546203792023
vn -0.7043701938419422 0.7084786227574038 -0.04382546203792023
vn 0.7072787669876145 0.7056370167009038 0.042815259311700715
vn 0.7072787669876145 0.7056370167009038 0.042815259311700715
vn 0.7072787669876145 0.7056370167009038 0.042815259311700715
vn 0.7043701938419422 0.7084786227574038 0.04382546203792023
vn 0.7043701938419422 0.7084786227574038 0.04382546203792023
vn 0.7043701938419422 0.7084786227574038 0.04382546203792023
vn -0.7071310888616689 -0.7056370388334435 -0.045188412139397255
vn -0.7071310888616689 -0.7056370388334435 -0.045188412139397255
vn -0.7071310888616689 -0.7056370388334435 -0.045188412139397255
vn -0.7072787669876145 0.7056370167009038 -0.042815259311700715
vn -0.7072787669876145 0.7056370167009038 -0.042815259311700715
vn -0.7072787669876145 0.7056370167009038 -0.042815259311700715
vn 0.7043701938419422 -0.7084786227574038 0.04382546203792023
vn 0.7043701938419422 -0.7084786227574038 0.04382546203792023
vn 0.7043701938419422 -0.7084786227574038 0.04382546203792023
vn -0.7043701938419422 -0.7084786227574038 -0.04382546203792023
vn -0.7043701938419422 -0.7084786227574038 -0.04382546203792023
vn -0.7043701938419422 -0.7084786227574038 -0.04382546203792023
vn 0.7071310888616689 -0.7056370388334435 0.045188412139397255
vn 0.7071310888616689 -0.7056370388334435 0.045188412139397255
vn 0.7071310888616689 -0.7056370388334435 0.045188412139397255
vn 0.062099272758735655 -7.681006389859445e-14 -0.9980699776683176
vn 0.062099272758735655 -7.681006389859445e-14 -0.9980699776683176
vn 0.062099272758735655 -7.681006389859445e-14 -0.9980699776683176
vn 0.062099272758735655 -7.329886169467208e-14 -0.9980699776683176
vn 0.062099272758735655 -7.329886169467208e-14 -0.9980699776683176
vn 0.062099272758735655 -7.681006389859445e-14 -0.9980699776683176
vn 0.062099272758735655 -7.681006389859445e-14 -0.9980699776683176
vn 0.062099272758735655 0 -0.9980699776683176
vn 0.062099272758735655 -7.681006389859445e-14 -0.9980699776683176
vn 0.062099272758735655 -7.329886169467208e-14 -0.9980699776683176
vn 0.062099272758735655 -7.681006389859445e-14 -0.9980699776683176
vn 0.062099272758735655 0 -0.9980699776683176
vn 0.062099272758735655 -7.681006389859445e-14 -0.9980699776683176
vn 0.062099272758735655 -7.681006389859445e-14 -0.9980699776683176
vn 0.062099272758735655 1.1169108989424566e-13 -0.9980699776683176
vn 0.062099272758735655 -7.329886169467208e-14 -0.9980699776683176
vn 0.062099272758735655 1.1169108989424566e-13 -0.9980699776683176
vn 0.062099272758735655 -7.329886169467208e-14 -0.9980699776683176
vn 0.062099272758735655 0 -0.9980699776683176
vn 0.062099272758735655 -7.681006389859445e-14 -0.9980699776683176
vn 0.062099272758735655 1.1169108989424566e-13 -0.9980699776683176
vn 0.062099272758735655 -7.329886169467208e-14 -0.9980699776683176
vn 0.062099272758735655 0 -0.9980699776683176
vn 0.062099272758735655 1.1169108989424566e-13 -0.9980699776683176
vn -0.6106267577331397 0.5781047945823047 0.5412299042193298
vn -0.6106267577331397 0.5781047945823047 0.5412299042193298
vn -0.6106267577331397 0.5781047945823047 0.5412299042193298
vn 0.5446344611094599 0.5789771076897731 0.6067609187671806
vn 0.5446344611094599 0.5789771076897731 0.6067609187671806
vn 0.5446344611094599 0.5789771076897731 0.6067609187671806
vn 0.5403829415865601 0.577350276001259 0.6120889929115916
vn 0.5403829415865601 0.577350276001259 0.6120889929115916
vn 0.5403829415865601 0.577350276001259 0.6120889929115916
vn -0.6156473084856935 -0.5789771009547277 0.5345688993239134
vn -0.6156473084856935 -0.5789771009547277 0.5345688993239134
vn -0.6156473084856935 -0.5789771009547277 0.5345688993239134
vn -0.6093471609679343 0.5742162431531456 0.5467830863508909
vn -0.6093471609679343 0.5742162431531456 0.5467830863508909
vn -0.6093471609679343 0.5742162431531456 0.5467830863508909
vn 0.5388269450516937 -0.5781047968233665 0.6127482086273882
vn 0.5388269450516937 -0.5781047968233665 0.6127482086273882
vn 0.5388269450516937 -0.5781047968233665 0.6127482086273882
vn -0.6120889929115916 -0.577350276001259 0.5403829415865601
vn -0.6120889929115916 -0.577350276001259 0.5403829415865601
vn -0.6120889929115916 -0.577350276001259 0.5403829415865601
vn 0.5368688695630243 -0.5742162458612433 0.6180999271017111
vn 0.5368688695630243 -0.5742162458612433 0.6180999271017111
vn 0.5368688695630243 -0.5742162458612433 0.6180999271017111
vn -0.7057420613594392 0.7071067691913857 -0.04391081634233222
vn -0.7057420613594392 0.7071067691913857 -0.04391081634233222
vn -0.7057420613594392 0.7071067691913857 -0.04391081634233222
vn 0.7057420613594392 0.7071067691913857 0.04391081634233222
vn 0.7057420613594392 0.7071067691913857 0.04391081634233222
vn 0.7057420613594392 0.7071067691913857 0.04391081634233222
vn 0.7057420613594392 0.7071067691913857 0.04391081634233222
vn 0.7057420613594392 0.7071067691913857 0.04391081634233222
vn 0.7057420613594392 0.7071067691913857 0.04391081634233222
vn -0.7057420613594392 -0.7071067691913857 -0.04391081634233222
vn -0.7057420613594392 -0.7071067691913857 -0.04391081634233222
vn -0.7057420613594392 -0.7071067691913857 -0.04391081634233222
vn -0.7057420613594392 0.7071067691913857 -0.04391081634233222
vn -0.7057420613594392 0.7071067691913857 -0.04391081634233222
vn -0.7057420613594392 0.7071067691913857 -0.04391081634233222
vn 0.7057420613594392 -0.7071067691913857 0.04391081634233222
vn 0.7057420613594392 -0.7071067691913857 0.04391081634233222
vn 0.7057420613594392 -0.7071067691913857 0.04391081634233222
vn -0.7057420613594392 -0.7071067691913857 -0.04391081634233222
vn -0.7057420613594392 -0.7071067691913857 -0.04391081634233222
vn -0.7057420613594392 -0.7071067691913857 -0.04391081634233222
vn 0.7057420613594392 -0.7071067691913857 0.04391081634233222
vn 0.7057420613594392 -0.7071067691913857 0.04391081634233222
vn 0.7057420613594392 -0.7071067691913857 0.04391081634233222
vn 0.4096713385558829 -0.45787689329342157 0.7889981907164273
vn 0.4096713385558829 -0.45787689329342157 0.7889981907164273
vn 0.4096713385558829 -0.45787689329342157 0.7889981907164273
vn -0.5043150200281004 -0.45787689214544025 0.7321305294913534
vn -0.5043150200281004 -0.45787689214544025 0.7321305294913534
vn -0.5043150200281004 -0.45787689214544025 0.7321305294913534
vn 0.4096713385558829 0.45787689329342157 0.7889981907164273
vn 0.4096713385558829 0.45787689329342157 0.7889981907164273
vn 0.4096713385558829 0.45787689329342157 0.7889981907164273
vn -0.5043150200281004 0.45787689214544025 0.7321305294913534
vn -0.5043150200281004 0.45787689214544025 0.7321305294913534
vn -0.5043150200281004 0.45787689214544025 0.7321305294913534
vn -0.062099272758735655 0 0.9980699776683176
vn -0.062099272758735655 0 0.9980699776683176
vn -0.062099272758735655 0 0.9980699776683176
vn -0.062099272758735655 -1.929064154506548e-16 0.9980699776683176
vn -0.062099272758735655 -1.929064154506548e-16 0.9980699776683176
vn -0.062099272758735655 0 0.9980699776683176
vn -0.062099272758735655 -1.929064154506548e-16 0.9980699776683176
vn -0.062099272758735655 0 0.9980699776683176
vn -0.062099272758735655 0 0.9980699776683176
vn -0.062099272758735655 1.1101391417420892e-15 0.9980699776683176
vn -0.062099272758735655 0 0.9980699776683176
vn -0.062099272758735655 1.1101391417420892e-15 0.9980699776683176
vn -0.062099272758735655 1.1101391417420892e-15 0.9980699776683176
vn -0.062099272758735655 0 0.9980699776683176
vn -0.062099272758735655 0 0.9980699776683176
vn -0.062099272758735655 1.1101391417420892e-15 0.9980699776683176
vn -0.062099272758735655 1.1101391417420892e-15 0.9980699776683176
vn -0.062099272758735655 5.1615501473487446e-15 0.9980699776683176
vn -0.062099272758735655 0 0.9980699776683176
vn -0.062099272758735655 5.1615501473487446e-15 0.9980699776683176
vn -0.062099272758735655 0 0.9980699776683176
vn -0.062099272758735655 0 0.9980699776683176
vn -0.062099272758735655 1.1101391417420892e-15 0.9980699776683176
vn -0.062099272758735655 5.1615501473487446e-15 0.9980699776683176
vn -0.062099272758735655 -1.929064154506548e-16 0.9980699776683176
vn -0.062099272758735655 0 0.9980699776683176
vn -0.062099272758735655 -1.929064154506548e-16 0.9980699776683176
vn -0.062099272758735655 -1.929064154506548e-16 0.9980699776683176
vn -0.062099272758735655 0 0.9980699776683176
vn -0.062099272758735655 0 0.9980699776683176
vn -0.7043701938419422 0.7084786227574038 -0.04382546203792023
vn -0.7043701938419422 0.7084786227574038 -0.04382546203792023
vn -0.7043701938419422 0.7084786227574038 -0.04382546203792023
vn 0.7072787669876145 0.7056370167009038 0.042815259311700715
vn 0.7072787669876145 0.7056370167009038 0.042815259311700715
vn 0.7072787669876145 0.7056370167009038 0.042815259311700715
vn 0.7043701938419422 0.7084786227574038 0.04382546203792023
vn 0.7043701938419422 0.7084786227574038 0.04382546203792023
vn 0.7043701938419422 0.7084786227574038 0.04382546203792023
vn -0.7071310888616689 -0.7056370388334435 -0.045188412139397255
vn -0.7071310888616689 -0.7056370388334435 -0.045188412139397255
vn -0.7071310888616689 -0.7056370388334435 -0.045188412139397255
vn -0.7072787669876145 0.7056370167009038 -0.042815259311700715
vn -0.7072787669876145 0.7056370167009038 -0.042815259311700715
vn -0.7072787669876145 0.7056370167009038 -0.042815259311700715
vn 0.7043701938419422 -0.7084786227574038 0.04382546203792023
vn 0.7043701938419422 -0.7084786227574038 0.04382546203792023
vn 0.7043701938419422 -0.7084786227574038 0.04382546203792023
vn -0.7043701938419422 -0.7084786227574038 -0.04382546203792023
vn -0.7043701938419422 -0.7084786227574038 -0.04382546203792023
vn -0.7043701938419422 -0.7084786227574038 -0.04382546203792023
vn 0.7071310888616689 -0.7056370388334435 0.045188412139397255
vn 0.7071310888616689 -0.7056370388334435 0.045188412139397255
vn 0.7071310888616689 -0.7056370388334435 0.045188412139397255
vn 0.062099272758735655 4.411840456679158e-14 -0.9980699776683176
vn 0.062099272758735655 4.411840456679158e-14 -0.9980699776683176
vn 0.062099272758735655 4.411840456679158e-14 -0.9980699776683176
vn 0.062099272758735655 -7.329886169467208e-14 -0.9980699776683176
vn 0.062099272758735655 -7.329886169467208e-14 -0.9980699776683176
vn 0.062099272758735655 4.411840456679158e-14 -0.9980699776683176
vn 0.062099272758735655 4.411840456679158e-14 -0.9980699776683176
vn 0.062099272758735655 0 -0.9980699776683176
vn 0.062099272758735655 4.411840456679158e-14 -0.9980699776683176
vn 0.062099272758735655 -7.329886169467208e-14 -0.9980699776683176
vn 0.062099272758735655 4.411840456679158e-14 -0.9980699776683176
vn 0.062099272758735655 0 -0.9980699776683176
vn 0.062099272758735655 4.411840456679158e-14 -0.9980699776683176
vn 0.062099272758735655 4.411840456679158e-14 -0.9980699776683176
vn 0.062099272758735655 -6.813816112134907e-14 -0.9980699776683176
vn 0.062099272758735655 -7.329886169467208e-14 -0.9980699776683176
vn 0.062099272758735655 -6.813816112134907e-14 -0.9980699776683176
vn 0.062099272758735655 -7.329886169467208e-14 -0.9980699776683176
vn 0.062099272758735655 0 -0.9980699776683176
vn 0.062099272758735655 4.411840456679158e-14 -0.9980699776683176
vn 0.062099272758735655 -6.813816112134907e-14 -0.9980699776683176
vn 0.062099272758735655 -7.329886169467208e-14 -0.9980699776683176
vn 0.062099272758735655 0 -0.9980699776683176
vn 0.062099272758735655 -6.813816112134907e-14 -0.9980699776683176
vn -0.6106267577331397 0.5781047945823047 0.5412299042193298
vn -0.6106267577331397 0.5781047945823047 0.5412299042193298
vn -0.6106267577331397 0.5781047945823047 0.5412299042193298
vn 0.5446344611094599 0.5789771076897731 0.6067609187671806
vn 0.5446344611094599 0.5789771076897731 0.6067609187671806
vn 0.5446344611094599 0.5789771076897731 0.6067609187671806
vn 0.5403829415865601 0.577350276001259 0.6120889929115916
vn 0.5403829415865601 0.577350276001259 0.6120889929115916
vn 0.5403829415865601 0.577350276001259 0.6120889929115916
vn -0.6156473084856935 -0.5789771009547277 0.5345688993239134
vn -0.6156473084856935 -0.5789771009547277 0.5345688993239134
vn -0.6156473084856935 -0.5789771009547277 0.5345688993239134
vn -0.6093471609679343 0.5742162431531456 0.5467830863508909
vn -0.6093471609679343 0.5742162431531456 0.5467830863508909
vn -0.6093471609679343 0.5742162431531456 0.5467830863508909
vn 0.5388269450516937 -0.5781047968233665 0.6127482086273882
vn 0.5388269450516937 -0.5781047968233665 0.6127482086273882
vn 0.5388269450516937 -0.5781047968233665 0.6127482086273882
vn -0.6120889929115916 -0.577350276001259 0.5403829415865601
vn -0.6120889929115916 -0.577350276001259 0.5403829415865601
vn -0.6120889929115916 -0.577350276001259 0.5403829415865601
vn 0.5368688695630243 -0.5742162458612433 0.6180999271017111
vn 0.5368688695630243 -0.5742162458612433 0.6180999271017111
vn 0.5368688695630243 -0.5742162458612433 0.6180999271017111
vn -0.7057420613594392 0.7071067691913857 -0.04391081634233222
vn -0.7057420613594392 0.7071067691913857 -0.04391081634233222
vn -0.7057420613594392 0.7071067691913857 -0.04391081634233222
vn 0.7057420613594392 0.7071067691913857 0.04391081634233222
vn 0.7057420613594392 0.7071067691913857 0.04391081634233222
vn 0.7057420613594392 0.7071067691913857 0.04391081634233222
vn 0.7057420613594392 0.7071067691913857 0.04391081634233222
vn 0.7057420613594392 0.7071067691913857 0.04391081634233222
vn 0.7057420613594392 0.7071067691913857 0.04391081634233222
vn -0.7057420613594392 -0.7071067691913857 -0.04391081634233222
vn -0.7057420613594392 -0.7071067691913857 -0.04391081634233222
vn -0.7057420613594392 -0.7071067691913857 -0.04391081634233222
vn -0.7057420613594392 0.7071067691913857 -0.04391081634233222
vn -0.7057420613594392 0.7071067691913857 -0.04391081634233222
vn -0.7057420613594392 0.7071067691913857 -0.04391081634233222
vn 0.7057420613594392 -0.7071067691913857 0.04391081634233222
vn 0.7057420613594392 -0.7071067691913857 0.04391081634233222
vn 0.7057420613594392 -0.7071067691913857 0.04391081634233222
vn -0.7057420613594392 -0.7071067691913857 -0.04391081634233222
vn -0.7057420613594392 -0.7071067691913857 -0.04391081634233222
vn -0.7057420613594392 -0.7071067691913857 -0.04391081634233222
vn 0.7057420613594392 -0.7071067691913857 0.04391081634233222
vn 0.7057420613594392 -0.7071067691913857 0.04391081634233222
vn 0.7057420613594392 -0.7071067691913857 0.04391081634233222
vn 0.4096713385558829 -0.45787689329342157 0.7889981907164273
vn 0.4096713385558829 -0.45787689329342157 0.7889981907164273
vn 0.4096713385558829 -0.45787689329342157 0.7889981907164273
vn -0.5043150200281004 -0.45787689214544025 0.7321305294913534
vn -0.5043150200281004 -0.45787689214544025 0.7321305294913534
vn -0.5043150200281004 -0.45787689214544025 0.7321305294913534
vn 0.4096713385558829 0.45787689329342157 0.7889981907164273
vn 0.4096713385558829 0.45787689329342157 0.7889981907164273
vn 0.4096713385558829 0.45787689329342157 0.7889981907164273
vn -0.5043150200281004 0.45787689214544025 0.7321305294913534
vn -0.5043150200281004 0.45787689214544025 0.7321305294913534
vn -0.5043150200281004 0.45787689214544025 0.7321305294913534
vn 0.04391081632205804 0.7071067692495345 -0.7057420613024394
vn 0.04391081632205804 0.7071067692495345 -0.7057420613024394
vn 0.04391081632205804 0.7071067692495345 -0.7057420613024394
vn -0.042862668698806644 0.7071064125350703 0.7058068524630513
vn -0.042862668698806644 0.7071064125350703 0.7058068524630513
vn -0.042862668698806644 0.7071064125350703 0.7058068524630513
vn -0.04382546203792023 0.7084786227574038 0.7043701938419422
vn -0.04382546203792023 0.7084786227574038 0.7043701938419422
vn -0.04382546203792023 0.7084786227574038 0.7043701938419422
vn 0.04495891524365495 -0.7071064064590287 -0.7056764314363297
vn 0.04495891524365495 -0.7071064064590287 -0.7056764314363297
vn 0.04495891524365495 -0.7071064064590287 -0.7056764314363297
vn 0.042879203937154504 0.705637076624612 -0.7072748334009824
vn 0.042879203937154504 0.705637076624612 -0.7072748334009824
vn 0.042879203937154504 0.705637076624612 -0.7072748334009824
vn -0.04391081632205804 -0.7071067692495345 0.7057420613024394
vn -0.04391081632205804 -0.7071067692495345 0.7057420613024394
vn -0.04391081632205804 -0.7071067692495345 0.7057420613024394
vn 0.04382546203792023 -0.7084786227574038 -0.7043701938419422
vn 0.04382546203792023 -0.7084786227574038 -0.7043701938419422
vn 0.04382546203792023 -0.7084786227574038 -0.7043701938419422
vn -0.04512447403532897 -0.7056370836359097 0.7071351271439166
vn -0.04512447403532897 -0.7056370836359097 0.7071351271439166
vn -0.04512447403532897 -0.7056370836359097 0.7071351271439166
vn -0.9980699776683176 0 -0.062099272758735655
vn -0.9980699776683176 0 -0.062099272758735655
vn -0.9980699776683176 0 -0.062099272758735655
vn -0.9980699776683176 0 -0.062099272758735655
vn -0.9980699776683176 0 -0.062099272758735655
vn -0.9980699776683176 0 -0.062099272758735655
vn 0.04391081632205804 0.7071067692495345 -0.7057420613024394
vn 0.04391081632205804 0.7071067692495345 -0.7057420613024394
vn 0.04391081632205804 0.7071067692495345 -0.7057420613024394
vn -0.042862668698806644 0.7071064125350703 0.7058068524630513
vn -0.042862668698806644 0.7071064125350703 0.7058068524630513
vn -0.042862668698806644 0.7071064125350703 0.7058068524630513
vn -0.04382546203792023 0.7084786227574038 0.7043701938419422
vn -0.04382546203792023 0.7084786227574038 0.7043701938419422
vn -0.04382546203792023 0.7084786227574038 0.7043701938419422
vn 0.04495891524365495 -0.7071064064590287 -0.7056764314363297
vn 0.04495891524365495 -0.7071064064590287 -0.7056764314363297
vn 0.04495891524365495 -0.7071064064590287 -0.7056764314363297
vn 0.042879203937154504 0.705637076624612 -0.7072748334009824
vn 0.042879203937154504 0.705637076624612 -0.7072748334009824
vn 0.042879203937154504 0.705637076624612 -0.7072748334009824
vn -0.04391081632205804 -0.7071067692495345 0.7057420613024394
vn -0.04391081632205804 -0.7071067692495345 0.7057420613024394
vn -0.04391081632205804 -0.7071067692495345 0.7057420613024394
vn 0.04382546203792023 -0.7084786227574038 -0.7043701938419422
vn 0.04382546203792023 -0.7084786227574038 -0.7043701938419422
vn 0.04382546203792023 -0.7084786227574038 -0.7043701938419422
vn -0.04512447403532897 -0.7056370836359097 0.7071351271439166
vn -0.04512447403532897 -0.7056370836359097 0.7071351271439166
vn -0.04512447403532897 -0.7056370836359097 0.7071351271439166
vn -0.9980699776683176 0 -0.062099272758735655
vn -0.9980699776683176 0 -0.062099272758735655
vn -0.9980699776683176 0 -0.062099272758735655
vn -0.9980699776683176 0 -0.062099272758735655
vn -0.9980699776683176 0 -0.062099272758735655
vn -0.9980699776683176 0 -0.062099272758735655
vn 0.04391081632205804 0.7071067692495345 -0.7057420613024394
vn 0.04391081632205804 0.7071067692495345 -0.7057420613024394
vn 0.04391081632205804 0.7071067692495345 -0.7057420613024394
vn -0.042862668698806644 0.7071064125350703 0.7058068524630513
vn -0.042862668698806644 0.7071064125350703 0.7058068524630513
vn -0.042862668698806644 0.7071064125350703 0.7058068524630513
vn -0.04382546203792023 0.7084786227574038 0.7043701938419422
vn -0.04382546203792023 0.7084786227574038 0.7043701938419422
vn -0.04382546203792023 0.7084786227574038 0.7043701938419422
vn 0.04495891524365495 -0.7071064064590287 -0.7056764314363297
vn 0.04495891524365495 -0.7071064064590287 -0.7056764314363297
vn 0.04495891524365495 -0.7071064064590287 -0.7056764314363297
vn 0.042879203937154504 0.705637076624612 -0.7072748334009824
vn 0.042879203937154504 0.705637076624612 -0.7072748334009824
vn 0.042879203937154504 0.705637076624612 -0.7072748334009824
vn -0.04391081632205804 -0.7071067692495345 0.7057420613024394
vn -0.04391081632205804 -0.7071067692495345 0.7057420613024394
vn -0.04391081632205804 -0.7071067692495345 0.7057420613024394
vn 0.04382546203792023 -0.7084786227574038 -0.7043701938419422
vn 0.04382546203792023 -0.7084786227574038 -0.7043701938419422
vn 0.04382546203792023 -0.7084786227574038 -0.7043701938419422
vn -0.04512447403532897 -0.7056370836359097 0.7071351271439166
vn -0.04512447403532897 -0.7056370836359097 0.7071351271439166
vn -0.04512447403532897 -0.7056370836359097 0.7071351271439166
vn -0.9980699776683176 0 -0.062099272758735655
vn -0.9980699776683176 0 -0.062099272758735655
vn -0.9980699776683176 0 -0.062099272758735655
vn -0.9980699776683176 0 -0.062099272758735655
vn -0.9980699776683176 0 -0.062099272758735655
vn -0.9980699776683176 0 -0.062099272758735655
vn 0.04391081632205804 0.7071067692495345 -0.7057420613024394
vn 0.04391081632205804 0.7071067692495345 -0.7057420613024394
vn 0.04391081632205804 0.7071067692495345 -0.7057420613024394
vn -0.042862668698806644 0.7071064125350703 0.7058068524630513
vn -0.042862668698806644 0.7071064125350703 0.7058068524630513
vn -0.042862668698806644 0.7071064125350703 0.7058068524630513
vn -0.04382546203792023 0.7084786227574038 0.7043701938419422
vn -0.04382546203792023 0.7084786227574038 0.7043701938419422
vn -0.04382546203792023 0.7084786227574038 0.7043701938419422
vn 0.04495891524365495 -0.7071064064590287 -0.7056764314363297
vn 0.04495891524365495 -0.7071064064590287 -0.7056764314363297
vn 0.04495891524365495 -0.7071064064590287 -0.7056764314363297
vn 0.042879203937154504 0.705637076624612 -0.7072748334009824
vn 0.042879203937154504 0.705637076624612 -0.7072748334009824
vn 0.042879203937154504 0.705637076624612 -0.7072748334009824
vn -0.04391081632205804 -0.7071067692495345 0.7057420613024394
vn -0.04391081632205804 -0.7071067692495345 0.7057420613024394
vn -0.04391081632205804 -0.7071067692495345 0.7057420613024394
vn 0.04382546203792023 -0.7084786227574038 -0.7043701938419422
vn 0.04382546203792023 -0.7084786227574038 -0.7043701938419422
vn 0.04382546203792023 -0.7084786227574038 -0.7043701938419422
vn -0.04512447403532897 -0.7056370836359097 0.7071351271439166
vn -0.04512447403532897 -0.7056370836359097 0.7071351271439166
vn -0.04512447403532897 -0.7056370836359097 0.7071351271439166
vn -0.9980699776683176 0 -0.062099272758735655
vn -0.9980699776683176 0 -0.062099272758735655
vn -0.9980699776683176 0 -0.062099272758735655
vn -0.9980699776683176 0 -0.062099272758735655
vn -0.9980699776683176 0 -0.062099272758735655
vn -0.9980699776683176 0 -0.062099272758735655
vn -0.6618312495749495 0 -0.7496528510491113
vn -0.6618312495749495 0 -0.7496528510491113
vn -0.6618312495749495 0 -0.7496528510491113
vn -0.7496524619351296 0.0010501506272677429 0.6618308571668893
vn -0.7496524619351296 0.0010501506272677429 0.6618308571668893
vn -0.7496524619351296 0.0010501506272677429 0.6618308571668893
vn -0.7509367300276868 0 0.6603741571982696
vn -0.7509367300276868 0 0.6603741571982696
vn -0.7509367300276868 0 0.6603741571982696
vn 0.7496524619351296 0.0010501506272677429 -0.6618308571668893
vn 0.7496524619351296 0.0010501506272677429 -0.6618308571668893
vn 0.7496524619351296 0.0010501506272677429 -0.6618308571668893
vn -0.6602733201942694 -0.0011248071791642336 -0.7510245518279979
vn -0.6602733201942694 -0.0011248071791642336 -0.7510245518279979
vn -0.6602733201942694 -0.0011248071791642336 -0.7510245518279979
vn 0.6618312495749495 0 0.7496528510491113
vn 0.6618312495749495 0 0.7496528510491113
vn 0.6618312495749495 0 0.7496528510491113
vn 0.7509367300276868 0 -0.6603741571982696
vn 0.7509367300276868 0 -0.6603741571982696
vn 0.7509367300276868 0 -0.6603741571982696
vn 0.6602733201942694 -0.0011248071791642336 0.7510245518279979
vn 0.6602733201942694 -0.0011248071791642336 0.7510245518279979
vn 0.6602733201942694 -0.0011248071791642336 0.7510245518279979
vn 0 -1 0
vn 0 -1 0
vn 0 -1 0
vn 0 -1 0
vn 0 -1 0
vn 0 -1 0
vn -0.6618312495749495 0 -0.7496528510491113
vn -0.6618312495749495 0 -0.7496528510491113
vn -0.6618312495749495 0 -0.7496528510491113
vn -0.7496524619351296 0.0010501506272677429 0.6618308571668893
vn -0.7496524619351296 0.0010501506272677429 0.6618308571668893
vn -0.7496524619351296 0.0010501506272677429 0.6618308571668893
vn -0.7509367300276868 0 0.6603741571982696
vn -0.7509367300276868 0 0.6603741571982696
vn -0.7509367300276868 0 0.6603741571982696
vn 0.7496524619351296 0.0010501506272677429 -0.6618308571668893
vn 0.7496524619351296 0.0010501506272677429 -0.6618308571668893
vn 0.7496524619351296 0.0010501506272677429 -0.6618308571668893
vn -0.6602733201942694 -0.0011248071791642336 -0.7510245518279979
vn -0.6602733201942694 -0.0011248071791642336 -0.7510245518279979
vn -0.6602733201942694 -0.0011248071791642336 -0.7510245518279979
vn 0.6618312495749495 0 0.7496528510491113
vn 0.6618312495749495 0 0.7496528510491113
vn 0.6618312495749495 0 0.7496528510491113
vn 0.7509367300276868 0 -0.6603741571982696
vn 0.7509367300276868 0 -0.6603741571982696
vn 0.7509367300276868 0 -0.6603741571982696
vn 0.6602733201942694 -0.0011248071791642336 0.7510245518279979
vn 0.6602733201942694 -0.0011248071791642336 0.7510245518279979
vn 0.6602733201942694 -0.0011248071791642336 0.7510245518279979
vn 0 -1 0
vn 0 -1 0
vn 0 -1 0
vn 0 -1 0
vn 0 -1 0
vn 0 -1 0
vn -0.6618312495749495 0 -0.7496528510491113
vn -0.6618312495749495 0 -0.7496528510491113
vn -0.6618312495749495 0 -0.7496528510491113
vn -0.7496524619351296 0.0010501506272677429 0.6618308571668893
vn -0.7496524619351296 0.0010501506272677429 0.6618308571668893
vn -0.7496524619351296 0.0010501506272677429 0.6618308571668893
vn -0.7509367300276868 0 0.6603741571982696
vn -0.7509367300276868 0 0.6603741571982696
vn -0.7509367300276868 0 0.6603741571982696
vn 0.7496524619351296 0.0010501506272677429 -0.6618308571668893
vn 0.7496524619351296 0.0010501506272677429 -0.6618308571668893
vn 0.7496524619351296 0.0010501506272677429 -0.6618308571668893
vn -0.6602733201942694 -0.0011248071791642336 -0.7510245518279979
vn -0.6602733201942694 -0.0011248071791642336 -0.7510245518279979
vn -0.6602733201942694 -0.0011248071791642336 -0.7510245518279979
vn 0.6618312495749495 0 0.7496528510491113
vn 0.6618312495749495 0 0.7496528510491113
vn 0.6618312495749495 0 0.7496528510491113
vn 0.7509367300276868 0 -0.6603741571982696
vn 0.7509367300276868 0 -0.6603741571982696
vn 0.7509367300276868 0 -0.6603741571982696
vn 0.6602733201942694 -0.0011248071791642336 0.7510245518279979
vn 0.6602733201942694 -0.0011248071791642336 0.7510245518279979
vn 0.6602733201942694 -0.0011248071791642336 0.7510245518279979
vn 0 -1 0
vn 0 -1 0
vn 0 -1 0
vn 0 -1 0
vn 0 -1 0
vn 0 -1 0
vn -0.6618312495749495 0 -0.7496528510491113
vn -0.6618312495749495 0 -0.7496528510491113
vn -0.6618312495749495 0 -0.7496528510491113
vn -0.7496524619351296 0.0010501506272677429 0.6618308571668893
vn -0.7496524619351296 0.0010501506272677429 0.6618308571668893
vn -0.7496524619351296 0.0010501506272677429 0.6618308571668893
vn -0.7509367300276868 0 0.6603741571982696
vn -0.7509367300276868 0 0.6603741571982696
vn -0.7509367300276868 0 0.6603741571982696
vn 0.7496524619351296 0.0010501506272677429 -0.6618308571668893
vn 0.7496524619351296 0.0010501506272677429 -0.6618308571668893
vn 0.7496524619351296 0.0010501506272677429 -0.6618308571668893
vn -0.6602733201942694 -0.0011248071791642336 -0.7510245518279979
vn -0.6602733201942694 -0.0011248071791642336 -0.7510245518279979
vn -0.6602733201942694 -0.0011248071791642336 -0.7510245518279979
vn 0.6618312495749495 0 0.7496528510491113
vn 0.6618312495749495 0 0.7496528510491113
vn 0.6618312495749495 0 0.7496528510491113
vn 0.7509367300276868 0 -0.6603741571982696
vn 0.7509367300276868 0 -0.6603741571982696
vn 0.7509367300276868 0 -0.6603741571982696
vn 0.6602733201942694 -0.0011248071791642336 0.7510245518279979
vn 0.6602733201942694 -0.0011248071791642336 0.7510245518279979
vn 0.6602733201942694 -0.0011248071791642336 0.7510245518279979
vn 0 -1 0
vn 0 -1 0
vn 0 -1 0
vn 0 -1 0
vn 0 -1 0
vn 0 -1 0
vn 0.7496528510491113 0 -0.6618312495749495
vn 0.7496528510491113 0 -0.6618312495749495
vn 0.7496528510491113 0 -0.6618312495749495
vn 0.6618308571668893 -0.0010501506272677429 0.7496524619351296
vn 0.6618308571668893 -0.0010501506272677429 0.7496524619351296
vn 0.6618308571668893 -0.0010501506272677429 0.7496524619351296
vn 0.6632857996004657 0 0.7483661857996865
vn 0.6632857996004657 0 0.7483661857996865
vn 0.6632857996004657 0 0.7483661857996865
vn -0.6618308571668893 -0.0010501506272677429 -0.7496524619351296
vn -0.6618308571668893 -0.0010501506272677429 -0.7496524619351296
vn -0.6618308571668893 -0.0010501506272677429 -0.7496524619351296
vn 0.7482770073821936 0.0011248071660676748 -0.6633854498193247
vn 0.7482770073821936 0.0011248071660676748 -0.6633854498193247
vn 0.7482770073821936 0.0011248071660676748 -0.6633854498193247
vn -0.7496528510491113 0 0.6618312495749495
vn -0.7496528510491113 0 0.6618312495749495
vn -0.7496528510491113 0 0.6618312495749495
vn -0.6632857996004657 0 -0.7483661857996865
vn -0.6632857996004657 0 -0.7483661857996865
vn -0.6632857996004657 0 -0.7483661857996865
vn -0.7482770073821936 0.0011248071660676748 0.6633854498193247
vn -0.7482770073821936 0.0011248071660676748 0.6633854498193247
vn -0.7482770073821936 0.0011248071660676748 0.6633854498193247
vn 0 1 0
vn 0 1 0
vn 0 1 0
vn 0 1 0
vn 0 1 0
vn 0 1 0
vn 0.7496528510491113 0 -0.6618312495749495
vn 0.7496528510491113 0 -0.6618312495749495
vn 0.7496528510491113 0 -0.6618312495749495
vn 0.6618308571668893 -0.0010501506272677429 0.7496524619351296
vn 0.6618308571668893 -0.0010501506272677429 0.7496524619351296
vn 0.6618308571668893 -0.0010501506272677429 0.7496524619351296
vn 0.6632857996004657 0 0.7483661857996865
vn 0.6632857996004657 0 0.7483661857996865
vn 0.6632857996004657 0 0.7483661857996865
vn -0.6618308571668893 -0.0010501506272677429 -0.7496524619351296
vn -0.6618308571668893 -0.0010501506272677429 -0.7496524619351296
vn -0.6618308571668893 -0.0010501506272677429 -0.7496524619351296
vn 0.7482770073821936 0.0011248071660676748 -0.6633854498193247
vn 0.7482770073821936 0.0011248071660676748 -0.6633854498193247
vn 0.7482770073821936 0.0011248071660676748 -0.6633854498193247
vn -0.7496528510491113 0 0.6618312495749495
vn -0.7496528510491113 0 0.6618312495749495
vn -0.7496528510491113 0 0.6618312495749495
vn -0.6632857996004657 0 -0.7483661857996865
vn -0.6632857996004657 0 -0.7483661857996865
vn -0.6632857996004657 0 -0.7483661857996865
vn -0.7482770073821936 0.0011248071660676748 0.6633854498193247
vn -0.7482770073821936 0.0011248071660676748 0.6633854498193247
vn -0.7482770073821936 0.0011248071660676748 0.6633854498193247
vn 0 1 0
vn 0 1 0
vn 0 1 0
vn 0 1 0
vn 0 1 0
vn 0 1 0
vn 0.7496528510491113 0 -0.6618312495749495
vn 0.7496528510491113 0 -0.6618312495749495
vn 0.7496528510491113 0 -0.6618312495749495
vn 0.6618308571668893 -0.0010501506272677429 0.7496524619351296
vn 0.6618308571668893 -0.0010501506272677429 0.7496524619351296
vn 0.6618308571668893 -0.0010501506272677429 0.7496524619351296
vn 0.6632857996004657 0 0.7483661857996865
vn 0.6632857996004657 0 0.7483661857996865
vn 0.6632857996004657 0 0.7483661857996865
vn -0.6618308571668893 -0.0010501506272677429 -0.7496524619351296
vn -0.6618308571668893 -0.0010501506272677429 -0.7496524619351296
vn -0.6618308571668893 -0.0010501506272677429 -0.7496524619351296
vn 0.7482770073821936 0.0011248071660676748 -0.6633854498193247
vn 0.7482770073821936 0.0011248071660676748 -0.6633854498193247
vn 0.7482770073821936 0.0011248071660676748 -0.6633854498193247
vn -0.7496528510491113 0 0.6618312495749495
vn -0.7496528510491113 0 0.6618312495749495
vn -0.7496528510491113 0 0.6618312495749495
vn -0.6632857996004657 0 -0.7483661857996865
vn -0.6632857996004657 0 -0.7483661857996865
vn -0.6632857996004657 0 -0.7483661857996865
vn -0.7482770073821936 0.0011248071660676748 0.6633854498193247
vn -0.7482770073821936 0.0011248071660676748 0.6633854498193247
vn -0.7482770073821936 0.0011248071660676748 0.6633854498193247
vn 0 1 0
vn 0 1 0
vn 0 1 0
vn 0 1 0
vn 0 1 0
vn 0 1 0
vn 0.7496528510491113 0 -0.6618312495749495
vn 0.7496528510491113 0 -0.6618312495749495
vn 0.7496528510491113 0 -0.6618312495749495
vn 0.6618308571668893 -0.0010501506272677429 0.7496524619351296
vn 0.6618308571668893 -0.0010501506272677429 0.7496524619351296
vn 0.6618308571668893 -0.0010501506272677429 0.7496524619351296
vn 0.6632857996004657 0 0.7483661857996865
vn 0.6632857996004657 0 0.7483661857996865
vn 0.6632857996004657 0 0.7483661857996865
vn -0.6618308571668893 -0.0010501506272677429 -0.7496524619351296
vn -0.6618308571668893 -0.0010501506272677429 -0.7496524619351296
vn -0.6618308571668893 -0.0010501506272677429 -0.7496524619351296
vn 0.7482770073821936 0.0011248071660676748 -0.6633854498193247
vn 0.7482770073821936 0.0011248071660676748 -0.6633854498193247
vn 0.7482770073821936 0.0011248071660676748 -0.6633854498193247
vn -0.7496528510491113 0 0.6618312495749495
vn -0.7496528510491113 0 0.6618312495749495
vn -0.7496528510491113 0 0.6618312495749495
vn -0.6632857996004657 0 -0.7483661857996865
vn -0.6632857996004657 0 -0.7483661857996865
vn -0.6632857996004657 0 -0.7483661857996865
vn -0.7482770073821936 0.0011248071660676748 0.6633854498193247
vn -0.7482770073821936 0.0011248071660676748 0.6633854498193247
vn -0.7482770073821936 0.0011248071660676748 0.6633854498193247
vn 0 1 0
vn 0 1 0
vn 0 1 0
vn 0 1 0
vn 0 1 0
vn 0 1 0
vn 0.062099272758735655 0 -0.9980699776683176
vn 0.062099272758735655 0 -0.9980699776683176
vn 0.062099272758735655 0 -0.9980699776683176
vn 0.062099272758735655 2.3357318360416627e-15 -0.9980699776683176
vn 0.062099272758735655 2.3357318360416627e-15 -0.9980699776683176
vn 0.062099272758735655 0 -0.9980699776683176
vn 0.062099272758735655 2.3357318360416627e-15 -0.9980699776683176
vn 0.062099272758735655 0 -0.9980699776683176
vn 0.062099272758735655 0 -0.9980699776683176
vn 0.062099272758735655 1.323196192592023e-15 -0.9980699776683176
vn 0.062099272758735655 0 -0.9980699776683176
vn 0.062099272758735655 1.323196192592023e-15 -0.9980699776683176
vn 0.062099272758735655 1.323196192592023e-15 -0.9980699776683176
vn 0.062099272758735655 0 -0.9980699776683176
vn 0.062099272758735655 0 -0.9980699776683176
vn 0.062099272758735655 1.323196192592023e-15 -0.9980699776683176
vn 0.062099272758735655 1.323196192592023e-15 -0.9980699776683176
vn 0.062099272758735655 2.1219705831920925e-15 -0.9980699776683176
vn 0.062099272758735655 0 -0.9980699776683176
vn 0.062099272758735655 2.1219705831920925e-15 -0.9980699776683176
vn 0.062099272758735655 0 -0.9980699776683176
vn 0.062099272758735655 0 -0.9980699776683176
vn 0.062099272758735655 1.323196192592023e-15 -0.9980699776683176
vn 0.062099272758735655 2.1219705831920925e-15 -0.9980699776683176
vn 0.062099272758735655 2.3357318360416627e-15 -0.9980699776683176
vn 0.062099272758735655 0 -0.9980699776683176
vn 0.062099272758735655 2.3357318360416627e-15 -0.9980699776683176
vn 0.062099272758735655 2.3357318360416627e-15 -0.9980699776683176
vn 0.062099272758735655 0 -0.9980699776683176
vn 0.062099272758735655 0 -0.9980699776683176
vn -0.7043701938419422 -0.7084786227574038 -0.04382546203792023
vn -0.7043701938419422 -0.7084786227574038 -0.04382546203792023
vn -0.7043701938419422 -0.7084786227574038 -0.04382546203792023
vn 0.707095368514822 -0.7056364256578386 0.04575341090801488
vn 0.707095368514822 -0.7056364256578386 0.04575341090801488
vn 0.707095368514822 -0.7056364256578386 0.04575341090801488
vn 0.7043701938419422 -0.7084786227574038 0.04382546203792023
vn 0.7043701938419422 -0.7084786227574038 0.04382546203792023
vn 0.7043701938419422 -0.7084786227574038 0.04382546203792023
vn -0.7073133099265235 0.705636452429578 -0.042250190572181504
vn -0.7073133099265235 0.705636452429578 -0.042250190572181504
vn -0.7073133099265235 0.705636452429578 -0.042250190572181504
vn -0.707095368514822 -0.7056364256578386 -0.04575341090801488
vn -0.707095368514822 -0.7056364256578386 -0.04575341090801488
vn -0.707095368514822 -0.7056364256578386 -0.04575341090801488
vn 0.7043701938419422 0.7084786227574038 0.04382546203792023
vn 0.7043701938419422 0.7084786227574038 0.04382546203792023
vn 0.7043701938419422 0.7084786227574038 0.04382546203792023
vn -0.7043701938419422 0.7084786227574038 -0.04382546203792023
vn -0.7043701938419422 0.7084786227574038 -0.04382546203792023
vn -0.7043701938419422 0.7084786227574038 -0.04382546203792023
vn 0.7073133099265235 0.705636452429578 0.042250190572181504
vn 0.7073133099265235 0.705636452429578 0.042250190572181504
vn 0.7073133099265235 0.705636452429578 0.042250190572181504
vn -0.062099272758735655 4.0207236802898766e-14 0.9980699776683176
vn -0.062099272758735655 4.0207236802898766e-14 0.9980699776683176
vn -0.062099272758735655 4.0207236802898766e-14 0.9980699776683176
vn -0.062099272758735655 -6.209760340109884e-14 0.9980699776683176
vn -0.062099272758735655 -6.209760340109884e-14 0.9980699776683176
vn -0.062099272758735655 4.0207236802898766e-14 0.9980699776683176
vn -0.062099272758735655 4.0207236802898766e-14 0.9980699776683176
vn -0.062099272758735655 0 0.9980699776683176
vn -0.062099272758735655 4.0207236802898766e-14 0.9980699776683176
vn -0.062099272758735655 -6.209760340109884e-14 0.9980699776683176
vn -0.062099272758735655 4.0207236802898766e-14 0.9980699776683176
vn -0.062099272758735655 0 0.9980699776683176
vn -0.062099272758735655 4.0207236802898766e-14 0.9980699776683176
vn -0.062099272758735655 4.0207236802898766e-14 0.9980699776683176
vn -0.062099272758735655 -6.209760340109884e-14 0.9980699776683176
vn -0.062099272758735655 -6.209760340109884e-14 0.9980699776683176
vn -0.062099272758735655 -6.209760340109884e-14 0.9980699776683176
vn -0.062099272758735655 -6.209760340109884e-14 0.9980699776683176
vn -0.062099272758735655 0 0.9980699776683176
vn -0.062099272758735655 4.0207236802898766e-14 0.9980699776683176
vn -0.062099272758735655 -6.209760340109884e-14 0.9980699776683176
vn -0.062099272758735655 -6.209760340109884e-14 0.9980699776683176
vn -0.062099272758735655 0 0.9980699776683176
vn -0.062099272758735655 -6.209760340109884e-14 0.9980699776683176
vn -0.5388269450516937 -0.5781047968233665 -0.6127482086273882
vn -0.5388269450516937 -0.5781047968233665 -0.6127482086273882
vn -0.5388269450516937 -0.5781047968233665 -0.6127482086273882
vn 0.6156473084856935 -0.5789771009547277 -0.5345688993239134
vn 0.6156473084856935 -0.5789771009547277 -0.5345688993239134
vn 0.6156473084856935 -0.5789771009547277 -0.5345688993239134
vn 0.6120889929115916 -0.577350276001259 -0.5403829415865601
vn 0.6120889929115916 -0.577350276001259 -0.5403829415865601
vn 0.6120889929115916 -0.577350276001259 -0.5403829415865601
vn -0.5446344611094599 0.5789771076897731 -0.6067609187671806
vn -0.5446344611094599 0.5789771076897731 -0.6067609187671806
vn -0.5446344611094599 0.5789771076897731 -0.6067609187671806
vn -0.5368688695630243 -0.5742162458612433 -0.6180999271017111
vn -0.5368688695630243 -0.5742162458612433 -0.6180999271017111
vn -0.5368688695630243 -0.5742162458612433 -0.6180999271017111
vn 0.6106267577331397 0.5781047945823047 -0.5412299042193298
vn 0.6106267577331397 0.5781047945823047 -0.5412299042193298
vn 0.6106267577331397 0.5781047945823047 -0.5412299042193298
vn -0.5403829415865601 0.577350276001259 -0.6120889929115916
vn -0.5403829415865601 0.577350276001259 -0.6120889929115916
vn -0.5403829415865601 0.577350276001259 -0.6120889929115916
vn 0.6093471609679343 0.5742162431531456 -0.5467830863508909
vn 0.6093471609679343 0.5742162431531456 -0.5467830863508909
vn 0.6093471609679343 0.5742162431531456 -0.5467830863508909
vn -0.7057420613594392 -0.7071067691913857 -0.04391081634233222
vn -0.7057420613594392 -0.7071067691913857 -0.04391081634233222
vn -0.7057420613594392 -0.7071067691913857 -0.04391081634233222
vn 0.7057420613594392 -0.7071067691913857 0.04391081634233222
vn 0.7057420613594392 -0.7071067691913857 0.04391081634233222
vn 0.7057420613594392 -0.7071067691913857 0.04391081634233222
vn 0.7057420613594392 -0.7071067691913857 0.04391081634233222
vn 0.7057420613594392 -0.7071067691913857 0.04391081634233222
vn 0.7057420613594392 -0.7071067691913857 0.04391081634233222
vn -0.7057420613594392 0.7071067691913857 -0.04391081634233222
vn -0.7057420613594392 0.7071067691913857 -0.04391081634233222
vn -0.7057420613594392 0.7071067691913857 -0.04391081634233222
vn -0.7057420613594392 -0.7071067691913857 -0.04391081634233222
vn -0.7057420613594392 -0.7071067691913857 -0.04391081634233222
vn -0.7057420613594392 -0.7071067691913857 -0.04391081634233222
vn 0.7057420613594392 0.7071067691913857 0.04391081634233222
vn 0.7057420613594392 0.7071067691913857 0.04391081634233222
vn 0.7057420613594392 0.7071067691913857 0.04391081634233222
vn -0.7057420613594392 0.7071067691913857 -0.04391081634233222
vn -0.7057420613594392 0.7071067691913857 -0.04391081634233222
vn -0.7057420613594392 0.7071067691913857 -0.04391081634233222
vn 0.7057420613594392 0.7071067691913857 0.04391081634233222
vn 0.7057420613594392 0.7071067691913857 0.04391081634233222
vn 0.7057420613594392 0.7071067691913857 0.04391081634233222
vn 0.5043150200281004 0.45787689214544025 -0.7321305294913534
vn 0.5043150200281004 0.45787689214544025 -0.7321305294913534
vn 0.5043150200281004 0.45787689214544025 -0.7321305294913534
vn -0.4096713385558829 0.45787689329342157 -0.7889981907164273
vn -0.4096713385558829 0.45787689329342157 -0.7889981907164273
vn -0.4096713385558829 0.45787689329342157 -0.7889981907164273
vn 0.5043150200281004 -0.45787689214544025 -0.7321305294913534
vn 0.5043150200281004 -0.45787689214544025 -0.7321305294913534
vn 0.5043150200281004 -0.45787689214544025 -0.7321305294913534
vn -0.4096713385558829 -0.45787689329342157 -0.7889981907164273
vn -0.4096713385558829 -0.45787689329342157 -0.7889981907164273
vn -0.4096713385558829 -0.45787689329342157 -0.7889981907164273
vn 0.062099272758735655 0 -0.9980699776683176
vn 0.062099272758735655 0 -0.9980699776683176
vn 0.062099272758735655 0 -0.9980699776683176
vn 0.062099272758735655 -8.081214518884359e-16 -0.9980699776683176
vn 0.062099272758735655 -8.081214518884359e-16 -0.9980699776683176
vn 0.062099272758735655 0 -0.9980699776683176
vn 0.062099272758735655 -8.081214518884359e-16 -0.9980699776683176
vn 0.062099272758735655 0 -0.9980699776683176
vn 0.062099272758735655 0 -0.9980699776683176
vn 0.062099272758735655 1.9305955635686808e-15 -0.9980699776683176
vn 0.062099272758735655 0 -0.9980699776683176
vn 0.062099272758735655 1.9305955635686808e-15 -0.9980699776683176
vn 0.062099272758735655 1.9305955635686808e-15 -0.9980699776683176
vn 0.062099272758735655 0 -0.9980699776683176
vn 0.062099272758735655 0 -0.9980699776683176
vn 0.062099272758735655 1.9305955635686808e-15 -0.9980699776683176
vn 0.062099272758735655 1.9305955635686808e-15 -0.9980699776683176
vn 0.062099272758735655 -1.2304300993453412e-15 -0.9980699776683176
vn 0.062099272758735655 0 -0.9980699776683176
vn 0.062099272758735655 -1.2304300993453412e-15 -0.9980699776683176
vn 0.062099272758735655 0 -0.9980699776683176
vn 0.062099272758735655 0 -0.9980699776683176
vn 0.062099272758735655 1.9305955635686808e-15 -0.9980699776683176
vn 0.062099272758735655 -1.2304300993453412e-15 -0.9980699776683176
vn 0.062099272758735655 -8.081214518884359e-16 -0.9980699776683176
vn 0.062099272758735655 0 -0.9980699776683176
vn 0.062099272758735655 -8.081214518884359e-16 -0.9980699776683176
vn 0.062099272758735655 -8.081214518884359e-16 -0.9980699776683176
vn 0.062099272758735655 0 -0.9980699776683176
vn 0.062099272758735655 0 -0.9980699776683176
vn -0.7043701938419422 -0.7084786227574038 -0.04382546203792023
vn -0.7043701938419422 -0.7084786227574038 -0.04382546203792023
vn -0.7043701938419422 -0.7084786227574038 -0.04382546203792023
vn 0.707095368514822 -0.7056364256578386 0.04575341090801488
vn 0.707095368514822 -0.7056364256578386 0.04575341090801488
vn 0.707095368514822 -0.7056364256578386 0.04575341090801488
vn 0.7043701938419422 -0.7084786227574038 0.04382546203792023
vn 0.7043701938419422 -0.7084786227574038 0.04382546203792023
vn 0.7043701938419422 -0.7084786227574038 0.04382546203792023
vn -0.7073133099265235 0.705636452429578 -0.042250190572181504
vn -0.7073133099265235 0.705636452429578 -0.042250190572181504
vn -0.7073133099265235 0.705636452429578 -0.042250190572181504
vn -0.707095368514822 -0.7056364256578386 -0.04575341090801488
vn -0.707095368514822 -0.7056364256578386 -0.04575341090801488
vn -0.707095368514822 -0.7056364256578386 -0.04575341090801488
vn 0.7043701938419422 0.7084786227574038 0.04382546203792023
vn 0.7043701938419422 0.7084786227574038 0.04382546203792023
vn 0.7043701938419422 0.7084786227574038 0.04382546203792023
vn -0.7043701938419422 0.7084786227574038 -0.04382546203792023
vn -0.7043701938419422 0.7084786227574038 -0.04382546203792023
vn -0.7043701938419422 0.7084786227574038 -0.04382546203792023
vn 0.7073133099265235 0.705636452429578 0.042250190572181504
vn 0.7073133099265235 0.705636452429578 0.042250190572181504
vn 0.7073133099265235 0.705636452429578 0.042250190572181504
vn -0.062099272758735655 4.397598106232378e-14 0.9980699776683176
vn -0.062099272758735655 4.397598106232378e-14 0.9980699776683176
vn -0.062099272758735655 4.397598106232378e-14 0.9980699776683176
vn -0.062099272758735655 1.1324776023111685e-13 0.9980699776683176
vn -0.062099272758735655 1.1324776023111685e-13 0.9980699776683176
vn -0.062099272758735655 4.397598106232378e-14 0.9980699776683176
vn -0.062099272758735655 4.397598106232378e-14 0.9980699776683176
vn -0.062099272758735655 0 0.9980699776683176
vn -0.062099272758735655 4.397598106232378e-14 0.9980699776683176
vn -0.062099272758735655 1.1324776023111685e-13 0.9980699776683176
vn -0.062099272758735655 4.397598106232378e-14 0.9980699776683176
vn -0.062099272758735655 0 0.9980699776683176
vn -0.062099272758735655 4.397598106232378e-14 0.9980699776683176
vn -0.062099272758735655 4.397598106232378e-14 0.9980699776683176
vn -0.062099272758735655 -6.791819683461727e-14 0.9980699776683176
vn -0.062099272758735655 1.1324776023111685e-13 0.9980699776683176
vn -0.062099272758735655 -6.791819683461727e-14 0.9980699776683176
vn -0.062099272758735655 1.1324776023111685e-13 0.9980699776683176
vn -0.062099272758735655 0 0.9980699776683176
vn -0.062099272758735655 4.397598106232378e-14 0.9980699776683176
vn -0.062099272758735655 -6.791819683461727e-14 0.9980699776683176
vn -0.062099272758735655 1.1324776023111685e-13 0.9980699776683176
vn -0.062099272758735655 0 0.9980699776683176
vn -0.062099272758735655 -6.791819683461727e-14 0.9980699776683176
vn -0.5388269450516937 -0.5781047968233665 -0.6127482086273882
vn -0.5388269450516937 -0.5781047968233665 -0.6127482086273882
vn -0.5388269450516937 -0.5781047968233665 -0.6127482086273882
vn 0.6156473084856935 -0.5789771009547277 -0.5345688993239134
vn 0.6156473084856935 -0.5789771009547277 -0.5345688993239134
vn 0.6156473084856935 -0.5789771009547277 -0.5345688993239134
vn 0.6120889929115916 -0.577350276001259 -0.5403829415865601
vn 0.6120889929115916 -0.577350276001259 -0.5403829415865601
vn 0.6120889929115916 -0.577350276001259 -0.5403829415865601
vn -0.5446344611094599 0.5789771076897731 -0.6067609187671806
vn -0.5446344611094599 0.5789771076897731 -0.6067609187671806
vn -0.5446344611094599 0.5789771076897731 -0.6067609187671806
vn -0.5368688695630243 -0.5742162458612433 -0.6180999271017111
vn -0.5368688695630243 -0.5742162458612433 -0.6180999271017111
vn -0.5368688695630243 -0.5742162458612433 -0.6180999271017111
vn 0.6106267577331397 0.5781047945823047 -0.5412299042193298
vn 0.6106267577331397 0.5781047945823047 -0.5412299042193298
vn 0.6106267577331397 0.5781047945823047 -0.5412299042193298
vn -0.5403829415865601 0.577350276001259 -0.6120889929115916
vn -0.5403829415865601 0.577350276001259 -0.6120889929115916
vn -0.5403829415865601 0.577350276001259 -0.6120889929115916
vn 0.6093471609679343 0.5742162431531456 -0.5467830863508909
vn 0.6093471609679343 0.5742162431531456 -0.5467830863508909
vn 0.6093471609679343 0.5742162431531456 -0.5467830863508909
vn -0.7057420613594392 -0.7071067691913857 -0.04391081634233222
vn -0.7057420613594392 -0.7071067691913857 -0.04391081634233222
vn -0.7057420613594392 -0.7071067691913857 -0.04391081634233222
vn 0.7057420613594392 -0.7071067691913857 0.04391081634233222
vn 0.7057420613594392 -0.7071067691913857 0.04391081634233222
vn 0.7057420613594392 -0.7071067691913857 0.04391081634233222
vn 0.7057420613594392 -0.7071067691913857 0.04391081634233222
vn 0.7057420613594392 -0.7071067691913857 0.04391081634233222
vn 0.7057420613594392 -0.7071067691913857 0.04391081634233222
vn -0.7057420613594392 0.7071067691913857 -0.04391081634233222
vn -0.7057420613594392 0.7071067691913857 -0.04391081634233222
vn -0.7057420613594392 0.7071067691913857 -0.04391081634233222
vn -0.7057420613594392 -0.7071067691913857 -0.04391081634233222
vn -0.7057420613594392 -0.7071067691913857 -0.04391081634233222
vn -0.7057420613594392 -0.7071067691913857 -0.04391081634233222
vn 0.7057420613594392 0.7071067691913857 0.04391081634233222
vn 0.7057420613594392 0.7071067691913857 0.04391081634233222
vn 0.7057420613594392 0.7071067691913857 0.04391081634233222
vn -0.7057420613594392 0.7071067691913857 -0.04391081634233222
vn -0.7057420613594392 0.7071067691913857 -0.04391081634233222
vn -0.7057420613594392 0.7071067691913857 -0.04391081634233222
vn 0.7057420613594392 0.7071067691913857 0.04391081634233222
vn 0.7057420613594392 0.7071067691913857 0.04391081634233222
vn 0.7057420613594392 0.7071067691913857 0.04391081634233222
vn 0.5043150200281004 0.45787689214544025 -0.7321305294913534
vn 0.5043150200281004 0.45787689214544025 -0.7321305294913534
vn 0.5043150200281004 0.45787689214544025 -0.7321305294913534
vn -0.4096713385558829 0.45787689329342157 -0.7889981907164273
vn -0.4096713385558829 0.45787689329342157 -0.7889981907164273
vn -0.4096713385558829 0.45787689329342157 -0.7889981907164273
vn 0.5043150200281004 -0.45787689214544025 -0.7321305294913534
vn 0.5043150200281004 -0.45787689214544025 -0.7321305294913534
vn 0.5043150200281004 -0.45787689214544025 -0.7321305294913534
vn -0.4096713385558829 -0.45787689329342157 -0.7889981907164273
vn -0.4096713385558829 -0.45787689329342157 -0.7889981907164273
vn -0.4096713385558829 -0.45787689329342157 -0.7889981907164273
vn 0.062099272758735655 0 -0.9980699776683176
vn 0.062099272758735655 0 -0.9980699776683176
vn 0.062099272758735655 0 -0.9980699776683176
vn 0.062099272758735655 2.9196646891729627e-15 -0.9980699776683176
vn 0.062099272758735655 2.9196646891729627e-15 -0.9980699776683176
vn 0.062099272758735655 0 -0.9980699776683176
vn 0.062099272758735655 2.9196646891729627e-15 -0.9980699776683176
vn 0.062099272758735655 0 -0.9980699776683176
vn 0.062099272758735655 0 -0.9980699776683176
vn 0.062099272758735655 -7.21403597256586e-16 -0.9980699776683176
vn 0.062099272758735655 0 -0.9980699776683176
vn 0.062099272758735655 -7.21403597256586e-16 -0.9980699776683176
vn 0.062099272758735655 -7.21403597256586e-16 -0.9980699776683176
vn 0.062099272758735655 0 -0.9980699776683176
vn 0.062099272758735655 0 -0.9980699776683176
vn 0.062099272758735655 -7.21403597256586e-16 -0.9980699776683176
vn 0.062099272758735655 -7.21403597256586e-16 -0.9980699776683176
vn 0.062099272758735655 2.2314580593286586e-15 -0.9980699776683176
vn 0.062099272758735655 0 -0.9980699776683176
vn 0.062099272758735655 2.2314580593286586e-15 -0.9980699776683176
vn 0.062099272758735655 0 -0.9980699776683176
vn 0.062099272758735655 0 -0.9980699776683176
vn 0.062099272758735655 -7.21403597256586e-16 -0.9980699776683176
vn 0.062099272758735655 2.2314580593286586e-15 -0.9980699776683176
vn 0.062099272758735655 2.9196646891729627e-15 -0.9980699776683176
vn 0.062099272758735655 0 -0.9980699776683176
vn 0.062099272758735655 2.9196646891729627e-15 -0.9980699776683176
vn 0.062099272758735655 2.9196646891729627e-15 -0.9980699776683176
vn 0.062099272758735655 0 -0.9980699776683176
vn 0.062099272758735655 0 -0.9980699776683176
vn -0.7043701938419422 -0.7084786227574038 -0.04382546203792023
vn -0.7043701938419422 -0.7084786227574038 -0.04382546203792023
vn -0.7043701938419422 -0.7084786227574038 -0.04382546203792023
vn 0.707095368514822 -0.7056364256578386 0.04575341090801488
vn 0.707095368514822 -0.7056364256578386 0.04575341090801488
vn 0.707095368514822 -0.7056364256578386 0.04575341090801488
vn 0.7043701938419422 -0.7084786227574038 0.04382546203792023
vn 0.7043701938419422 -0.7084786227574038 0.04382546203792023
vn 0.7043701938419422 -0.7084786227574038 0.04382546203792023
vn -0.7073133099265235 0.705636452429578 -0.042250190572181504
vn -0.7073133099265235 0.705636452429578 -0.042250190572181504
vn -0.7073133099265235 0.705636452429578 -0.042250190572181504
vn -0.707095368514822 -0.7056364256578386 -0.04575341090801488
vn -0.707095368514822 -0.7056364256578386 -0.04575341090801488
vn -0.707095368514822 -0.7056364256578386 -0.04575341090801488
vn 0.7043701938419422 0.7084786227574038 0.04382546203792023
vn 0.7043701938419422 0.7084786227574038 0.04382546203792023
vn 0.7043701938419422 0.7084786227574038 0.04382546203792023
vn -0.7043701938419422 0.7084786227574038 -0.04382546203792023
vn -0.7043701938419422 0.7084786227574038 -0.04382546203792023
vn -0.7043701938419422 0.7084786227574038 -0.04382546203792023
vn 0.7073133099265235 0.705636452429578 0.042250190572181504
vn 0.7073133099265235 0.705636452429578 0.042250190572181504
vn 0.7073133099265235 0.705636452429578 0.042250190572181504
vn -0.062099272758735655 4.397598106232378e-14 0.9980699776683176
vn -0.062099272758735655 4.397598106232378e-14 0.9980699776683176
vn -0.062099272758735655 4.397598106232378e-14 0.9980699776683176
vn -0.062099272758735655 -7.35019056516553e-14 0.9980699776683176
vn -0.062099272758735655 -7.35019056516553e-14 0.9980699776683176
vn -0.062099272758735655 4.397598106232378e-14 0.9980699776683176
vn -0.062099272758735655 4.397598106232378e-14 0.9980699776683176
vn -0.062099272758735655 0 0.9980699776683176
vn -0.062099272758735655 4.397598106232378e-14 0.9980699776683176
vn -0.062099272758735655 -7.35019056516553e-14 0.9980699776683176
vn -0.062099272758735655 4.397598106232378e-14 0.9980699776683176
vn -0.062099272758735655 0 0.9980699776683176
vn -0.062099272758735655 4.397598106232378e-14 0.9980699776683176
vn -0.062099272758735655 4.397598106232378e-14 0.9980699776683176
vn -0.062099272758735655 -6.791819683461727e-14 0.9980699776683176
vn -0.062099272758735655 -7.35019056516553e-14 0.9980699776683176
vn -0.062099272758735655 -6.791819683461727e-14 0.9980699776683176
vn -0.062099272758735655 -7.35019056516553e-14 0.9980699776683176
vn -0.062099272758735655 0 0.9980699776683176
vn -0.062099272758735655 4.397598106232378e-14 0.9980699776683176
vn -0.062099272758735655 -6.791819683461727e-14 0.9980699776683176
vn -0.062099272758735655 -7.35019056516553e-14 0.9980699776683176
vn -0.062099272758735655 0 0.9980699776683176
vn -0.062099272758735655 -6.791819683461727e-14 0.9980699776683176
vn -0.5388269450516937 -0.5781047968233665 -0.6127482086273882
vn -0.5388269450516937 -0.5781047968233665 -0.6127482086273882
vn -0.5388269450516937 -0.5781047968233665 -0.6127482086273882
vn 0.6156473084856935 -0.5789771009547277 -0.5345688993239134
vn 0.6156473084856935 -0.5789771009547277 -0.5345688993239134
vn 0.6156473084856935 -0.5789771009547277 -0.5345688993239134
vn 0.6120889929115916 -0.577350276001259 -0.5403829415865601
vn 0.6120889929115916 -0.577350276001259 -0.5403829415865601
vn 0.6120889929115916 -0.577350276001259 -0.5403829415865601
vn -0.5446344611094599 0.5789771076897731 -0.6067609187671806
vn -0.5446344611094599 0.5789771076897731 -0.6067609187671806
vn -0.5446344611094599 0.5789771076897731 -0.6067609187671806
vn -0.5368688695630243 -0.5742162458612433 -0.6180999271017111
vn -0.5368688695630243 -0.5742162458612433 -0.6180999271017111
vn -0.5368688695630243 -0.5742162458612433 -0.6180999271017111
vn 0.6106267577331397 0.5781047945823047 -0.5412299042193298
vn 0.6106267577331397 0.5781047945823047 -0.5412299042193298
vn 0.6106267577331397 0.5781047945823047 -0.5412299042193298
vn -0.5403829415865601 0.577350276001259 -0.6120889929115916
vn -0.5403829415865601 0.577350276001259 -0.6120889929115916
vn -0.5403829415865601 0.577350276001259 -0.6120889929115916
vn 0.6093471609679343 0.5742162431531456 -0.5467830863508909
vn 0.6093471609679343 0.5742162431531456 -0.5467830863508909
vn 0.6093471609679343 0.5742162431531456 -0.5467830863508909
vn -0.7057420613594392 -0.7071067691913857 -0.04391081634233222
vn -0.7057420613594392 -0.7071067691913857 -0.04391081634233222
vn -0.7057420613594392 -0.7071067691913857 -0.04391081634233222
vn 0.7057420613594392 -0.7071067691913857 0.04391081634233222
vn 0.7057420613594392 -0.7071067691913857 0.04391081634233222
vn 0.7057420613594392 -0.7071067691913857 0.04391081634233222
vn 0.7057420613594392 -0.7071067691913857 0.04391081634233222
vn 0.7057420613594392 -0.7071067691913857 0.04391081634233222
vn 0.7057420613594392 -0.7071067691913857 0.04391081634233222
vn -0.7057420613594392 0.7071067691913857 -0.04391081634233222
vn -0.7057420613594392 0.7071067691913857 -0.04391081634233222
vn -0.7057420613594392 0.7071067691913857 -0.04391081634233222
vn -0.7057420613594392 -0.7071067691913857 -0.04391081634233222
vn -0.7057420613594392 -0.7071067691913857 -0.04391081634233222
vn -0.7057420613594392 -0.7071067691913857 -0.04391081634233222
vn 0.7057420613594392 0.7071067691913857 0.04391081634233222
vn 0.7057420613594392 0.7071067691913857 0.04391081634233222
vn 0.7057420613594392 0.7071067691913857 0.04391081634233222
vn -0.7057420613594392 0.7071067691913857 -0.04391081634233222
vn -0.7057420613594392 0.7071067691913857 -0.04391081634233222
vn -0.7057420613594392 0.7071067691913857 -0.04391081634233222
vn 0.7057420613594392 0.7071067691913857 0.04391081634233222
vn 0.7057420613594392 0.7071067691913857 0.04391081634233222
vn 0.7057420613594392 0.7071067691913857 0.04391081634233222
vn 0.5043150200281004 0.45787689214544025 -0.7321305294913534
vn 0.5043150200281004 0.45787689214544025 -0.7321305294913534
vn 0.5043150200281004 0.45787689214544025 -0.7321305294913534
vn -0.4096713385558829 0.45787689329342157 -0.7889981907164273
vn -0.4096713385558829 0.45787689329342157 -0.7889981907164273
vn -0.4096713385558829 0.45787689329342157 -0.7889981907164273
vn 0.5043150200281004 -0.45787689214544025 -0.7321305294913534
vn 0.5043150200281004 -0.45787689214544025 -0.7321305294913534
vn 0.5043150200281004 -0.45787689214544025 -0.7321305294913534
vn -0.4096713385558829 -0.45787689329342157 -0.7889981907164273
vn -0.4096713385558829 -0.45787689329342157 -0.7889981907164273
vn -0.4096713385558829 -0.45787689329342157 -0.7889981907164273
vn 0.7057420613594392 0.7071067691913857 0.04391081634233222
vn 0.7057420613594392 0.7071067691913857 0.04391081634233222
vn 0.7057420613594392 0.7071067691913857 0.04391081634233222
vn -0.7058068525146293 0.7071064124769968 -0.042862668807522
vn -0.7058068525146293 0.7071064124769968 -0.042862668807522
vn -0.7058068525146293 0.7071064124769968 -0.042862668807522
vn -0.7043701938419422 0.7084786227574038 -0.04382546203792023
vn -0.7043701938419422 0.7084786227574038 -0.04382546203792023
vn -0.7043701938419422 0.7084786227574038 -0.04382546203792023
vn 0.7056764314363297 -0.7071064064590287 0.04495891524365495
vn 0.7056764314363297 -0.7071064064590287 0.04495891524365495
vn 0.7056764314363297 -0.7071064064590287 0.04495891524365495
vn 0.7072748334009824 0.705637076624612 0.042879203937154504
vn 0.7072748334009824 0.705637076624612 0.042879203937154504
vn 0.7072748334009824 0.705637076624612 0.042879203937154504
vn -0.7057420613594392 -0.7071067691913857 -0.04391081634233222
vn -0.7057420613594392 -0.7071067691913857 -0.04391081634233222
vn -0.7057420613594392 -0.7071067691913857 -0.04391081634233222
vn 0.7043701938419422 -0.7084786227574038 0.04382546203792023
vn 0.7043701938419422 -0.7084786227574038 0.04382546203792023
vn 0.7043701938419422 -0.7084786227574038 0.04382546203792023
vn -0.7071351271439166 -0.7056370836359097 -0.04512447403532897
vn -0.7071351271439166 -0.7056370836359097 -0.04512447403532897
vn -0.7071351271439166 -0.7056370836359097 -0.04512447403532897
vn 0.062099272758735655 0 -0.9980699776683176
vn 0.062099272758735655 0 -0.9980699776683176
vn 0.062099272758735655 0 -0.9980699776683176
vn 0.062099272758735655 0 -0.9980699776683176
vn 0.062099272758735655 0 -0.9980699776683176
vn 0.062099272758735655 0 -0.9980699776683176
vn 0.7057420613594392 0.7071067691913857 0.04391081634233222
vn 0.7057420613594392 0.7071067691913857 0.04391081634233222
vn 0.7057420613594392 0.7071067691913857 0.04391081634233222
vn -0.7058068525146293 0.7071064124769968 -0.042862668807522
vn -0.7058068525146293 0.7071064124769968 -0.042862668807522
vn -0.7058068525146293 0.7071064124769968 -0.042862668807522
vn -0.7043701938419422 0.7084786227574038 -0.04382546203792023
vn -0.7043701938419422 0.7084786227574038 -0.04382546203792023
vn -0.7043701938419422 0.7084786227574038 -0.04382546203792023
vn 0.7056764314363297 -0.7071064064590287 0.04495891524365495
vn 0.7056764314363297 -0.7071064064590287 0.04495891524365495
vn 0.7056764314363297 -0.7071064064590287 0.04495891524365495
vn 0.7072748334009824 0.705637076624612 0.042879203937154504
vn 0.7072748334009824 0.705637076624612 0.042879203937154504
vn 0.7072748334009824 0.705637076624612 0.042879203937154504
vn -0.7057420613594392 -0.7071067691913857 -0.04391081634233222
vn -0.7057420613594392 -0.7071067691913857 -0.04391081634233222
vn -0.7057420613594392 -0.7071067691913857 -0.04391081634233222
vn 0.7043701938419422 -0.7084786227574038 0.04382546203792023
vn 0.7043701938419422 -0.7084786227574038 0.04382546203792023
vn 0.7043701938419422 -0.7084786227574038 0.04382546203792023
vn -0.7071351271439166 -0.7056370836359097 -0.04512447403532897
vn -0.7071351271439166 -0.7056370836359097 -0.04512447403532897
vn -0.7071351271439166 -0.7056370836359097 -0.04512447403532897
vn 0.062099272758735655 0 -0.9980699776683176
vn 0.062099272758735655 0 -0.9980699776683176
vn 0.062099272758735655 0 -0.9980699776683176
vn 0.062099272758735655 0 -0.9980699776683176
vn 0.062099272758735655 0 -0.9980699776683176
vn 0.062099272758735655 0 -0.9980699776683176
vn 0.062099272758735655 0 -0.9980699776683176
vn 0.062099272758735655 0 -0.9980699776683176
vn 0.062099272758735655 0 -0.9980699776683176
vn 0.062099272758735655 -5.943603049179813e-16 -0.9980699776683176
vn 0.062099272758735655 -5.943603049179813e-16 -0.9980699776683176
vn 0.062099272758735655 0 -0.9980699776683176
vn 0.062099272758735655 -5.943603049179813e-16 -0.9980699776683176
vn 0.062099272758735655 0 -0.9980699776683176
vn 0.062099272758735655 0 -0.9980699776683176
vn 0.062099272758735655 -6.541223954410502e-16 -0.9980699776683176
vn 0.062099272758735655 0 -0.9980699776683176
vn 0.062099272758735655 -6.541223954410502e-16 -0.9980699776683176
vn 0.062099272758735655 -6.541223954410502e-16 -0.9980699776683176
vn 0.062099272758735655 0 -0.9980699776683176
vn 0.062099272758735655 0 -0.9980699776683176
vn 0.062099272758735655 -6.541223954410502e-16 -0.9980699776683176
vn 0.062099272758735655 -6.541223954410502e-16 -0.9980699776683176
vn 0.062099272758735655 -9.436773722032533e-16 -0.9980699776683176
vn 0.062099272758735655 0 -0.9980699776683176
vn 0.062099272758735655 -9.436773722032533e-16 -0.9980699776683176
vn 0.062099272758735655 0 -0.9980699776683176
vn 0.062099272758735655 0 -0.9980699776683176
vn 0.062099272758735655 -6.541223954410502e-16 -0.9980699776683176
vn 0.062099272758735655 -9.436773722032533e-16 -0.9980699776683176
vn 0.062099272758735655 -5.943603049179813e-16 -0.9980699776683176
vn 0.062099272758735655 0 -0.9980699776683176
vn 0.062099272758735655 -5.943603049179813e-16 -0.9980699776683176
vn 0.062099272758735655 -5.943603049179813e-16 -0.9980699776683176
vn 0.062099272758735655 0 -0.9980699776683176
vn 0.062099272758735655 0 -0.9980699776683176
vn -0.7043701938419422 -0.7084786227574038 -0.04382546203792023
vn -0.7043701938419422 -0.7084786227574038 -0.04382546203792023
vn -0.7043701938419422 -0.7084786227574038 -0.04382546203792023
vn 0.707095368514822 -0.7056364256578386 0.04575341090801488
vn 0.707095368514822 -0.7056364256578386 0.04575341090801488
vn 0.707095368514822 -0.7056364256578386 0.04575341090801488
vn 0.7043701938419422 -0.7084786227574038 0.04382546203792023
vn 0.7043701938419422 -0.7084786227574038 0.04382546203792023
vn 0.7043701938419422 -0.7084786227574038 0.04382546203792023
vn -0.7073133099265235 0.705636452429578 -0.042250190572181504
vn -0.7073133099265235 0.705636452429578 -0.042250190572181504
vn -0.7073133099265235 0.705636452429578 -0.042250190572181504
vn -0.707095368514822 -0.7056364256578386 -0.04575341090801488
vn -0.707095368514822 -0.7056364256578386 -0.04575341090801488
vn -0.707095368514822 -0.7056364256578386 -0.04575341090801488
vn 0.7043701938419422 0.7084786227574038 0.04382546203792023
vn 0.7043701938419422 0.7084786227574038 0.04382546203792023
vn 0.7043701938419422 0.7084786227574038 0.04382546203792023
vn -0.7043701938419422 0.7084786227574038 -0.04382546203792023
vn -0.7043701938419422 0.7084786227574038 -0.04382546203792023
vn -0.7043701938419422 0.7084786227574038 -0.04382546203792023
vn 0.7073133099265235 0.705636452429578 0.042250190572181504
vn 0.7073133099265235 0.705636452429578 0.042250190572181504
vn 0.7073133099265235 0.705636452429578 0.042250190572181504
vn -0.062099272758735655 4.0207236802898766e-14 0.9980699776683176
vn -0.062099272758735655 4.0207236802898766e-14 0.9980699776683176
vn -0.062099272758735655 4.0207236802898766e-14 0.9980699776683176
vn -0.062099272758735655 1.246520624816733e-13 0.9980699776683176
vn -0.062099272758735655 1.246520624816733e-13 0.9980699776683176
vn -0.062099272758735655 4.0207236802898766e-14 0.9980699776683176
vn -0.062099272758735655 4.0207236802898766e-14 0.9980699776683176
vn -0.062099272758735655 0 0.9980699776683176
vn -0.062099272758735655 4.0207236802898766e-14 0.9980699776683176
vn -0.062099272758735655 1.246520624816733e-13 0.9980699776683176
vn -0.062099272758735655 4.0207236802898766e-14 0.9980699776683176
vn -0.062099272758735655 0 0.9980699776683176
vn -0.062099272758735655 4.0207236802898766e-14 0.9980699776683176
vn -0.062099272758735655 4.0207236802898766e-14 0.9980699776683176
vn -0.062099272758735655 -6.209760340109884e-14 0.9980699776683176
vn -0.062099272758735655 1.246520624816733e-13 0.9980699776683176
vn -0.062099272758735655 -6.209760340109884e-14 0.9980699776683176
vn -0.062099272758735655 1.246520624816733e-13 0.9980699776683176
vn -0.062099272758735655 0 0.9980699776683176
vn -0.062099272758735655 4.0207236802898766e-14 0.9980699776683176
vn -0.062099272758735655 -6.209760340109884e-14 0.9980699776683176
vn -0.062099272758735655 1.246520624816733e-13 0.9980699776683176
vn -0.062099272758735655 0 0.9980699776683176
vn -0.062099272758735655 -6.209760340109884e-14 0.9980699776683176
vn -0.5388269450516937 -0.5781047968233665 -0.6127482086273882
vn -0.5388269450516937 -0.5781047968233665 -0.6127482086273882
vn -0.5388269450516937 -0.5781047968233665 -0.6127482086273882
vn 0.6156473084856935 -0.5789771009547277 -0.5345688993239134
vn 0.6156473084856935 -0.5789771009547277 -0.5345688993239134
vn 0.6156473084856935 -0.5789771009547277 -0.5345688993239134
vn 0.6120889929115916 -0.577350276001259 -0.5403829415865601
vn 0.6120889929115916 -0.577350276001259 -0.5403829415865601
vn 0.6120889929115916 -0.577350276001259 -0.5403829415865601
vn -0.5446344611094599 0.5789771076897731 -0.6067609187671806
vn -0.5446344611094599 0.5789771076897731 -0.6067609187671806
vn -0.5446344611094599 0.5789771076897731 -0.6067609187671806
vn -0.5368688695630243 -0.5742162458612433 -0.6180999271017111
vn -0.5368688695630243 -0.5742162458612433 -0.6180999271017111
vn -0.5368688695630243 -0.5742162458612433 -0.6180999271017111
vn 0.6106267577331397 0.5781047945823047 -0.5412299042193298
vn 0.6106267577331397 0.5781047945823047 -0.5412299042193298
vn 0.6106267577331397 0.5781047945823047 -0.5412299042193298
vn -0.5403829415865601 0.577350276001259 -0.6120889929115916
vn -0.5403829415865601 0.577350276001259 -0.6120889929115916
vn -0.5403829415865601 0.577350276001259 -0.6120889929115916
vn 0.6093471609679343 0.5742162431531456 -0.5467830863508909
vn 0.6093471609679343 0.5742162431531456 -0.5467830863508909
vn 0.6093471609679343 0.5742162431531456 -0.5467830863508909
vn -0.7057420613594392 -0.7071067691913857 -0.04391081634233222
vn -0.7057420613594392 -0.7071067691913857 -0.04391081634233222
vn -0.7057420613594392 -0.7071067691913857 -0.04391081634233222
vn 0.7057420613594392 -0.7071067691913857 0.04391081634233222
vn 0.7057420613594392 -0.7071067691913857 0.04391081634233222
vn 0.7057420613594392 -0.7071067691913857 0.04391081634233222
vn 0.7057420613594392 -0.7071067691913857 0.04391081634233222
vn 0.7057420613594392 -0.7071067691913857 0.04391081634233222
vn 0.7057420613594392 -0.7071067691913857 0.04391081634233222
vn -0.7057420613594392 0.7071067691913857 -0.04391081634233222
vn -0.7057420613594392 0.7071067691913857 -0.04391081634233222
vn -0.7057420613594392 0.7071067691913857 -0.04391081634233222
vn -0.7057420613594392 -0.7071067691913857 -0.04391081634233222
vn -0.7057420613594392 -0.7071067691913857 -0.04391081634233222
vn -0.7057420613594392 -0.7071067691913857 -0.04391081634233222
vn 0.7057420613594392 0.7071067691913857 0.04391081634233222
vn 0.7057420613594392 0.7071067691913857 0.04391081634233222
vn 0.7057420613594392 0.7071067691913857 0.04391081634233222
vn -0.7057420613594392 0.7071067691913857 -0.04391081634233222
vn -0.7057420613594392 0.7071067691913857 -0.04391081634233222
vn -0.7057420613594392 0.7071067691913857 -0.04391081634233222
vn 0.7057420613594392 0.7071067691913857 0.04391081634233222
vn 0.7057420613594392 0.7071067691913857 0.04391081634233222
vn 0.7057420613594392 0.7071067691913857 0.04391081634233222
vn 0.5043150200281004 0.45787689214544025 -0.7321305294913534
vn 0.5043150200281004 0.45787689214544025 -0.7321305294913534
vn 0.5043150200281004 0.45787689214544025 -0.7321305294913534
vn -0.4096713385558829 0.45787689329342157 -0.7889981907164273
vn -0.4096713385558829 0.45787689329342157 -0.7889981907164273
vn -0.4096713385558829 0.45787689329342157 -0.7889981907164273
vn 0.5043150200281004 -0.45787689214544025 -0.7321305294913534
vn 0.5043150200281004 -0.45787689214544025 -0.7321305294913534
vn 0.5043150200281004 -0.45787689214544025 -0.7321305294913534
vn -0.4096713385558829 -0.45787689329342157 -0.7889981907164273
vn -0.4096713385558829 -0.45787689329342157 -0.7889981907164273
vn -0.4096713385558829 -0.45787689329342157 -0.7889981907164273
vn 0.1543780530818892 0.12410086116477614 0.9801869173707667
vn 0.1543780530818892 0.12410086116477614 0.9801869173707667
vn 0.1543780530818892 0.12410086116477614 0.9801869173707667
vn 0.7194223636319536 0.28111530258343553 -0.6351422276621487
vn 0.7194223636319536 0.28111530258343553 -0.6351422276621487
vn 0.7194223636319536 0.28111530258343553 -0.6351422276621487
vn 0.6940437018544469 -0.37796447003839556 -0.6127366475940298
vn 0.6940437018544469 -0.37796447003839556 -0.6127366475940298
vn 0.6940437018544469 -0.37796447003839556 -0.6127366475940298
vn -0.6127366475940298 0.37796447003839556 -0.6940437018544469
vn -0.6127366475940298 0.37796447003839556 -0.6940437018544469
vn -0.6127366475940298 0.37796447003839556 -0.6940437018544469
vn -0.6351422276621487 -0.28111530258343553 -0.7194223636319536
vn -0.6351422276621487 -0.28111530258343553 -0.7194223636319536
vn -0.6351422276621487 -0.28111530258343553 -0.7194223636319536
vn -0.2746902417557391 -0.12410086444596498 0.9534905592232876
vn -0.2746902417557391 -0.12410086444596498 0.9534905592232876
vn -0.2746902417557391 -0.12410086444596498 0.9534905592232876
vn -0.06110833409294055 0.1779323765061832 0.9821434930269849
vn -0.06110833409294055 0.1779323765061832 0.9821434930269849
vn -0.06110833409294055 0.1779323765061832 0.9821434930269849
vn -0.2282049820751759 0.06942161965829823 0.9711349673861441
vn -0.2282049820751759 0.06942161965829823 0.9711349673861441
vn -0.2282049820751759 0.06942161965829823 0.9711349673861441
vn -0.028116886099487034 0.2138326222835278 -0.9764655909776948
vn -0.028116886099487034 0.2138326222835278 -0.9764655909776948
vn -0.028116886099487034 0.2138326222835278 -0.9764655909776948
vn 0.1481866510333101 0.212754185920602 -0.9658034856164032
vn 0.1481866510333101 0.212754185920602 -0.9658034856164032
vn 0.1481866510333101 0.212754185920602 -0.9658034856164032
vn 0.062099272758735655 3.325953561701281e-15 -0.9980699776683176
vn 0.062099272758735655 3.325953561701281e-15 -0.9980699776683176
vn 0.062099272758735655 3.325953561701281e-15 -0.9980699776683176
vn 0.062099272758735655 9.01220482014964e-16 -0.9980699776683176
vn 0.062099272758735655 3.325953561701281e-15 -0.9980699776683176
vn 0.062099272758735655 9.01220482014964e-16 -0.9980699776683176
vn 0.10606415467183408 -0.06942161850532973 0.9919329785715615
vn 0.10606415467183408 -0.06942161850532973 0.9919329785715615
vn 0.10606415467183408 -0.06942161850532973 0.9919329785715615
vn 0.062099272758735655 5.563315228772496e-15 -0.9980699776683176
vn 0.062099272758735655 3.325953561701281e-15 -0.9980699776683176
vn 0.062099272758735655 9.01220482014964e-16 -0.9980699776683176
vn 0.062099272758735655 5.563315228772496e-15 -0.9980699776683176
vn 0.062099272758735655 -5.719397562703696e-15 -0.9980699776683176
vn 0.062099272758735655 3.325953561701281e-15 -0.9980699776683176
vn 0.062099272758735655 -9.849983277090433e-15 -0.9980699776683176
vn 0.062099272758735655 3.325953561701281e-15 -0.9980699776683176
vn 0.062099272758735655 -5.719397562703696e-15 -0.9980699776683176
vn 0.062099272758735655 -9.849983277090433e-15 -0.9980699776683176
vn 0.062099272758735655 -8.344671934711448e-16 -0.9980699776683176
vn 0.062099272758735655 3.325953561701281e-15 -0.9980699776683176
vn 0.062099272758735655 3.325953561701281e-15 -0.9980699776683176
vn 0.062099272758735655 3.325953561701281e-15 -0.9980699776683176
vn 0.062099272758735655 -8.344671934711448e-16 -0.9980699776683176
vn 0.062099272758735655 -1.4137896463810975e-15 -0.9980699776683176
vn 0.062099272758735655 -1.4137896463810975e-15 -0.9980699776683176
vn 0.062099272758735655 -1.4137896463810975e-15 -0.9980699776683176
vn 0.062099272758735655 -3.699042766899864e-15 -0.9980699776683176
vn 0.062099272758735655 -3.699042766899864e-15 -0.9980699776683176
vn 0.062099272758735655 -1.4137896463810975e-15 -0.9980699776683176
vn 0.062099272758735655 -2.1520470283619608e-15 -0.9980699776683176
vn 0.062099272758735655 -2.1520470283619608e-15 -0.9980699776683176
vn 0.062099272758735655 -1.4137896463810975e-15 -0.9980699776683176
vn 0.062099272758735655 -3.699042766899864e-15 -0.9980699776683176
vn 0.062099272758735655 -1.4137896463810975e-15 -0.9980699776683176
vn 0.062099272758735655 -2.1520470283619608e-15 -0.9980699776683176
vn 0.062099272758735655 1.24842810908689e-14 -0.9980699776683176
vn 0.062099272758735655 -2.1520470283619608e-15 -0.9980699776683176
vn 0.062099272758735655 -1.4137896463810975e-15 -0.9980699776683176
vn 0.062099272758735655 -4.49902894398104e-15 -0.9980699776683176
vn 0.062099272758735655 -1.4137896463810975e-15 -0.9980699776683176
vn 0.062099272758735655 -1.4137896463810975e-15 -0.9980699776683176
vn 0.062099272758735655 -4.49902894398104e-15 -0.9980699776683176
vn 0.062099272758735655 1.24842810908689e-14 -0.9980699776683176
vn 0.062099272758735655 -1.4137896463810975e-15 -0.9980699776683176
vn 0.062099272758735655 4.714740278386663e-15 -0.9980699776683176
vn 0.062099272758735655 -1.4137896463810975e-15 -0.9980699776683176
vn 0.062099272758735655 4.714740278386663e-15 -0.9980699776683176
vn 0.062099272758735655 9.727529420908234e-15 -0.9980699776683176
vn 0.062099272758735655 3.325953561701281e-15 -0.9980699776683176
vn 0.062099272758735655 -1.4137896463810975e-15 -0.9980699776683176
vn 0.062099272758735655 3.325953561701281e-15 -0.9980699776683176
vn 0.062099272758735655 -1.4137896463810975e-15 -0.9980699776683176
vn 0.062099272758735655 3.325953561701281e-15 -0.9980699776683176
vn 0.062099272758735655 2.481809440556284e-15 -0.9980699776683176
vn 0.062099272758735655 -1.4137896463810975e-15 -0.9980699776683176
vn 0.062099272758735655 -1.4137896463810975e-15 -0.9980699776683176
vn 0.062099272758735655 -5.652193123247165e-15 -0.9980699776683176
vn 0.062099272758735655 -1.4137896463810975e-15 -0.9980699776683176
vn 0.062099272758735655 -5.652193123247165e-15 -0.9980699776683176
vn 0.062099272758735655 3.196106971539315e-14 -0.9980699776683176
vn 0.062099272758735655 -5.652193123247165e-15 -0.9980699776683176
vn 0.062099272758735655 -1.4137896463810975e-15 -0.9980699776683176
vn 0.062099272758735655 -5.652193123247165e-15 -0.9980699776683176
vn 0.062099272758735655 2.481809440556284e-15 -0.9980699776683176
vn 0.062099272758735655 -1.4137896463810975e-15 -0.9980699776683176
vn 0.062099272758735655 4.714740278386663e-15 -0.9980699776683176
vn 0.062099272758735655 9.727529420908234e-15 -0.9980699776683176
vn 0.062099272758735655 -1.4137896463810975e-15 -0.9980699776683176
vn 0.062099272758735655 3.325953561701281e-15 -0.9980699776683176
vn 0.062099272758735655 3.196106971539315e-14 -0.9980699776683176
vn 0.062099272758735655 -1.4137896463810975e-15 -0.9980699776683176
vn 0.062099272758735655 3.8885524082599164e-16 -0.9980699776683176
vn 0.062099272758735655 4.714740278386663e-15 -0.9980699776683176
vn 0.062099272758735655 3.325953561701281e-15 -0.9980699776683176
vn 0.062099272758735655 3.8885524082599164e-16 -0.9980699776683176
vn 0.062099272758735655 4.714740278386663e-15 -0.9980699776683176
vn 0.062099272758735655 4.714740278386663e-15 -0.9980699776683176
vn 0.062099272758735655 9.727529420908234e-15 -0.9980699776683176
vn 0.062099272758735655 -3.923787283954864e-15 -0.9980699776683176
vn 0.062099272758735655 3.325953561701281e-15 -0.9980699776683176
vn 0.062099272758735655 3.8885524082599164e-16 -0.9980699776683176
vn 0.062099272758735655 3.325953561701281e-15 -0.9980699776683176
vn 0.062099272758735655 -3.923787283954864e-15 -0.9980699776683176
vn 0.062099272758735655 3.897181026807562e-16 -0.9980699776683176
vn 0.062099272758735655 3.897181026807562e-16 -0.9980699776683176
vn 0.062099272758735655 -3.699042766899864e-15 -0.9980699776683176
vn -0.027323869147951874 -0.21275419872370857 -0.9767236339416684
vn -0.027323869147951874 -0.21275419872370857 -0.9767236339416684
vn -0.027323869147951874 -0.21275419872370857 -0.9767236339416684
vn 0.062099272758735655 -1.5383070018282674e-14 -0.9980699776683176
vn 0.062099272758735655 -3.699042766899864e-15 -0.9980699776683176
vn 0.062099272758735655 9.01220482014964e-16 -0.9980699776683176
vn 0.062099272758735655 -3.699042766899864e-15 -0.9980699776683176
vn 0.062099272758735655 9.01220482014964e-16 -0.9980699776683176
vn 0.062099272758735655 -3.699042766899864e-15 -0.9980699776683176
vn 0.062099272758735655 -1.5383070018282674e-14 -0.9980699776683176
vn 0.062099272758735655 1.3250103253633018e-15 -0.9980699776683176
vn 0.062099272758735655 -3.699042766899864e-15 -0.9980699776683176
vn 0.062099272758735655 3.897181026807562e-16 -0.9980699776683176
vn 0.062099272758735655 -3.699042766899864e-15 -0.9980699776683176
vn 0.062099272758735655 1.3250103253633018e-15 -0.9980699776683176
vn 0.062099272758735655 -2.7733765969759963e-15 -0.9980699776683176
vn 0.062099272758735655 9.01220482014964e-16 -0.9980699776683176
vn 0.062099272758735655 3.897181026807562e-16 -0.9980699776683176
vn 0.14894157269015706 -0.21383261136378157 -0.9654491298053608
vn 0.14894157269015706 -0.21383261136378157 -0.9654491298053608
vn 0.14894157269015706 -0.21383261136378157 -0.9654491298053608
vn 0.062099272758735655 3.897181026807562e-16 -0.9980699776683176
vn 0.062099272758735655 -2.7733765969759963e-15 -0.9980699776683176
vn 0.062099272758735655 3.897181026807562e-16 -0.9980699776683176
vn -0.06110833409294055 -0.1779323765061832 0.9821434930269849
vn -0.06110833409294055 -0.1779323765061832 0.9821434930269849
vn -0.06110833409294055 -0.1779323765061832 0.9821434930269849
vn 0.062099272758735655 -1.901711740759947e-15 -0.9980699776683176
vn 0.062099272758735655 9.01220482014964e-16 -0.9980699776683176
vn 0.062099272758735655 9.01220482014964e-16 -0.9980699776683176
vn 0.062099272758735655 2.2280711981702794e-15 -0.9980699776683176
vn 0.062099272758735655 9.01220482014964e-16 -0.9980699776683176
vn 0.062099272758735655 2.2280711981702794e-15 -0.9980699776683176
vn 0.062099272758735655 -1.640479671014345e-14 -0.9980699776683176
vn 0.062099272758735655 2.2280711981702794e-15 -0.9980699776683176
vn 0.062099272758735655 9.01220482014964e-16 -0.9980699776683176
vn 0.062099272758735655 2.2280711981702794e-15 -0.9980699776683176
vn 0.062099272758735655 -1.901711740759947e-15 -0.9980699776683176
vn 0.062099272758735655 9.01220482014964e-16 -0.9980699776683176
vn 0.062099272758735655 -2.7733765969759963e-15 -0.9980699776683176
vn 0.062099272758735655 -1.5383070018282674e-14 -0.9980699776683176
vn 0.062099272758735655 9.01220482014964e-16 -0.9980699776683176
vn 0.062099272758735655 -3.699042766899864e-15 -0.9980699776683176
vn 0.062099272758735655 -1.640479671014345e-14 -0.9980699776683176
vn 0.062099272758735655 9.01220482014964e-16 -0.9980699776683176
vn 0.062099272758735655 -5.1093102386125035e-15 -0.9980699776683176
vn 0.062099272758735655 -5.1093102386125035e-15 -0.9980699776683176
vn 0.062099272758735655 9.01220482014964e-16 -0.9980699776683176
vn 0.6106432725327995 0.5780962752012517 -0.541220371298856
vn 0.6106432725327995 0.5780962752012517 -0.541220371298856
vn 0.6106432725327995 0.5780962752012517 -0.541220371298856
vn -0.5444247757412365 0.578675631405948 -0.6072365084347544
vn -0.5444247757412365 0.578675631405948 -0.6072365084347544
vn -0.5444247757412365 0.578675631405948 -0.6072365084347544
vn 0.062099272758735655 1.6257414251404875e-15 -0.9980699776683176
vn 0.062099272758735655 9.01220482014964e-16 -0.9980699776683176
vn 0.062099272758735655 -1.901711740759947e-15 -0.9980699776683176
vn 0.062099272758735655 1.6257414251404875e-15 -0.9980699776683176
vn 0.062099272758735655 -5.1093102386125035e-15 -0.9980699776683176
vn 0.062099272758735655 9.01220482014964e-16 -0.9980699776683176
vn -0.5403829415865601 0.577350276001259 -0.6120889929115916
vn -0.5403829415865601 0.577350276001259 -0.6120889929115916
vn -0.5403829415865601 0.577350276001259 -0.6120889929115916
vn 0.062099272758735655 -5.1093102386125035e-15 -0.9980699776683176
vn 0.062099272758735655 -5.719397562703696e-15 -0.9980699776683176
vn 0.062099272758735655 -5.1093102386125035e-15 -0.9980699776683176
vn 0.6154981367433562 -0.5786756417950779 -0.5350668605496994
vn 0.6154981367433562 -0.5786756417950779 -0.5350668605496994
vn 0.6154981367433562 -0.5786756417950779 -0.5350668605496994
vn 0.6096966757294754 0.5746154089789693 -0.5459735299154702
vn 0.6096966757294754 0.5746154089789693 -0.5459735299154702
vn 0.6096966757294754 0.5746154089789693 -0.5459735299154702
vn -0.5388445805127121 -0.5780962652978565 -0.6127407495023892
vn -0.5388445805127121 -0.5780962652978565 -0.6127407495023892
vn -0.5388445805127121 -0.5780962652978565 -0.6127407495023892
vn 0.062099272758735655 1.8867798737469022e-16 -0.9980699776683176
vn 0.062099272758735655 -9.849983277090433e-15 -0.9980699776683176
vn 0.062099272758735655 -5.719397562703696e-15 -0.9980699776683176
vn 0.062099272758735655 -5.1093102386125035e-15 -0.9980699776683176
vn 0.062099272758735655 1.8867798737469022e-16 -0.9980699776683176
vn 0.062099272758735655 -5.719397562703696e-15 -0.9980699776683176
vn 0.6120889929115916 -0.577350276001259 -0.5403829415865601
vn 0.6120889929115916 -0.577350276001259 -0.5403829415865601
vn 0.6120889929115916 -0.577350276001259 -0.5403829415865601
vn -0.5373160793367641 -0.5746154140223322 -0.6173399038245561
vn -0.5373160793367641 -0.5746154140223322 -0.6173399038245561
vn -0.5373160793367641 -0.5746154140223322 -0.6173399038245561
vn 0.062099272758735655 -2.1520470283619608e-15 -0.9980699776683176
vn 0.062099272758735655 8.208264693365496e-16 -0.9980699776683176
vn 0.062099272758735655 2.2280711981702794e-15 -0.9980699776683176
vn 0.850291534803453 0.001584577578373954 -0.5263095999081588
vn 0.850291534803453 0.001584577578373954 -0.5263095999081588
vn 0.850291534803453 0.001584577578373954 -0.5263095999081588
vn 0.033837749585727564 0.8200731638826517 -0.5712573960855744
vn 0.033837749585727564 0.8200731638826517 -0.5712573960855744
vn 0.033837749585727564 0.8200731638826517 -0.5712573960855744
vn 0.062099272758735655 -1.640479671014345e-14 -0.9980699776683176
vn 0.062099272758735655 -2.1520470283619608e-15 -0.9980699776683176
vn 0.062099272758735655 2.2280711981702794e-15 -0.9980699776683176
vn 0.03585303157170616 0.8164966003704688 -0.5762359427444499
vn 0.03585303157170616 0.8164966003704688 -0.5762359427444499
vn 0.03585303157170616 0.8164966003704688 -0.5762359427444499
vn 0.062099272758735655 -2.1520470283619608e-15 -0.9980699776683176
vn 0.062099272758735655 -1.901711740759947e-15 -0.9980699776683176
vn 0.062099272758735655 8.208264693365496e-16 -0.9980699776683176
vn 0.03723562783057057 -0.8200731657031887 -0.5710459796843106
vn 0.03723562783057057 -0.8200731657031887 -0.5710459796843106
vn 0.03723562783057057 -0.8200731657031887 -0.5710459796843106
vn 0.847250803829564 5.321048172586111e-15 -0.5311930679236673
vn 0.847250803829564 5.321048172586111e-15 -0.5311930679236673
vn 0.847250803829564 5.321048172586111e-15 -0.5311930679236673
vn -0.7784928320870731 -0.001584577645509664 -0.6276514952604937
vn -0.7784928320870731 -0.001584577645509664 -0.6276514952604937
vn -0.7784928320870731 -0.001584577645509664 -0.6276514952604937
vn 0.062099272758735655 1.6257414251404875e-15 -0.9980699776683176
vn 0.062099272758735655 -1.901711740759947e-15 -0.9980699776683176
vn 0.062099272758735655 -2.1520470283619608e-15 -0.9980699776683176
vn 0.03585303157170616 -0.8164966003704688 -0.5762359427444499
vn 0.03585303157170616 -0.8164966003704688 -0.5762359427444499
vn 0.03585303157170616 -0.8164966003704688 -0.5762359427444499
vn -0.7748702105630327 3.613992756283464e-13 -0.6321203657389953
vn -0.7748702105630327 3.613992756283464e-13 -0.6321203657389953
vn -0.7748702105630327 3.613992756283464e-13 -0.6321203657389953
vn 0.6128798709922828 -0.575855373086777 -0.5410811889352388
vn 0.6128798709922828 -0.575855373086777 -0.5410811889352388
vn 0.6128798709922828 -0.575855373086777 -0.5410811889352388
vn 0.6130954738472697 0.5810829541371145 -0.5352163491143334
vn 0.6130954738472697 0.5810829541371145 -0.5352163491143334
vn 0.6130954738472697 0.5810829541371145 -0.5352163491143334
vn 0.6120889929115916 0.577350276001259 -0.5403829415865601
vn 0.6120889929115916 0.577350276001259 -0.5403829415865601
vn 0.6120889929115916 0.577350276001259 -0.5403829415865601
vn -0.5420221103649545 -0.5810829415309834 -0.6070870175989771
vn -0.5420221103649545 -0.5810829415309834 -0.6070870175989771
vn -0.5420221103649545 -0.5810829415309834 -0.6070870175989771
vn 0.6096966757294754 -0.5746154089789693 -0.5459735299154702
vn 0.6096966757294754 -0.5746154089789693 -0.5459735299154702
vn 0.6096966757294754 -0.5746154089789693 -0.5459735299154702
vn -0.5410811889352388 0.575855373086777 -0.6128798709922828
vn -0.5410811889352388 0.575855373086777 -0.6128798709922828
vn -0.5410811889352388 0.575855373086777 -0.6128798709922828
vn -0.5403829415865601 -0.577350276001259 -0.6120889929115916
vn -0.5403829415865601 -0.577350276001259 -0.6120889929115916
vn -0.5403829415865601 -0.577350276001259 -0.6120889929115916
vn -0.5373160793367641 0.5746154140223322 -0.6173399038245561
vn -0.5373160793367641 0.5746154140223322 -0.6173399038245561
vn -0.5373160793367641 0.5746154140223322 -0.6173399038245561
vn 0.03748087986558263 -0.8159670296983909 -0.5768821284193913
vn 0.03748087986558263 -0.8159670296983909 -0.5768821284193913
vn 0.03748087986558263 -0.8159670296983909 -0.5768821284193913
vn 0.8540270851801274 0.0017022243555884456 -0.5202257588883682
vn 0.8540270851801274 0.0017022243555884456 -0.5202257588883682
vn 0.8540270851801274 0.0017022243555884456 -0.5202257588883682
vn 0.8507737549052523 0 -0.5255321283845713
vn 0.8507737549052523 0 -0.5255321283845713
vn 0.8507737549052523 0 -0.5255321283845713
vn -0.7829537194958354 -0.0017022243273265673 -0.6220776282426302
vn -0.7829537194958354 -0.0017022243273265673 -0.6220776282426302
vn -0.7829537194958354 -0.0017022243273265673 -0.6220776282426302
vn 0.062099272758735655 1.6257414251404875e-15 -0.9980699776683176
vn 0.062099272758735655 -2.1520470283619608e-15 -0.9980699776683176
vn 0.062099272758735655 1.24842810908689e-14 -0.9980699776683176
vn 0.03619030880134398 -0.8126288690789434 -0.5816567567632486
vn 0.03619030880134398 -0.8126288690789434 -0.5816567567632486
vn 0.03619030880134398 -0.8126288690789434 -0.5816567567632486
vn 0.034317839914596304 0.8159670239403879 -0.5770789388857149
vn 0.034317839914596304 0.8159670239403879 -0.5770789388857149
vn 0.034317839914596304 0.8159670239403879 -0.5770789388857149
vn -0.7790676842260877 3.6218540137492974e-13 -0.626939824380778
vn -0.7790676842260877 3.6218540137492974e-13 -0.626939824380778
vn -0.7790676842260877 3.6218540137492974e-13 -0.626939824380778
vn 0.03619030880134398 0.8126288690789434 -0.5816567567632486
vn 0.03619030880134398 0.8126288690789434 -0.5816567567632486
vn 0.03619030880134398 0.8126288690789434 -0.5816567567632486
vn 0.062099272758735655 3.604513468736635e-15 -0.9980699776683176
vn 0.062099272758735655 3.604513468736635e-15 -0.9980699776683176
vn 0.062099272758735655 -1.4137896463810975e-15 -0.9980699776683176
vn -0.5388445805127121 -0.5780962652978565 -0.6127407495023892
vn -0.5388445805127121 -0.5780962652978565 -0.6127407495023892
vn -0.5388445805127121 -0.5780962652978565 -0.6127407495023892
vn 0.6154981367433562 -0.5786756417950779 -0.5350668605496994
vn 0.6154981367433562 -0.5786756417950779 -0.5350668605496994
vn 0.6154981367433562 -0.5786756417950779 -0.5350668605496994
vn 0.062099272758735655 1.8867798737469022e-16 -0.9980699776683176
vn 0.062099272758735655 -1.4137896463810975e-15 -0.9980699776683176
vn 0.062099272758735655 2.481809440556284e-15 -0.9980699776683176
vn 0.062099272758735655 1.8867798737469022e-16 -0.9980699776683176
vn 0.062099272758735655 3.604513468736635e-15 -0.9980699776683176
vn 0.062099272758735655 -1.4137896463810975e-15 -0.9980699776683176
vn 0.6120889929115916 -0.577350276001259 -0.5403829415865601
vn 0.6120889929115916 -0.577350276001259 -0.5403829415865601
vn 0.6120889929115916 -0.577350276001259 -0.5403829415865601
vn 0.062099272758735655 3.604513468736635e-15 -0.9980699776683176
vn 0.062099272758735655 1.24842810908689e-14 -0.9980699776683176
vn 0.062099272758735655 3.604513468736635e-15 -0.9980699776683176
vn -0.5444247757412365 0.578675631405948 -0.6072365084347544
vn -0.5444247757412365 0.578675631405948 -0.6072365084347544
vn -0.5444247757412365 0.578675631405948 -0.6072365084347544
vn -0.5373160793367641 -0.5746154140223322 -0.6173399038245561
vn -0.5373160793367641 -0.5746154140223322 -0.6173399038245561
vn -0.5373160793367641 -0.5746154140223322 -0.6173399038245561
vn 0.6106432725327995 0.5780962752012517 -0.541220371298856
vn 0.6106432725327995 0.5780962752012517 -0.541220371298856
vn 0.6106432725327995 0.5780962752012517 -0.541220371298856
vn 0.062099272758735655 1.6257414251404875e-15 -0.9980699776683176
vn 0.062099272758735655 1.24842810908689e-14 -0.9980699776683176
vn 0.062099272758735655 3.604513468736635e-15 -0.9980699776683176
vn -0.5403829415865601 0.577350276001259 -0.6120889929115916
vn -0.5403829415865601 0.577350276001259 -0.6120889929115916
vn -0.5403829415865601 0.577350276001259 -0.6120889929115916
vn 0.6096966757294754 0.5746154089789693 -0.5459735299154702
vn 0.6096966757294754 0.5746154089789693 -0.5459735299154702
vn 0.6096966757294754 0.5746154089789693 -0.5459735299154702
vn 0.062099272758735655 -9.849983277090433e-15 -0.9980699776683176
vn 0.062099272758735655 -3.752349513607589e-15 -0.9980699776683176
vn 0.062099272758735655 -5.652193123247165e-15 -0.9980699776683176
vn -0.7784928320870731 -0.001584577645509664 -0.6276514952604937
vn -0.7784928320870731 -0.001584577645509664 -0.6276514952604937
vn -0.7784928320870731 -0.001584577645509664 -0.6276514952604937
vn 0.03723562783057057 -0.8200731657031887 -0.5710459796843106
vn 0.03723562783057057 -0.8200731657031887 -0.5710459796843106
vn 0.03723562783057057 -0.8200731657031887 -0.5710459796843106
vn 0.062099272758735655 3.196106971539315e-14 -0.9980699776683176
vn 0.062099272758735655 -9.849983277090433e-15 -0.9980699776683176
vn 0.062099272758735655 -5.652193123247165e-15 -0.9980699776683176
vn 0.03585303157170616 -0.8164966003704688 -0.5762359427444499
vn 0.03585303157170616 -0.8164966003704688 -0.5762359427444499
vn 0.03585303157170616 -0.8164966003704688 -0.5762359427444499
vn 0.062099272758735655 -9.849983277090433e-15 -0.9980699776683176
vn 0.062099272758735655 2.481809440556284e-15 -0.9980699776683176
vn 0.062099272758735655 -3.752349513607589e-15 -0.9980699776683176
vn 0.033837749585727564 0.8200731638826517 -0.5712573960855744
vn 0.033837749585727564 0.8200731638826517 -0.5712573960855744
vn 0.033837749585727564 0.8200731638826517 -0.5712573960855744
vn -0.7748702105630327 0 -0.6321203657389953
vn -0.7748702105630327 0 -0.6321203657389953
vn -0.7748702105630327 0 -0.6321203657389953
vn 0.850291534803453 0.001584577578373954 -0.5263095999081588
vn 0.850291534803453 0.001584577578373954 -0.5263095999081588
vn 0.850291534803453 0.001584577578373954 -0.5263095999081588
vn 0.062099272758735655 1.8867798737469022e-16 -0.9980699776683176
vn 0.062099272758735655 2.481809440556284e-15 -0.9980699776683176
vn 0.062099272758735655 -9.849983277090433e-15 -0.9980699776683176
vn 0.03585303157170616 0.8164966003704688 -0.5762359427444499
vn 0.03585303157170616 0.8164966003704688 -0.5762359427444499
vn 0.03585303157170616 0.8164966003704688 -0.5762359427444499
vn 0.847250803829564 -3.5912903400711794e-13 -0.5311930679236673
vn 0.847250803829564 -3.5912903400711794e-13 -0.5311930679236673
vn 0.847250803829564 -3.5912903400711794e-13 -0.5311930679236673
vn -0.5410811889352388 0.575855373086777 -0.6128798709922828
vn -0.5410811889352388 0.575855373086777 -0.6128798709922828
vn -0.5410811889352388 0.575855373086777 -0.6128798709922828
vn -0.5420221103649545 -0.5810829415309834 -0.6070870175989771
vn -0.5420221103649545 -0.5810829415309834 -0.6070870175989771
vn -0.5420221103649545 -0.5810829415309834 -0.6070870175989771
vn -0.5403829415865601 -0.577350276001259 -0.6120889929115916
vn -0.5403829415865601 -0.577350276001259 -0.6120889929115916
vn -0.5403829415865601 -0.577350276001259 -0.6120889929115916
vn 0.6130954738472697 0.5810829541371145 -0.5352163491143334
vn 0.6130954738472697 0.5810829541371145 -0.5352163491143334
vn 0.6130954738472697 0.5810829541371145 -0.5352163491143334
vn -0.5373160793367641 0.5746154140223322 -0.6173399038245561
vn -0.5373160793367641 0.5746154140223322 -0.6173399038245561
vn -0.5373160793367641 0.5746154140223322 -0.6173399038245561
vn 0.6128798709922828 -0.575855373086777 -0.5410811889352388
vn 0.6128798709922828 -0.575855373086777 -0.5410811889352388
vn 0.6128798709922828 -0.575855373086777 -0.5410811889352388
vn 0.6120889929115916 0.577350276001259 -0.5403829415865601
vn 0.6120889929115916 0.577350276001259 -0.5403829415865601
vn 0.6120889929115916 0.577350276001259 -0.5403829415865601
vn 0.6096966757294754 -0.5746154089789693 -0.5459735299154702
vn 0.6096966757294754 -0.5746154089789693 -0.5459735299154702
vn 0.6096966757294754 -0.5746154089789693 -0.5459735299154702
vn 0.034317839914596304 0.8159670239403879 -0.5770789388857149
vn 0.034317839914596304 0.8159670239403879 -0.5770789388857149
vn 0.034317839914596304 0.8159670239403879 -0.5770789388857149
vn -0.7829537194958354 -0.0017022243273265673 -0.6220776282426302
vn -0.7829537194958354 -0.0017022243273265673 -0.6220776282426302
vn -0.7829537194958354 -0.0017022243273265673 -0.6220776282426302
vn -0.7790676842260877 0 -0.626939824380778
vn -0.7790676842260877 0 -0.626939824380778
vn -0.7790676842260877 0 -0.626939824380778
vn 0.8540270851801274 0.0017022243555884456 -0.5202257588883682
vn 0.8540270851801274 0.0017022243555884456 -0.5202257588883682
vn 0.8540270851801274 0.0017022243555884456 -0.5202257588883682
vn 0.03619030880134398 0.8126288690789434 -0.5816567567632486
vn 0.03619030880134398 0.8126288690789434 -0.5816567567632486
vn 0.03619030880134398 0.8126288690789434 -0.5816567567632486
vn 0.03748087986558263 -0.8159670296983909 -0.5768821284193913
vn 0.03748087986558263 -0.8159670296983909 -0.5768821284193913
vn 0.03748087986558263 -0.8159670296983909 -0.5768821284193913
vn 0.8507737549052523 -3.575194895216951e-13 -0.5255321283845713
vn 0.8507737549052523 -3.575194895216951e-13 -0.5255321283845713
vn 0.8507737549052523 -3.575194895216951e-13 -0.5255321283845713
vn 0.03619030880134398 -0.8126288690789434 -0.5816567567632486
vn 0.03619030880134398 -0.8126288690789434 -0.5816567567632486
vn 0.03619030880134398 -0.8126288690789434 -0.5816567567632486
vn -0.7061006518322829 0.7067473026318317 -0.04393312764481307
vn -0.7061006518322829 0.7067473026318317 -0.04393312764481307
vn -0.7061006518322829 0.7067473026318317 -0.04393312764481307
vn -0.7054677102399554 -0.7074923606692619 -0.042069815823574615
vn -0.7054677102399554 -0.7074923606692619 -0.042069815823574615
vn -0.7054677102399554 -0.7074923606692619 -0.042069815823574615
vn -0.7057420613594392 -0.7071067691913857 -0.04391081634233222
vn -0.7057420613594392 -0.7071067691913857 -0.04391081634233222
vn -0.7057420613594392 -0.7071067691913857 -0.04391081634233222
vn 0.705241623596476 0.7074923545975922 0.045703616191298035
vn 0.705241623596476 0.7074923545975922 0.045703616191298035
vn 0.705241623596476 0.7074923545975922 0.045703616191298035
vn -0.7056360890079386 0.7071057606202874 -0.0455977322592429
vn -0.7056360890079386 0.7071057606202874 -0.0455977322592429
vn -0.7056360890079386 0.7071057606202874 -0.0455977322592429
vn 0.7061006517167198 -0.7067473025161628 0.04393313136291316
vn 0.7061006517167198 -0.7067473025161628 0.04393313136291316
vn 0.7061006517167198 -0.7067473025161628 0.04393313136291316
vn 0.7057420613594392 0.7071067691913857 0.04391081634233222
vn 0.7057420613594392 0.7071067691913857 0.04391081634233222
vn 0.7057420613594392 0.7071067691913857 0.04391081634233222
vn 0.7058460155260053 -0.707105759593893 0.04222377428897157
vn 0.7058460155260053 -0.707105759593893 0.04222377428897157
vn 0.7058460155260053 -0.707105759593893 0.04222377428897157
vn 0.7057420613594392 0.7071067691913857 0.04391081634233222
vn 0.7057420613594392 0.7071067691913857 0.04391081634233222
vn 0.7057420613594392 0.7071067691913857 0.04391081634233222
vn -0.7058226935668309 0.7071061603597663 -0.042605201881133876
vn -0.7058226935668309 0.7071061603597663 -0.042605201881133876
vn -0.7058226935668309 0.7071061603597663 -0.042605201881133876
vn -0.704350743605291 0.7084980346361753 -0.04382425012878644
vn -0.704350743605291 0.7084980346361753 -0.04382425012878644
vn -0.704350743605291 0.7084980346361753 -0.04382425012878644
vn 0.7056602202801932 -0.7071061693502573 0.04521635523695719
vn 0.7056602202801932 -0.7071061693502573 0.04521635523695719
vn 0.7056602202801932 -0.7071061693502573 0.04521635523695719
vn 0.7072200823973874 0.7057039190377681 0.04268177255653847
vn 0.7072200823973874 0.7057039190377681 0.04268177255653847
vn 0.7072200823973874 0.7057039190377681 0.04268177255653847
vn -0.7057420613594392 -0.7071067691913857 -0.04391081634233222
vn -0.7057420613594392 -0.7071067691913857 -0.04391081634233222
vn -0.7057420613594392 -0.7071067691913857 -0.04391081634233222
vn 0.704350743605291 -0.7084980346361753 0.04382425012878644
vn 0.704350743605291 -0.7084980346361753 0.04382425012878644
vn 0.704350743605291 -0.7084980346361753 0.04382425012878644
vn -0.7070563402044615 -0.7057039108209175 -0.04531359651070678
vn -0.7070563402044615 -0.7057039108209175 -0.04531359651070678
vn -0.7070563402044615 -0.7057039108209175 -0.04531359651070678
vn 0.062099272758735655 -4.7055287953061656e-15 -0.9980699776683176
vn 0.062099272758735655 -4.7055287953061656e-15 -0.9980699776683176
vn 0.062099272758735655 -4.7055287953061656e-15 -0.9980699776683176
vn 0.062099272758735655 -4.7055287953061656e-15 -0.9980699776683176
vn 0.062099272758735655 4.7055287953061656e-15 -0.9980699776683176
vn 0.062099272758735655 -4.7055287953061656e-15 -0.9980699776683176
vn 0.9980699776683176 6.263052517851266e-15 0.062099272758735655
vn 0.9980699776683176 6.263052517851266e-15 0.062099272758735655
vn 0.9980699776683176 6.263052517851266e-15 0.062099272758735655
vn -0.00008123220151477905 0.9999991444339286 0.0013055775504740024
vn -0.00008123220151477905 0.9999991444339286 0.0013055775504740024
vn -0.00008123220151477905 0.9999991444339286 0.0013055775504740024
vn 0.001965663215663244 0.999998060603254 0.0001223023024751208
vn 0.001965663215663244 0.999998060603254 0.0001223023024751208
vn 0.001965663215663244 0.999998060603254 0.0001223023024751208
vn -0.00008123220151477905 -0.9999991444339286 0.0013055775504740024
vn -0.00008123220151477905 -0.9999991444339286 0.0013055775504740024
vn -0.00008123220151477905 -0.9999991444339286 0.0013055775504740024
vn 0.9981490267871546 -0.001981114714839715 0.06078318442087996
vn 0.9981490267871546 -0.001981114714839715 0.06078318442087996
vn 0.9981490267871546 -0.001981114714839715 0.06078318442087996
vn -0.9980699776683176 4.4661048418734257e-13 -0.062099272758735655
vn -0.9980699776683176 4.4661048418734257e-13 -0.062099272758735655
vn -0.9980699776683176 4.4661048418734257e-13 -0.062099272758735655
vn -0.001965663215663244 -0.999998060603254 -0.0001223023024751208
vn -0.001965663215663244 -0.999998060603254 -0.0001223023024751208
vn -0.001965663215663244 -0.999998060603254 -0.0001223023024751208
vn -0.9979852766644841 0.0019811146827499342 -0.06341500410412892
vn -0.9979852766644841 0.0019811146827499342 -0.06341500410412892
vn -0.9979852766644841 0.0019811146827499342 -0.06341500410412892
vn 0.062099272758735655 2.56975729287717e-15 -0.9980699776683176
vn 0.062099272758735655 2.56975729287717e-15 -0.9980699776683176
vn 0.062099272758735655 2.56975729287717e-15 -0.9980699776683176
vn 0.062099272758735655 -4.868649549343793e-15 -0.9980699776683176
vn 0.062099272758735655 2.56975729287717e-15 -0.9980699776683176
vn 0.062099272758735655 2.56975729287717e-15 -0.9980699776683176
vn 0.7057420613594392 -0.7071067691913857 0.04391081634233222
vn 0.7057420613594392 -0.7071067691913857 0.04391081634233222
vn 0.7057420613594392 -0.7071067691913857 0.04391081634233222
vn 0.7056602202801932 0.7071061693502573 0.04521635523695719
vn 0.7056602202801932 0.7071061693502573 0.04521635523695719
vn 0.7056602202801932 0.7071061693502573 0.04521635523695719
vn 0.7071306091410994 0.7057127934594397 0.04399721313233499
vn 0.7071306091410994 0.7057127934594397 0.04399721313233499
vn 0.7071306091410994 0.7057127934594397 0.04399721313233499
vn -0.7058226935668309 -0.7071061603597663 -0.042605201881133876
vn -0.7058226935668309 -0.7071061603597663 -0.042605201881133876
vn -0.7058226935668309 -0.7071061603597663 -0.042605201881133876
vn 0.7044237817499598 -0.7085056270134206 0.04250778982027682
vn 0.7044237817499598 -0.7085056270134206 0.04250778982027682
vn 0.7044237817499598 -0.7085056270134206 0.04250778982027682
vn -0.7057420613594392 0.7071067691913857 -0.04391081634233222
vn -0.7057420613594392 0.7071067691913857 -0.04391081634233222
vn -0.7057420613594392 0.7071067691913857 -0.04391081634233222
vn -0.7071306091410994 -0.7057127934594397 -0.04399721313233499
vn -0.7071306091410994 -0.7057127934594397 -0.04399721313233499
vn -0.7071306091410994 -0.7057127934594397 -0.04399721313233499
vn -0.7042600098805305 0.7085056484784825 -0.0451396118410454
vn -0.7042600098805305 0.7085056484784825 -0.0451396118410454
vn -0.7042600098805305 0.7085056484784825 -0.0451396118410454
vn 0.062099272758735655 -2.6023475200159715e-15 -0.9980699776683176
vn 0.062099272758735655 -2.6023475200159715e-15 -0.9980699776683176
vn 0.062099272758735655 -2.6023475200159715e-15 -0.9980699776683176
vn 0.062099272758735655 -2.6023475200159715e-15 -0.9980699776683176
vn 0.062099272758735655 -2.619796821827447e-15 -0.9980699776683176
vn 0.062099272758735655 -2.6023475200159715e-15 -0.9980699776683176
vn 7.835310989568823e-16 -1 4.8750799299486494e-17
vn 7.835310989568823e-16 -1 4.8750799299486494e-17
vn 7.835310989568823e-16 -1 4.8750799299486494e-17
vn 0.9979878913797363 0 0.063404799971513
vn 0.9979878913797363 0 0.063404799971513
vn 0.9979878913797363 0 0.063404799971513
vn 0.9980680420487759 -0.001969464370681709 0.06209915177372071
vn 0.9980680420487759 -0.001969464370681709 0.06209915177372071
vn 0.9980680420487759 -0.001969464370681709 0.06209915177372071
vn -0.9981503559189157 4.4072227899170314e-13 -0.06079364258655541
vn -0.9981503559189157 4.4072227899170314e-13 -0.06079364258655541
vn -0.9981503559189157 4.4072227899170314e-13 -0.06079364258655541
vn -0.0018954161250196227 -0.9999971684246378 -0.0014389372536107415
vn -0.0018954161250196227 -0.9999971684246378 -0.0014389372536107415
vn -0.0018954161250196227 -0.9999971684246378 -0.0014389372536107415
vn 4.585781082123985e-13 1 -2.6565669152336935e-13
vn 4.585781082123985e-13 1 -2.6565669152336935e-13
vn 4.585781082123985e-13 1 -2.6565669152336935e-13
vn -0.9980680420487759 0.001969464370681709 -0.06209915177372071
vn -0.9980680420487759 0.001969464370681709 -0.06209915177372071
vn -0.9980680420487759 0.001969464370681709 -0.06209915177372071
vn 0.0020591663676644435 0.9999971684247879 -0.0011928856931892008
vn 0.0020591663676644435 0.9999971684247879 -0.0011928856931892008
vn 0.0020591663676644435 0.9999971684247879 -0.0011928856931892008
vn 0.062099272758735655 -3.5481417333827695e-15 -0.9980699776683176
vn 0.062099272758735655 -3.5481417333827695e-15 -0.9980699776683176
vn 0.062099272758735655 -3.5481417333827695e-15 -0.9980699776683176
vn 0.062099272758735655 -4.13317763514318e-15 -0.9980699776683176
vn 0.062099272758735655 -3.5481417333827695e-15 -0.9980699776683176
vn 0.062099272758735655 -3.5481417333827695e-15 -0.9980699776683176
vn -0.7057420613594392 -0.7071067691913857 -0.04391081634233222
vn -0.7057420613594392 -0.7071067691913857 -0.04391081634233222
vn -0.7057420613594392 -0.7071067691913857 -0.04391081634233222
vn 0.7056602202801932 -0.7071061693502573 0.04521635523695719
vn 0.7056602202801932 -0.7071061693502573 0.04521635523695719
vn 0.7056602202801932 -0.7071061693502573 0.04521635523695719
vn 0.704350743605291 -0.7084980346361753 0.04382425012878644
vn 0.704350743605291 -0.7084980346361753 0.04382425012878644
vn 0.704350743605291 -0.7084980346361753 0.04382425012878644
vn -0.7058226935668309 0.7071061603597663 -0.042605201881133876
vn -0.7058226935668309 0.7071061603597663 -0.042605201881133876
vn -0.7058226935668309 0.7071061603597663 -0.042605201881133876
vn -0.7070563402044615 -0.7057039108209175 -0.04531359651070678
vn -0.7070563402044615 -0.7057039108209175 -0.04531359651070678
vn -0.7070563402044615 -0.7057039108209175 -0.04531359651070678
vn 0.7057420613594392 0.7071067691913857 0.04391081634233222
vn 0.7057420613594392 0.7071067691913857 0.04391081634233222
vn 0.7057420613594392 0.7071067691913857 0.04391081634233222
vn -0.704350743605291 0.7084980346361753 -0.04382425012878644
vn -0.704350743605291 0.7084980346361753 -0.04382425012878644
vn -0.704350743605291 0.7084980346361753 -0.04382425012878644
vn 0.7072200823973874 0.7057039190377681 0.04268177255653847
vn 0.7072200823973874 0.7057039190377681 0.04268177255653847
vn 0.7072200823973874 0.7057039190377681 0.04268177255653847
vn 0.062099272758735655 4.293523932828608e-15 -0.9980699776683176
vn 0.062099272758735655 4.293523932828608e-15 -0.9980699776683176
vn 0.062099272758735655 4.293523932828608e-15 -0.9980699776683176
vn 0.062099272758735655 4.293523932828608e-15 -0.9980699776683176
vn 0.062099272758735655 -4.293523932828608e-15 -0.9980699776683176
vn 0.062099272758735655 4.293523932828608e-15 -0.9980699776683176
vn -0.9980699776683176 0 -0.062099272758735655
vn -0.9980699776683176 0 -0.062099272758735655
vn -0.9980699776683176 0 -0.062099272758735655
vn -0.00008123220151477905 -0.9999991444339286 0.0013055775504740024
vn -0.00008123220151477905 -0.9999991444339286 0.0013055775504740024
vn -0.00008123220151477905 -0.9999991444339286 0.0013055775504740024
vn -0.001965663215663244 -0.999998060603254 -0.0001223023024751208
vn -0.001965663215663244 -0.999998060603254 -0.0001223023024751208
vn -0.001965663215663244 -0.999998060603254 -0.0001223023024751208
vn -0.00008123220151477905 0.9999991444339286 0.0013055775504740024
vn -0.00008123220151477905 0.9999991444339286 0.0013055775504740024
vn -0.00008123220151477905 0.9999991444339286 0.0013055775504740024
vn -0.9979852766644841 0.0019811146827499342 -0.06341500410412892
vn -0.9979852766644841 0.0019811146827499342 -0.06341500410412892
vn -0.9979852766644841 0.0019811146827499342 -0.06341500410412892
vn 0.9980699776683176 -4.403474278578431e-13 0.062099272758735655
vn 0.9980699776683176 -4.403474278578431e-13 0.062099272758735655
vn 0.9980699776683176 -4.403474278578431e-13 0.062099272758735655
vn 0.001965663215663244 0.999998060603254 0.0001223023024751208
vn 0.001965663215663244 0.999998060603254 0.0001223023024751208
vn 0.001965663215663244 0.999998060603254 0.0001223023024751208
vn 0.9981490267871546 -0.001981114714839715 0.06078318442087996
vn 0.9981490267871546 -0.001981114714839715 0.06078318442087996
vn 0.9981490267871546 -0.001981114714839715 0.06078318442087996
vn 0.062099272758735655 2.56975729287717e-15 -0.9980699776683176
vn 0.062099272758735655 2.56975729287717e-15 -0.9980699776683176
vn 0.062099272758735655 2.56975729287717e-15 -0.9980699776683176
vn 0.062099272758735655 1.3997067710586383e-15 -0.9980699776683176
vn 0.062099272758735655 2.56975729287717e-15 -0.9980699776683176
vn 0.062099272758735655 2.56975729287717e-15 -0.9980699776683176
vn -0.7057420613594392 0.7071067691913857 -0.04391081634233222
vn -0.7057420613594392 0.7071067691913857 -0.04391081634233222
vn -0.7057420613594392 0.7071067691913857 -0.04391081634233222
vn -0.7058226935668309 -0.7071061603597663 -0.042605201881133876
vn -0.7058226935668309 -0.7071061603597663 -0.042605201881133876
vn -0.7058226935668309 -0.7071061603597663 -0.042605201881133876
vn -0.7071306091410994 -0.7057127934594397 -0.04399721313233499
vn -0.7071306091410994 -0.7057127934594397 -0.04399721313233499
vn -0.7071306091410994 -0.7057127934594397 -0.04399721313233499
vn 0.7056602202801932 0.7071061693502573 0.04521635523695719
vn 0.7056602202801932 0.7071061693502573 0.04521635523695719
vn 0.7056602202801932 0.7071061693502573 0.04521635523695719
vn -0.7042600098805305 0.7085056484784825 -0.0451396118410454
vn -0.7042600098805305 0.7085056484784825 -0.0451396118410454
vn -0.7042600098805305 0.7085056484784825 -0.0451396118410454
vn 0.7057420613594392 -0.7071067691913857 0.04391081634233222
vn 0.7057420613594392 -0.7071067691913857 0.04391081634233222
vn 0.7057420613594392 -0.7071067691913857 0.04391081634233222
vn 0.7071306091410994 0.7057127934594397 0.04399721313233499
vn 0.7071306091410994 0.7057127934594397 0.04399721313233499
vn 0.7071306091410994 0.7057127934594397 0.04399721313233499
vn 0.7044237817499598 -0.7085056270134206 0.04250778982027682
vn 0.7044237817499598 -0.7085056270134206 0.04250778982027682
vn 0.7044237817499598 -0.7085056270134206 0.04250778982027682
vn 0.062099272758735655 1.812558772342254e-15 -0.9980699776683176
vn 0.062099272758735655 1.812558772342254e-15 -0.9980699776683176
vn 0.062099272758735655 1.812558772342254e-15 -0.9980699776683176
vn 0.062099272758735655 1.812558772342254e-15 -0.9980699776683176
vn 0.062099272758735655 1.830134917334539e-15 -0.9980699776683176
vn 0.062099272758735655 1.812558772342254e-15 -0.9980699776683176
vn -7.835310989568823e-16 1 -4.8750799299486494e-17
vn -7.835310989568823e-16 1 -4.8750799299486494e-17
vn -7.835310989568823e-16 1 -4.8750799299486494e-17
vn -0.9981503559189157 0 -0.06079364258655541
vn -0.9981503559189157 0 -0.06079364258655541
vn -0.9981503559189157 0 -0.06079364258655541
vn -0.9980680420487759 0.001969464370681709 -0.06209915177372071
vn -0.9980680420487759 0.001969464370681709 -0.06209915177372071
vn -0.9980680420487759 0.001969464370681709 -0.06209915177372071
vn 0.9979878913797363 -4.4073670669762645e-13 0.063404799971513
vn 0.9979878913797363 -4.4073670669762645e-13 0.063404799971513
vn 0.9979878913797363 -4.4073670669762645e-13 0.063404799971513
vn 0.0020591663676644435 0.9999971684247879 -0.0011928856931892008
vn 0.0020591663676644435 0.9999971684247879 -0.0011928856931892008
vn 0.0020591663676644435 0.9999971684247879 -0.0011928856931892008
vn -4.221107784054684e-13 -1 -3.204525945814385e-13
vn -4.221107784054684e-13 -1 -3.204525945814385e-13
vn -4.221107784054684e-13 -1 -3.204525945814385e-13
vn 0.9980680420487759 -0.001969464370681709 0.06209915177372071
vn 0.9980680420487759 -0.001969464370681709 0.06209915177372071
vn 0.9980680420487759 -0.001969464370681709 0.06209915177372071
vn -0.0018954161250196227 -0.9999971684246378 -0.0014389372536107415
vn -0.0018954161250196227 -0.9999971684246378 -0.0014389372536107415
vn -0.0018954161250196227 -0.9999971684246378 -0.0014389372536107415
vn 0.062099272758735655 2.939875530084502e-15 -0.9980699776683176
vn 0.062099272758735655 2.939875530084502e-15 -0.9980699776683176
vn 0.062099272758735655 2.939875530084502e-15 -0.9980699776683176
vn 0.062099272758735655 1.7698250082659704e-15 -0.9980699776683176
vn 0.062099272758735655 2.939875530084502e-15 -0.9980699776683176
vn 0.062099272758735655 2.939875530084502e-15 -0.9980699776683176
vn 0.6158851248847352 0.5817013850252315 -0.5313275934914742
vn 0.6158851248847352 0.5817013850252315 -0.5313275934914742
vn 0.6158851248847352 0.5817013850252315 -0.5313275934914742
vn 0.6123318139313205 0.5768919085109067 -0.5405973321634341
vn 0.6123318139313205 0.5768919085109067 -0.5405973321634341
vn 0.6123318139313205 0.5768919085109067 -0.5405973321634341
vn 0.6120889929115916 -0.577350276001259 -0.5403829415865601
vn 0.6120889929115916 -0.577350276001259 -0.5403829415865601
vn 0.6120889929115916 -0.577350276001259 -0.5403829415865601
vn -0.5403829415865601 0.577350276001259 -0.6120889929115916
vn -0.5403829415865601 0.577350276001259 -0.6120889929115916
vn -0.5403829415865601 0.577350276001259 -0.6120889929115916
vn -0.5405973321634341 -0.5768919085109067 -0.6123318139313205
vn -0.5405973321634341 -0.5768919085109067 -0.6123318139313205
vn -0.5405973321634341 -0.5768919085109067 -0.6123318139313205
vn -0.5452722275350373 -0.5817013940905555 -0.6035740932081848
vn -0.5452722275350373 -0.5817013940905555 -0.6035740932081848
vn -0.5452722275350373 -0.5817013940905555 -0.6035740932081848
vn -0.5346737528062856 0.5729442264587066 -0.6211754111582953
vn -0.5346737528062856 0.5729442264587066 -0.6211754111582953
vn -0.5346737528062856 0.5729442264587066 -0.6211754111582953
vn 0.062099272758735655 1.6109585829830263e-15 -0.9980699776683176
vn 0.062099272758735655 1.6109585829830263e-15 -0.9980699776683176
vn 0.062099272758735655 1.6109585829830263e-15 -0.9980699776683176
vn 0.062099272758735655 -7.588447290284284e-16 -0.9980699776683176
vn 0.062099272758735655 1.6109585829830263e-15 -0.9980699776683176
vn 0.062099272758735655 -7.588447290284284e-16 -0.9980699776683176
vn 0.6075502092159786 -0.572944228988063 -0.5501069475573769
vn 0.6075502092159786 -0.572944228988063 -0.5501069475573769
vn 0.6075502092159786 -0.572944228988063 -0.5501069475573769
vn 0.062099272758735655 -2.2780097184440186e-15 -0.9980699776683176
vn 0.062099272758735655 1.6109585829830263e-15 -0.9980699776683176
vn 0.062099272758735655 1.6109585829830263e-15 -0.9980699776683176
vn 0.062099272758735655 -7.588447290284284e-16 -0.9980699776683176
vn 0.062099272758735655 -2.2780097184440186e-15 -0.9980699776683176
vn 0.062099272758735655 1.6109585829830263e-15 -0.9980699776683176
vn 0.062099272758735655 -4.624210034429762e-16 -0.9980699776683176
vn 0.062099272758735655 -4.624210034429762e-16 -0.9980699776683176
vn 0.062099272758735655 1.6109585829830263e-15 -0.9980699776683176
vn 0.062099272758735655 1.8951330477746178e-15 -0.9980699776683176
vn 0.062099272758735655 -7.588447290284284e-16 -0.9980699776683176
vn 0.062099272758735655 -4.624210034429762e-16 -0.9980699776683176
vn 0.062099272758735655 -2.2780097184440186e-15 -0.9980699776683176
vn 0.062099272758735655 1.8951330477746178e-15 -0.9980699776683176
vn 0.062099272758735655 -4.624210034429762e-16 -0.9980699776683176
vn 0.062099272758735655 -4.624210034429762e-16 -0.9980699776683176
vn 0.062099272758735655 -2.2780097184440186e-15 -0.9980699776683176
vn 0.062099272758735655 -4.624210034429762e-16 -0.9980699776683176
vn 0.062099272758735655 -4.624210034429762e-16 -0.9980699776683176
vn 0.062099272758735655 1.6109585829830263e-15 -0.9980699776683176
vn 0.062099272758735655 1.6109585829830263e-15 -0.9980699776683176
vn 0.062099272758735655 1.8951330477746178e-15 -0.9980699776683176
vn 0.062099272758735655 -7.588447290284284e-16 -0.9980699776683176
vn 0.062099272758735655 -7.588447290284284e-16 -0.9980699776683176
vn 0.704626429179949 0.7082227945714233 0.04384140224215132
vn 0.704626429179949 0.7082227945714233 0.04384140224215132
vn 0.704626429179949 0.7082227945714233 0.04384140224215132
vn -0.384598724074568 0.9228237081271348 -0.02191404021852192
vn -0.384598724074568 0.9228237081271348 -0.02191404021852192
vn -0.384598724074568 0.9228237081271348 -0.02191404021852192
vn -0.3819448553893297 0.9238795281059438 -0.023764363832487964
vn -0.3819448553893297 0.9238795281059438 -0.023764363832487964
vn -0.3819448553893297 0.9238795281059438 -0.023764363832487964
vn 0.923707004414527 -0.3785752339874693 0.05870402206726409
vn 0.923707004414527 -0.3785752339874693 0.05870402206726409
vn 0.923707004414527 -0.3785752339874693 0.05870402206726409
vn 0.9221653922046353 0.3826831870489322 0.05625449111087226
vn 0.9221653922046353 0.3826831870489322 0.05625449111087226
vn 0.9221653922046353 0.3826831870489322 0.05625449111087226
vn 0.31106603327232657 0.821242039230553 0.4783298401152313
vn 0.31106603327232657 0.821242039230553 0.4783298401152313
vn 0.31106603327232657 0.821242039230553 0.4783298401152313
vn 0.38434889129311517 -0.9228237083239653 0.025929387130399804
vn 0.38434889129311517 -0.9228237083239653 0.025929387130399804
vn 0.38434889129311517 -0.9228237083239653 0.025929387130399804
vn 0.9222190480737137 -0.38268266559526115 0.055371516350187694
vn 0.9222190480737137 -0.38268266559526115 0.055371516350187694
vn 0.9222190480737137 -0.38268266559526115 0.055371516350187694
vn -0.7046264290648679 -0.7082227944557549 -0.043841405960281285
vn -0.7046264290648679 -0.7082227944557549 -0.043841405960281285
vn -0.7046264290648679 -0.7082227944557549 -0.043841405960281285
vn 0.38194485537242306 -0.9238795280650486 0.023764365694081
vn 0.38194485537242306 -0.9238795280650486 0.023764365694081
vn 0.38194485537242306 -0.9238795280650486 0.023764365694081
vn -0.9238596617528485 0.3785752487767536 -0.05625039021670518
vn -0.9238596617528485 0.3785752487767536 -0.05625039021670518
vn -0.9238596617528485 0.3785752487767536 -0.05625039021670518
vn -0.367960099702692 -0.821242044025905 0.43608126553538007
vn -0.367960099702692 -0.821242044025905 0.43608126553538007
vn -0.367960099702692 -0.821242044025905 0.43608126553538007
vn -0.922026296431712 -0.3826832060863494 -0.05848993475713078
vn -0.922026296431712 -0.3826832060863494 -0.05848993475713078
vn -0.922026296431712 -0.3826832060863494 -0.05848993475713078
vn -0.9219700917459934 0.38268267067740247 -0.059372750391867075
vn -0.9219700917459934 0.38268267067740247 -0.059372750391867075
vn -0.9219700917459934 0.38268267067740247 -0.059372750391867075
vn 0.7194290910799804 -0.28108463291510405 -0.6351481811725627
vn 0.7194290910799804 -0.28108463291510405 -0.6351481811725627
vn 0.7194290910799804 -0.28108463291510405 -0.6351481811725627
vn 0.7192188400813706 0.2809905072508194 -0.6354278833250355
vn 0.7192188400813706 0.2809905072508194 -0.6354278833250355
vn 0.7192188400813706 0.2809905072508194 -0.6354278833250355
vn 0.7194190018436956 0.2811305520225236 -0.6351392859095806
vn 0.7194190018436956 0.2811305520225236 -0.6351392859095806
vn 0.7194190018436956 0.2811305520225236 -0.6351392859095806
vn 0.3226051892068663 -0.6783711241562159 -0.6601049233325212
vn 0.3226051892068663 -0.6783711241562159 -0.6601049233325212
vn 0.3226051892068663 -0.6783711241562159 -0.6601049233325212
vn 0.719193739285553 -0.28102969447485315 -0.6354389633913194
vn 0.719193739285553 -0.28102969447485315 -0.6354389633913194
vn 0.719193739285553 -0.28102969447485315 -0.6354389633913194
vn 0.32272783324204873 -0.678588816044273 -0.6598211609144741
vn 0.32272783324204873 -0.678588816044273 -0.6598211609144741
vn 0.32272783324204873 -0.678588816044273 -0.6598211609144741
vn -0.23840169500844438 -0.678598358448255 -0.6947437655196584
vn -0.23840169500844438 -0.678598358448255 -0.6947437655196584
vn -0.23840169500844438 -0.678598358448255 -0.6947437655196584
vn 0.32268258896985724 0.6785983436474495 -0.6598334901887356
vn 0.32268258896985724 0.6785983436474495 -0.6598334901887356
vn 0.32268258896985724 0.6785983436474495 -0.6598334901887356
vn -0.23844810378574857 0.6785888231891308 -0.6947371523416401
vn -0.23844810378574857 0.6785888231891308 -0.6947371523416401
vn -0.23844810378574857 0.6785888231891308 -0.6947371523416401
vn -0.23829119790705952 0.6783711141438988 -0.6950035514263102
vn -0.23829119790705952 0.6783711141438988 -0.6950035514263102
vn -0.23829119790705952 0.6783711141438988 -0.6950035514263102
vn 0.3226448787762825 0.6783453599729656 -0.6601120017107593
vn 0.3226448787762825 0.6783453599729656 -0.6601120017107593
vn 0.3226448787762825 0.6783453599729656 -0.6601120017107593
vn 0.062099272758735655 -4.457447250564513e-16 -0.9980699776683176
vn 0.062099272758735655 -4.457447250564513e-16 -0.9980699776683176
vn 0.062099272758735655 -4.457447250564513e-16 -0.9980699776683176
vn 0.062099272758735655 -4.457447250564513e-16 -0.9980699776683176
vn 0.062099272758735655 -4.457447250564513e-16 -0.9980699776683176
vn 0.062099272758735655 -4.457447250564513e-16 -0.9980699776683176
vn 0.062099272758735655 -4.457447250564513e-16 -0.9980699776683176
vn 0.062099272758735655 -4.457447250564513e-16 -0.9980699776683176
vn 0.062099272758735655 1.0681455785648373e-16 -0.9980699776683176
vn 0.062099272758735655 1.0236394907331532e-16 -0.9980699776683176
vn 0.062099272758735655 1.0681455785648373e-16 -0.9980699776683176
vn 0.062099272758735655 -4.457447250564513e-16 -0.9980699776683176
vn -0.23832970393151026 -0.6783453689936483 -0.6950154765102643
vn -0.23832970393151026 -0.6783453689936483 -0.6950154765102643
vn -0.23832970393151026 -0.6783453689936483 -0.6950154765102643
vn 0.062099272758735655 1.0236394907331532e-16 -0.9980699776683176
vn 0.062099272758735655 -2.971631588608939e-16 -0.9980699776683176
vn 0.062099272758735655 1.0681455785648373e-16 -0.9980699776683176
vn 0.062099272758735655 1.0236394907331532e-16 -0.9980699776683176
vn 0.062099272758735655 -2.971631588608939e-16 -0.9980699776683176
vn 0.062099272758735655 -2.971631588608939e-16 -0.9980699776683176
vn -0.6348785757304096 0.2810297012012873 -0.7196884750510055
vn -0.6348785757304096 0.2810297012012873 -0.7196884750510055
vn -0.6348785757304096 0.2810297012012873 -0.7196884750510055
vn -0.6351392859095806 -0.2811305520225236 -0.7194190018436956
vn -0.6351392859095806 -0.2811305520225236 -0.7194190018436956
vn -0.6351392859095806 -0.2811305520225236 -0.7194190018436956
vn -0.6351481841752961 0.2810846376682677 -0.7194290865719307
vn -0.6351481841752961 0.2810846376682677 -0.7194290865719307
vn -0.6351481841752961 0.2810846376682677 -0.7194290865719307
vn -0.6349048528737165 -0.2809905073832691 -0.7196805975972239
vn -0.6349048528737165 -0.2809905073832691 -0.7196805975972239
vn -0.6349048528737165 -0.2809905073832691 -0.7196805975972239
vn -0.062099272758735655 0 0.9980699776683176
vn -0.062099272758735655 0 0.9980699776683176
vn -0.062099272758735655 0 0.9980699776683176
vn -0.062099272758735655 5.0520626712121785e-15 0.9980699776683176
vn -0.062099272758735655 5.0520626712121785e-15 0.9980699776683176
vn -0.062099272758735655 0 0.9980699776683176
vn -0.062099272758735655 5.0520626712121785e-15 0.9980699776683176
vn -0.062099272758735655 0 0.9980699776683176
vn -0.062099272758735655 0 0.9980699776683176
vn -0.062099272758735655 2.1081429824179902e-15 0.9980699776683176
vn -0.062099272758735655 0 0.9980699776683176
vn -0.062099272758735655 2.1081429824179902e-15 0.9980699776683176
vn -0.062099272758735655 2.1081429824179902e-15 0.9980699776683176
vn -0.062099272758735655 0 0.9980699776683176
vn -0.062099272758735655 0 0.9980699776683176
vn -0.062099272758735655 2.1081429824179902e-15 0.9980699776683176
vn -0.062099272758735655 2.1081429824179902e-15 0.9980699776683176
vn -0.062099272758735655 -8.081214518884359e-16 0.9980699776683176
vn -0.062099272758735655 0 0.9980699776683176
vn -0.062099272758735655 -8.081214518884359e-16 0.9980699776683176
vn -0.062099272758735655 0 0.9980699776683176
vn -0.062099272758735655 0 0.9980699776683176
vn -0.062099272758735655 2.1081429824179902e-15 0.9980699776683176
vn -0.062099272758735655 -8.081214518884359e-16 0.9980699776683176
vn -0.062099272758735655 5.0520626712121785e-15 0.9980699776683176
vn -0.062099272758735655 0 0.9980699776683176
vn -0.062099272758735655 5.0520626712121785e-15 0.9980699776683176
vn -0.062099272758735655 5.0520626712121785e-15 0.9980699776683176
vn -0.062099272758735655 0 0.9980699776683176
vn -0.062099272758735655 0 0.9980699776683176
vn -0.7043701938419422 0.7084786227574038 -0.04382546203792023
vn -0.7043701938419422 0.7084786227574038 -0.04382546203792023
vn -0.7043701938419422 0.7084786227574038 -0.04382546203792023
vn 0.7072787669876145 0.7056370167009038 0.042815259311700715
vn 0.7072787669876145 0.7056370167009038 0.042815259311700715
vn 0.7072787669876145 0.7056370167009038 0.042815259311700715
vn 0.7043701938419422 0.7084786227574038 0.04382546203792023
vn 0.7043701938419422 0.7084786227574038 0.04382546203792023
vn 0.7043701938419422 0.7084786227574038 0.04382546203792023
vn -0.7071310888616689 -0.7056370388334435 -0.045188412139397255
vn -0.7071310888616689 -0.7056370388334435 -0.045188412139397255
vn -0.7071310888616689 -0.7056370388334435 -0.045188412139397255
vn -0.7072787669876145 0.7056370167009038 -0.042815259311700715
vn -0.7072787669876145 0.7056370167009038 -0.042815259311700715
vn -0.7072787669876145 0.7056370167009038 -0.042815259311700715
vn 0.7043701938419422 -0.7084786227574038 0.04382546203792023
vn 0.7043701938419422 -0.7084786227574038 0.04382546203792023
vn 0.7043701938419422 -0.7084786227574038 0.04382546203792023
vn -0.7043701938419422 -0.7084786227574038 -0.04382546203792023
vn -0.7043701938419422 -0.7084786227574038 -0.04382546203792023
vn -0.7043701938419422 -0.7084786227574038 -0.04382546203792023
vn 0.7071310888616689 -0.7056370388334435 0.045188412139397255
vn 0.7071310888616689 -0.7056370388334435 0.045188412139397255
vn 0.7071310888616689 -0.7056370388334435 0.045188412139397255
vn 0.062099272758735655 -8.071027783267603e-14 -0.9980699776683176
vn 0.062099272758735655 -8.071027783267603e-14 -0.9980699776683176
vn 0.062099272758735655 -8.071027783267603e-14 -0.9980699776683176
vn 0.062099272758735655 -2.4886418283735616e-13 -0.9980699776683176
vn 0.062099272758735655 -2.4886418283735616e-13 -0.9980699776683176
vn 0.062099272758735655 -8.071027783267603e-14 -0.9980699776683176
vn 0.062099272758735655 -8.071027783267603e-14 -0.9980699776683176
vn 0.062099272758735655 0 -0.9980699776683176
vn 0.062099272758735655 -8.071027783267603e-14 -0.9980699776683176
vn 0.062099272758735655 -2.4886418283735616e-13 -0.9980699776683176
vn 0.062099272758735655 -8.071027783267603e-14 -0.9980699776683176
vn 0.062099272758735655 0 -0.9980699776683176
vn 0.062099272758735655 -8.071027783267603e-14 -0.9980699776683176
vn 0.062099272758735655 -8.071027783267603e-14 -0.9980699776683176
vn 0.062099272758735655 1.246520624816733e-13 -0.9980699776683176
vn 0.062099272758735655 -2.4886418283735616e-13 -0.9980699776683176
vn 0.062099272758735655 1.246520624816733e-13 -0.9980699776683176
vn 0.062099272758735655 -2.4886418283735616e-13 -0.9980699776683176
vn 0.062099272758735655 0 -0.9980699776683176
vn 0.062099272758735655 -8.071027783267603e-14 -0.9980699776683176
vn 0.062099272758735655 1.246520624816733e-13 -0.9980699776683176
vn 0.062099272758735655 -2.4886418283735616e-13 -0.9980699776683176
vn 0.062099272758735655 0 -0.9980699776683176
vn 0.062099272758735655 1.246520624816733e-13 -0.9980699776683176
vn -0.6106267577331397 0.5781047945823047 0.5412299042193298
vn -0.6106267577331397 0.5781047945823047 0.5412299042193298
vn -0.6106267577331397 0.5781047945823047 0.5412299042193298
vn 0.5446344611094599 0.5789771076897731 0.6067609187671806
vn 0.5446344611094599 0.5789771076897731 0.6067609187671806
vn 0.5446344611094599 0.5789771076897731 0.6067609187671806
vn 0.5403829415865601 0.577350276001259 0.6120889929115916
vn 0.5403829415865601 0.577350276001259 0.6120889929115916
vn 0.5403829415865601 0.577350276001259 0.6120889929115916
vn -0.6156473084856935 -0.5789771009547277 0.5345688993239134
vn -0.6156473084856935 -0.5789771009547277 0.5345688993239134
vn -0.6156473084856935 -0.5789771009547277 0.5345688993239134
vn -0.6093471609679343 0.5742162431531456 0.5467830863508909
vn -0.6093471609679343 0.5742162431531456 0.5467830863508909
vn -0.6093471609679343 0.5742162431531456 0.5467830863508909
vn 0.5388269450516937 -0.5781047968233665 0.6127482086273882
vn 0.5388269450516937 -0.5781047968233665 0.6127482086273882
vn 0.5388269450516937 -0.5781047968233665 0.6127482086273882
vn -0.6120889929115916 -0.577350276001259 0.5403829415865601
vn -0.6120889929115916 -0.577350276001259 0.5403829415865601
vn -0.6120889929115916 -0.577350276001259 0.5403829415865601
vn 0.5368688695630243 -0.5742162458612433 0.6180999271017111
vn 0.5368688695630243 -0.5742162458612433 0.6180999271017111
vn 0.5368688695630243 -0.5742162458612433 0.6180999271017111
vn -0.7057420613594392 0.7071067691913857 -0.04391081634233222
vn -0.7057420613594392 0.7071067691913857 -0.04391081634233222
vn -0.7057420613594392 0.7071067691913857 -0.04391081634233222
vn 0.7057420613594392 0.7071067691913857 0.04391081634233222
vn 0.7057420613594392 0.7071067691913857 0.04391081634233222
vn 0.7057420613594392 0.7071067691913857 0.04391081634233222
vn 0.7057420613594392 0.7071067691913857 0.04391081634233222
vn 0.7057420613594392 0.7071067691913857 0.04391081634233222
vn 0.7057420613594392 0.7071067691913857 0.04391081634233222
vn -0.7057420613594392 -0.7071067691913857 -0.04391081634233222
vn -0.7057420613594392 -0.7071067691913857 -0.04391081634233222
vn -0.7057420613594392 -0.7071067691913857 -0.04391081634233222
vn -0.7057420613594392 0.7071067691913857 -0.04391081634233222
vn -0.7057420613594392 0.7071067691913857 -0.04391081634233222
vn -0.7057420613594392 0.7071067691913857 -0.04391081634233222
vn 0.7057420613594392 -0.7071067691913857 0.04391081634233222
vn 0.7057420613594392 -0.7071067691913857 0.04391081634233222
vn 0.7057420613594392 -0.7071067691913857 0.04391081634233222
vn -0.7057420613594392 -0.7071067691913857 -0.04391081634233222
vn -0.7057420613594392 -0.7071067691913857 -0.04391081634233222
vn -0.7057420613594392 -0.7071067691913857 -0.04391081634233222
vn 0.7057420613594392 -0.7071067691913857 0.04391081634233222
vn 0.7057420613594392 -0.7071067691913857 0.04391081634233222
vn 0.7057420613594392 -0.7071067691913857 0.04391081634233222
vn 0.4096713385558829 -0.45787689329342157 0.7889981907164273
vn 0.4096713385558829 -0.45787689329342157 0.7889981907164273
vn 0.4096713385558829 -0.45787689329342157 0.7889981907164273
vn -0.5043150200281004 -0.45787689214544025 0.7321305294913534
vn -0.5043150200281004 -0.45787689214544025 0.7321305294913534
vn -0.5043150200281004 -0.45787689214544025 0.7321305294913534
vn 0.4096713385558829 0.45787689329342157 0.7889981907164273
vn 0.4096713385558829 0.45787689329342157 0.7889981907164273
vn 0.4096713385558829 0.45787689329342157 0.7889981907164273
vn -0.5043150200281004 0.45787689214544025 0.7321305294913534
vn -0.5043150200281004 0.45787689214544025 0.7321305294913534
vn -0.5043150200281004 0.45787689214544025 0.7321305294913534
vn -0.062099272758735655 0 0.9980699776683176
vn -0.062099272758735655 0 0.9980699776683176
vn -0.062099272758735655 0 0.9980699776683176
vn -0.062099272758735655 -5.943603049179813e-16 0.9980699776683176
vn -0.062099272758735655 -5.943603049179813e-16 0.9980699776683176
vn -0.062099272758735655 0 0.9980699776683176
vn -0.062099272758735655 -5.943603049179813e-16 0.9980699776683176
vn -0.062099272758735655 0 0.9980699776683176
vn -0.062099272758735655 0 0.9980699776683176
vn -0.062099272758735655 1.0634161702172548e-15 0.9980699776683176
vn -0.062099272758735655 0 0.9980699776683176
vn -0.062099272758735655 1.0634161702172548e-15 0.9980699776683176
vn -0.062099272758735655 1.0634161702172548e-15 0.9980699776683176
vn -0.062099272758735655 0 0.9980699776683176
vn -0.062099272758735655 0 0.9980699776683176
vn -0.062099272758735655 1.0634161702172548e-15 0.9980699776683176
vn -0.062099272758735655 1.0634161702172548e-15 0.9980699776683176
vn -0.062099272758735655 5.0520626712121785e-15 0.9980699776683176
vn -0.062099272758735655 0 0.9980699776683176
vn -0.062099272758735655 5.0520626712121785e-15 0.9980699776683176
vn -0.062099272758735655 0 0.9980699776683176
vn -0.062099272758735655 0 0.9980699776683176
vn -0.062099272758735655 1.0634161702172548e-15 0.9980699776683176
vn -0.062099272758735655 5.0520626712121785e-15 0.9980699776683176
vn -0.062099272758735655 -5.943603049179813e-16 0.9980699776683176
vn -0.062099272758735655 0 0.9980699776683176
vn -0.062099272758735655 -5.943603049179813e-16 0.9980699776683176
vn -0.062099272758735655 -5.943603049179813e-16 0.9980699776683176
vn -0.062099272758735655 0 0.9980699776683176
vn -0.062099272758735655 0 0.9980699776683176
vn -0.7043701938419422 0.7084786227574038 -0.04382546203792023
vn -0.7043701938419422 0.7084786227574038 -0.04382546203792023
vn -0.7043701938419422 0.7084786227574038 -0.04382546203792023
vn 0.7072787669876145 0.7056370167009038 0.042815259311700715
vn 0.7072787669876145 0.7056370167009038 0.042815259311700715
vn 0.7072787669876145 0.7056370167009038 0.042815259311700715
vn 0.7043701938419422 0.7084786227574038 0.04382546203792023
vn 0.7043701938419422 0.7084786227574038 0.04382546203792023
vn 0.7043701938419422 0.7084786227574038 0.04382546203792023
vn -0.7071310888616689 -0.7056370388334435 -0.045188412139397255
vn -0.7071310888616689 -0.7056370388334435 -0.045188412139397255
vn -0.7071310888616689 -0.7056370388334435 -0.045188412139397255
vn -0.7072787669876145 0.7056370167009038 -0.042815259311700715
vn -0.7072787669876145 0.7056370167009038 -0.042815259311700715
vn -0.7072787669876145 0.7056370167009038 -0.042815259311700715
vn 0.7043701938419422 -0.7084786227574038 0.04382546203792023
vn 0.7043701938419422 -0.7084786227574038 0.04382546203792023
vn 0.7043701938419422 -0.7084786227574038 0.04382546203792023
vn -0.7043701938419422 -0.7084786227574038 -0.04382546203792023
vn -0.7043701938419422 -0.7084786227574038 -0.04382546203792023
vn -0.7043701938419422 -0.7084786227574038 -0.04382546203792023
vn 0.7071310888616689 -0.7056370388334435 0.045188412139397255
vn 0.7071310888616689 -0.7056370388334435 0.045188412139397255
vn 0.7071310888616689 -0.7056370388334435 0.045188412139397255
vn 0.062099272758735655 1.6113570865641648e-13 -0.9980699776683176
vn 0.062099272758735655 1.6113570865641648e-13 -0.9980699776683176
vn 0.062099272758735655 1.6113570865641648e-13 -0.9980699776683176
vn 0.062099272758735655 1.246520624816733e-13 -0.9980699776683176
vn 0.062099272758735655 1.246520624816733e-13 -0.9980699776683176
vn 0.062099272758735655 1.6113570865641648e-13 -0.9980699776683176
vn 0.062099272758735655 1.6113570865641648e-13 -0.9980699776683176
vn 0.062099272758735655 0 -0.9980699776683176
vn 0.062099272758735655 1.6113570865641648e-13 -0.9980699776683176
vn 0.062099272758735655 1.246520624816733e-13 -0.9980699776683176
vn 0.062099272758735655 1.6113570865641648e-13 -0.9980699776683176
vn 0.062099272758735655 0 -0.9980699776683176
vn 0.062099272758735655 1.6113570865641648e-13 -0.9980699776683176
vn 0.062099272758735655 1.6113570865641648e-13 -0.9980699776683176
vn 0.062099272758735655 -2.4886418283735616e-13 -0.9980699776683176
vn 0.062099272758735655 1.246520624816733e-13 -0.9980699776683176
vn 0.062099272758735655 -2.4886418283735616e-13 -0.9980699776683176
vn 0.062099272758735655 1.246520624816733e-13 -0.9980699776683176
vn 0.062099272758735655 0 -0.9980699776683176
vn 0.062099272758735655 1.6113570865641648e-13 -0.9980699776683176
vn 0.062099272758735655 -2.4886418283735616e-13 -0.9980699776683176
vn 0.062099272758735655 1.246520624816733e-13 -0.9980699776683176
vn 0.062099272758735655 0 -0.9980699776683176
vn 0.062099272758735655 -2.4886418283735616e-13 -0.9980699776683176
vn -0.6106267577331397 0.5781047945823047 0.5412299042193298
vn -0.6106267577331397 0.5781047945823047 0.5412299042193298
vn -0.6106267577331397 0.5781047945823047 0.5412299042193298
vn 0.5446344611094599 0.5789771076897731 0.6067609187671806
vn 0.5446344611094599 0.5789771076897731 0.6067609187671806
vn 0.5446344611094599 0.5789771076897731 0.6067609187671806
vn 0.5403829415865601 0.577350276001259 0.6120889929115916
vn 0.5403829415865601 0.577350276001259 0.6120889929115916
vn 0.5403829415865601 0.577350276001259 0.6120889929115916
vn -0.6156473084856935 -0.5789771009547277 0.5345688993239134
vn -0.6156473084856935 -0.5789771009547277 0.5345688993239134
vn -0.6156473084856935 -0.5789771009547277 0.5345688993239134
vn -0.6093471609679343 0.5742162431531456 0.5467830863508909
vn -0.6093471609679343 0.5742162431531456 0.5467830863508909
vn -0.6093471609679343 0.5742162431531456 0.5467830863508909
vn 0.5388269450516937 -0.5781047968233665 0.6127482086273882
vn 0.5388269450516937 -0.5781047968233665 0.6127482086273882
vn 0.5388269450516937 -0.5781047968233665 0.6127482086273882
vn -0.6120889929115916 -0.577350276001259 0.5403829415865601
vn -0.6120889929115916 -0.577350276001259 0.5403829415865601
vn -0.6120889929115916 -0.577350276001259 0.5403829415865601
vn 0.5368688695630243 -0.5742162458612433 0.6180999271017111
vn 0.5368688695630243 -0.5742162458612433 0.6180999271017111
vn 0.5368688695630243 -0.5742162458612433 0.6180999271017111
vn -0.7057420613594392 0.7071067691913857 -0.04391081634233222
vn -0.7057420613594392 0.7071067691913857 -0.04391081634233222
vn -0.7057420613594392 0.7071067691913857 -0.04391081634233222
vn 0.7057420613594392 0.7071067691913857 0.04391081634233222
vn 0.7057420613594392 0.7071067691913857 0.04391081634233222
vn 0.7057420613594392 0.7071067691913857 0.04391081634233222
vn 0.7057420613594392 0.7071067691913857 0.04391081634233222
vn 0.7057420613594392 0.7071067691913857 0.04391081634233222
vn 0.7057420613594392 0.7071067691913857 0.04391081634233222
vn -0.7057420613594392 -0.7071067691913857 -0.04391081634233222
vn -0.7057420613594392 -0.7071067691913857 -0.04391081634233222
vn -0.7057420613594392 -0.7071067691913857 -0.04391081634233222
vn -0.7057420613594392 0.7071067691913857 -0.04391081634233222
vn -0.7057420613594392 0.7071067691913857 -0.04391081634233222
vn -0.7057420613594392 0.7071067691913857 -0.04391081634233222
vn 0.7057420613594392 -0.7071067691913857 0.04391081634233222
vn 0.7057420613594392 -0.7071067691913857 0.04391081634233222
vn 0.7057420613594392 -0.7071067691913857 0.04391081634233222
vn -0.7057420613594392 -0.7071067691913857 -0.04391081634233222
vn -0.7057420613594392 -0.7071067691913857 -0.04391081634233222
vn -0.7057420613594392 -0.7071067691913857 -0.04391081634233222
vn 0.7057420613594392 -0.7071067691913857 0.04391081634233222
vn 0.7057420613594392 -0.7071067691913857 0.04391081634233222
vn 0.7057420613594392 -0.7071067691913857 0.04391081634233222
vn 0.4096713385558829 -0.45787689329342157 0.7889981907164273
vn 0.4096713385558829 -0.45787689329342157 0.7889981907164273
vn 0.4096713385558829 -0.45787689329342157 0.7889981907164273
vn -0.5043150200281004 -0.45787689214544025 0.7321305294913534
vn -0.5043150200281004 -0.45787689214544025 0.7321305294913534
vn -0.5043150200281004 -0.45787689214544025 0.7321305294913534
vn 0.4096713385558829 0.45787689329342157 0.7889981907164273
vn 0.4096713385558829 0.45787689329342157 0.7889981907164273
vn 0.4096713385558829 0.45787689329342157 0.7889981907164273
vn -0.5043150200281004 0.45787689214544025 0.7321305294913534
vn -0.5043150200281004 0.45787689214544025 0.7321305294913534
vn -0.5043150200281004 0.45787689214544025 0.7321305294913534
vn 0.04391081632205804 -0.7071067692495345 -0.7057420613024394
vn 0.04391081632205804 -0.7071067692495345 -0.7057420613024394
vn 0.04391081632205804 -0.7071067692495345 -0.7057420613024394
vn -0.04495891524365495 -0.7071064064590287 0.7056764314363297
vn -0.04495891524365495 -0.7071064064590287 0.7056764314363297
vn -0.04495891524365495 -0.7071064064590287 0.7056764314363297
vn -0.04382546203792023 -0.7084786227574038 0.7043701938419422
vn -0.04382546203792023 -0.7084786227574038 0.7043701938419422
vn -0.04382546203792023 -0.7084786227574038 0.7043701938419422
vn 0.042862668698806644 0.7071064125350703 -0.7058068524630513
vn 0.042862668698806644 0.7071064125350703 -0.7058068524630513
vn 0.042862668698806644 0.7071064125350703 -0.7058068524630513
vn 0.04512447403532897 -0.7056370836359097 -0.7071351271439166
vn 0.04512447403532897 -0.7056370836359097 -0.7071351271439166
vn 0.04512447403532897 -0.7056370836359097 -0.7071351271439166
vn -0.04391081632205804 0.7071067692495345 0.7057420613024394
vn -0.04391081632205804 0.7071067692495345 0.7057420613024394
vn -0.04391081632205804 0.7071067692495345 0.7057420613024394
vn 0.04382546203792023 0.7084786227574038 -0.7043701938419422
vn 0.04382546203792023 0.7084786227574038 -0.7043701938419422
vn 0.04382546203792023 0.7084786227574038 -0.7043701938419422
vn -0.042879203937154504 0.705637076624612 0.7072748334009824
vn -0.042879203937154504 0.705637076624612 0.7072748334009824
vn -0.042879203937154504 0.705637076624612 0.7072748334009824
vn 0.9980699776683176 0 0.062099272758735655
vn 0.9980699776683176 0 0.062099272758735655
vn 0.9980699776683176 0 0.062099272758735655
vn 0.9980699776683176 0 0.062099272758735655
vn 0.9980699776683176 0 0.062099272758735655
vn 0.9980699776683176 0 0.062099272758735655
vn 0.04391081632205804 -0.7071067692495345 -0.7057420613024394
vn 0.04391081632205804 -0.7071067692495345 -0.7057420613024394
vn 0.04391081632205804 -0.7071067692495345 -0.7057420613024394
vn -0.04495891524365495 -0.7071064064590287 0.7056764314363297
vn -0.04495891524365495 -0.7071064064590287 0.7056764314363297
vn -0.04495891524365495 -0.7071064064590287 0.7056764314363297
vn -0.04382546203792023 -0.7084786227574038 0.7043701938419422
vn -0.04382546203792023 -0.7084786227574038 0.7043701938419422
vn -0.04382546203792023 -0.7084786227574038 0.7043701938419422
vn 0.042862668698806644 0.7071064125350703 -0.7058068524630513
vn 0.042862668698806644 0.7071064125350703 -0.7058068524630513
vn 0.042862668698806644 0.7071064125350703 -0.7058068524630513
vn 0.04512447403532897 -0.7056370836359097 -0.7071351271439166
vn 0.04512447403532897 -0.7056370836359097 -0.7071351271439166
vn 0.04512447403532897 -0.7056370836359097 -0.7071351271439166
vn -0.04391081632205804 0.7071067692495345 0.7057420613024394
vn -0.04391081632205804 0.7071067692495345 0.7057420613024394
vn -0.04391081632205804 0.7071067692495345 0.7057420613024394
vn 0.04382546203792023 0.7084786227574038 -0.7043701938419422
vn 0.04382546203792023 0.7084786227574038 -0.7043701938419422
vn 0.04382546203792023 0.7084786227574038 -0.7043701938419422
vn -0.042879203937154504 0.705637076624612 0.7072748334009824
vn -0.042879203937154504 0.705637076624612 0.7072748334009824
vn -0.042879203937154504 0.705637076624612 0.7072748334009824
vn 0.9980699776683176 0 0.062099272758735655
vn 0.9980699776683176 0 0.062099272758735655
vn 0.9980699776683176 0 0.062099272758735655
vn 0.9980699776683176 0 0.062099272758735655
vn 0.9980699776683176 0 0.062099272758735655
vn 0.9980699776683176 0 0.062099272758735655
f 1//1 2//2 3//3
f 4//4 5//5 6//6
f 7//7 8//8 9//9
f 10//10 11//11 12//12
f 13//13 14//14 15//15
f 16//16 17//17 18//18
f 19//19 20//20 21//21
f 22//22 23//23 24//24
f 25//25 26//26 27//27
f 28//28 29//29 30//30
f 31//31 32//32 33//33
f 34//34 35//35 36//36
f 37//37 38//38 39//39
f 40//40 41//41 42//42
f 43//43 44//44 45//45
f 46//46 47//47 48//48
f 49//49 50//50 51//51
f 52//52 53//53 54//54
f 55//55 56//56 57//57
f 58//58 59//59 60//60
f 61//61 62//62 63//63
f 64//64 65//65 66//66
f 67//67 68//68 69//69
f 70//70 71//71 72//72
f 73//73 74//74 75//75
f 76//76 77//77 78//78
f 79//79 80//80 81//81
f 82//82 83//83 84//84
f 85//85 86//86 87//87
f 88//88 89//89 90//90
f 91//91 92//92 93//93
f 94//94 95//95 96//96
f 97//97 98//98 99//99
f 100//100 101//101 102//102
f 103//103 104//104 105//105
f 106//106 107//107 108//108
f 109//109 110//110 111//111
f 112//112 113//113 114//114
f 115//115 116//116 117//117
f 118//118 119//119 120//120
f 121//121 122//122 123//123
f 124//124 125//125 126//126
f 127//127 128//128 129//129
f 130//130 131//131 132//132
f 133//133 134//134 135//135
f 136//136 137//137 138//138
f 139//139 140//140 141//141
f 142//142 143//143 144//144
f 145//145 146//146 147//147
f 148//148 149//149 150//150
f 151//151 152//152 153//153
f 154//154 155//155 156//156
f 157//157 158//158 159//159
f 160//160 161//161 162//162
f 163//163 164//164 165//165
f 166//166 167//167 168//168
f 169//169 170//170 171//171
f 172//172 173//173 174//174
f 175//175 176//176 177//177
f 178//178 179//179 180//180
f 181//181 182//182 183//183
f 184//184 185//185 186//186
f 187//187 188//188 189//189
f 190//190 191//191 192//192
f 193//193 194//194 195//195
f 196//196 197//197 198//198
f 199//199 200//200 201//201
f 202//202 203//203 204//204
f 205//205 206//206 207//207
f 208//208 209//209 210//210
f 211//211 212//212 213//213
f 214//214 215//215 216//216
f 217//217 218//218 219//219
f 220//220 221//221 222//222
f 223//223 224//224 225//225
f 226//226 227//227 228//228
f 229//229 230//230 231//231
f 232//232 233//233 234//234
f 235//235 236//236 237//237
f 238//238 239//239 240//240
f 241//241 242//242 243//243
f 244//244 245//245 246//246
f 247//247 248//248 249//249
f 250//250 251//251 252//252
f 253//253 254//254 255//255
f 256//256 257//257 258//258
f 259//259 260//260 261//261
f 262//262 263//263 264//264
f 265//265 266//266 267//267
f 268//268 269//269 270//270
f 271//271 272//272 273//273
f 274//274 275//275 276//276
f 277//277 278//278 279//279
f 280//280 281//281 282//282
f 283//283 284//284 285//285
f 286//286 287//287 288//288
f 289//289 290//290 291//291
f 292//292 293//293 294//294
f 295//295 296//296 297//297
f 298//298 299//299 300//300
f 301//301 302//302 303//303
f 304//304 305//305 306//306
f 307//307 308//308 309//309
f 310//310 311//311 312//312
f 313//313 314//314 315//315
f 316//316 317//317 318//318
f 319//319 320//320 321//321
f 322//322 323//323 324//324
f 325//325 326//326 327//327
f 328//328 329//329 330//330
f 331//331 332//332 333//333
f 334//334 335//335 336//336
f 337//337 338//338 339//339
f 340//340 341//341 342//342
f 343//343 344//344 345//345
f 346//346 347//347 348//348
f 349//349 350//350 351//351
f 352//352 353//353 354//354
f 355//355 356//356 357//357
f 358//358 359//359 360//360
f 361//361 362//362 363//363
f 364//364 365//365 366//366
f 367//367 368//368 369//369
f 370//370 371//371 372//372
f 373//373 374//374 375//375
f 376//376 377//377 378//378
f 379//379 380//380 381//381
f 382//382 383//383 384//384
f 385//385 386//386 387//387
f 388//388 389//389 390//390
f 391//391 392//392 393//393
f 394//394 395//395 396//396
f 397//397 398//398 399//399
f 400//400 401//401 402//402
f 403//403 404//404 405//405
f 406//406 407//407 408//408
f 409//409 410//410 411//411
f 412//412 413//413 414//414
f 415//415 416//416 417//417
f 418//418 419//419 420//420
f 421//421 422//422 423//423
f 424//424 425//425 426//426
f 427//427 428//428 429//429
f 430//430 431//431 432//432
f 433//433 434//434 435//435
f 436//436 437//437 438//438
f 439//439 440//440 441//441
f 442//442 443//443 444//444
f 445//445 446//446 447//447
f 448//448 449//449 450//450
f 451//451 452//452 453//453
f 454//454 455//455 456//456
f 457//457 458//458 459//459
f 460//460 461//461 462//462
f 463//463 464//464 465//465
f 466//466 467//467 468//468
f 469//469 470//470 471//471
f 472//472 473//473 474//474
f 475//475 476//476 477//477
f 478//478 479//479 480//480
f 481//481 482//482 483//483
f 484//484 485//485 486//486
f 487//487 488//488 489//489
f 490//490 491//491 492//492
f 493//493 494//494 495//495
f 496//496 497//497 498//498
f 499//499 500//500 501//501
f 502//502 503//503 504//504
f 505//505 506//506 507//507
f 508//508 509//509 510//510
f 511//511 512//512 513//513
f 514//514 515//515 516//516
f 517//517 518//518 519//519
f 520//520 521//521 522//522
f 523//523 524//524 525//525
f 526//526 527//527 528//528
f 529//529 530//530 531//531
f 532//532 533//533 534//534
f 535//535 536//536 537//537
f 538//538 539//539 540//540
f 541//541 542//542 543//543
f 544//544 545//545 546//546
f 547//547 548//548 549//549
f 550//550 551//551 552//552
f 553//553 554//554 555//555
f 556//556 557//557 558//558
f 559//559 560//560 561//561
f 562//562 563//563 564//564
f 565//565 566//566 567//567
f 568//568 569//569 570//570
f 571//571 572//572 573//573
f 574//574 575//575 576//576
f 577//577 578//578 579//579
f 580//580 581//581 582//582
f 583//583 584//584 585//585
f 586//586 587//587 588//588
f 589//589 590//590 591//591
f 592//592 593//593 594//594
f 595//595 596//596 597//597
f 598//598 599//599 600//600
f 601//601 602//602 603//603
f 604//604 605//605 606//606
f 607//607 608//608 609//609
f 610//610 611//611 612//612
f 613//613 614//614 615//615
f 616//616 617//617 618//618
f 619//619 620//620 621//621
f 622//622 623//623 624//624
f 625//625 626//626 627//627
f 628//628 629//629 630//630
f 631//631 632//632 633//633
f 634//634 635//635 636//636
f 637//637 638//638 639//639
f 640//640 641//641 642//642
f 643//643 644//644 645//645
f 646//646 647//647 648//648
f 649//649 650//650 651//651
f 652//652 653//653 654//654
f 655//655 656//656 657//657
f 658//658 659//659 660//660
f 661//661 662//662 663//663
f 664//664 665//665 666//666
f 667//667 668//668 669//669
f 670//670 671//671 672//672
f 673//673 674//674 675//675
f 676//676 677//677 678//678
f 679//679 680//680 681//681
f 682//682 683//683 684//684
f 685//685 686//686 687//687
f 688//688 689//689 690//690
f 691//691 692//692 693//693
f 694//694 695//695 696//696
f 697//697 698//698 699//699
f 700//700 701//701 702//702
f 703//703 704//704 705//705
f 706//706 707//707 708//708
f 709//709 710//710 711//711
f 712//712 713//713 714//714
f 715//715 716//716 717//717
f 718//718 719//719 720//720
f 721//721 722//722 723//723
f 724//724 725//725 726//726
f 727//727 728//728 729//729
f 730//730 731//731 732//732
f 733//733 734//734 735//735
f 736//736 737//737 738//738
f 739//739 740//740 741//741
f 742//742 743//743 744//744
f 745//745 746//746 747//747
f 748//748 749//749 750//750
f 751//751 752//752 753//753
f 754//754 755//755 756//756
f 757//757 758//758 759//759
f 760//760 761//761 762//762
f 763//763 764//764 765//765
f 766//766 767//767 768//768
f 769//769 770//770 771//771
f 772//772 773//773 774//774
f 775//775 776//776 777//777
f 778//778 779//779 780//780
f 781//781 782//782 783//783
f 784//784 785//785 786//786
f 787//787 788//788 789//789
f 790//790 791//791 792//792
f 793//793 794//794 795//795
f 796//796 797//797 798//798
f 799//799 800//800 801//801
f 802//802 803//803 804//804
f 805//805 806//806 807//807
f 808//808 809//809 810//810
f 811//811 812//812 813//813
f 814//814 815//815 816//816
f 817//817 818//818 819//819
f 820//820 821//821 822//822
f 823//823 824//824 825//825
f 826//826 827//827 828//828
f 829//829 830//830 831//831
f 832//832 833//833 834//834
f 835//835 836//836 837//837
f 838//838 839//839 840//840
f 841//841 842//842 843//843
f 844//844 845//845 846//846
f 847//847 848//848 849//849
f 850//850 851//851 852//852
f 853//853 854//854 855//855
f 856//856 857//857 858//858
f 859//859 860//860 861//861
f 862//862 863//863 864//864
f 865//865 866//866 867//867
f 868//868 869//869 870//870
f 871//871 872//872 873//873
f 874//874 875//875 876//876
f 877//877 878//878 879//879
f 880//880 881//881 882//882
f 883//883 884//884 885//885
f 886//886 887//887 888//888
f 889//889 890//890 891//891
f 892//892 893//893 894//894
f 895//895 896//896 897//897
f 898//898 899//899 900//900
f 901//901 902//902 903//903
f 904//904 905//905 906//906
f 907//907 908//908 909//909
f 910//910 911//911 912//912
f 913//913 914//914 915//915
f 916//916 917//917 918//918
f 919//919 920//920 921//921
f 922//922 923//923 924//924
f 925//925 926//926 927//927
f 928//928 929//929 930//930
f 931//931 932//932 933//933
f 934//934 935//935 936//936
f 937//937 938//938 939//939
f 940//940 941//941 942//942
f 943//943 944//944 945//945
f 946//946 947//947 948//948
f 949//949 950//950 951//951
f 952//952 953//953 954//954
f 955//955 956//956 957//957
f 958//958 959//959 960//960
f 961//961 962//962 963//963
f 964//964 965//965 966//966
f 967//967 968//968 969//969
f 970//970 971//971 972//972
f 973//973 974//974 975//975
f 976//976 977//977 978//978
f 979//979 980//980 981//981
f 982//982 983//983 984//984
f 985//985 986//986 987//987
f 988//988 989//989 990//990
f 991//991 992//992 993//993
f 994//994 995//995 996//996
f 997//997 998//998 999//999
f 1000//1000 1001//1001 1002//1002
f 1003//1003 1004//1004 1005//1005
f 1006//1006 1007//1007 1008//1008
f 1009//1009 1010//1010 1011//1011
f 1012//1012 1013//1013 1014//1014
f 1015//1015 1016//1016 1017//1017
f 1018//1018 1019//1019 1020//1020
f 1021//1021 1022//1022 1023//1023
f 1024//1024 1025//1025 1026//1026
f 1027//1027 1028//1028 1029//1029
f 1030//1030 1031//1031 1032//1032
f 1033//1033 1034//1034 1035//1035
f 1036//1036 1037//1037 1038//1038
f 1039//1039 1040//1040 1041//1041
f 1042//1042 1043//1043 1044//1044
f 1045//1045 1046//1046 1047//1047
f 1048//1048 1049//1049 1050//1050
f 1051//1051 1052//1052 1053//1053
f 1054//1054 1055//1055 1056//1056
f 1057//1057 1058//1058 1059//1059
f 1060//1060 1061//1061 1062//1062
f 1063//1063 1064//1064 1065//1065
f 1066//1066 1067//1067 1068//1068
f 1069//1069 1070//1070 1071//1071
f 1072//1072 1073//1073 1074//1074
f 1075//1075 1076//1076 1077//1077
f 1078//1078 1079//1079 1080//1080
f 1081//1081 1082//1082 1083//1083
f 1084//1084 1085//1085 1086//1086
f 1087//1087 1088//1088 1089//1089
f 1090//1090 1091//1091 1092//1092
f 1093//1093 1094//1094 1095//1095
f 1096//1096 1097//1097 1098//1098
f 1099//1099 1100//1100 1101//1101
f 1102//1102 1103//1103 1104//1104
f 1105//1105 1106//1106 1107//1107
f 1108//1108 1109//1109 1110//1110
f 1111//1111 1112//1112 1113//1113
f 1114//1114 1115//1115 1116//1116
f 1117//1117 1118//1118 1119//1119
f 1120//1120 1121//1121 1122//1122
f 1123//1123 1124//1124 1125//1125
f 1126//1126 1127//1127 1128//1128
f 1129//1129 1130//1130 1131//1131
f 1132//1132 1133//1133 1134//1134
f 1135//1135 1136//1136 1137//1137
f 1138//1138 1139//1139 1140//1140
f 1141//1141 1142//1142 1143//1143
f 1144//1144 1145//1145 1146//1146
f 1147//1147 1148//1148 1149//1149
f 1150//1150 1151//1151 1152//1152
f 1153//1153 1154//1154 1155//1155
f 1156//1156 1157//1157 1158//1158
f 1159//1159 1160//1160 1161//1161
f 1162//1162 1163//1163 1164//1164
f 1165//1165 1166//1166 1167//1167
f 1168//1168 1169//1169 1170//1170
f 1171//1171 1172//1172 1173//1173
f 1174//1174 1175//1175 1176//1176
f 1177//1177 1178//1178 1179//1179
f 1180//1180 1181//1181 1182//1182
f 1183//1183 1184//1184 1185//1185
f 1186//1186 1187//1187 1188//1188
f 1189//1189 1190//1190 1191//1191
f 1192//1192 1193//1193 1194//1194
f 1195//1195 1196//1196 1197//1197
f 1198//1198 1199//1199 1200//1200
f 1201//1201 1202//1202 1203//1203
f 1204//1204 1205//1205 1206//1206
f 1207//1207 1208//1208 1209//1209
f 1210//1210 1211//1211 1212//1212
f 1213//1213 1214//1214 1215//1215
f 1216//1216 1217//1217 1218//1218
f 1219//1219 1220//1220 1221//1221
f 1222//1222 1223//1223 1224//1224
f 1225//1225 1226//1226 1227//1227
f 1228//1228 1229//1229 1230//1230
f 1231//1231 1232//1232 1233//1233
f 1234//1234 1235//1235 1236//1236
f 1237//1237 1238//1238 1239//1239
f 1240//1240 1241//1241 1242//1242
f 1243//1243 1244//1244 1245//1245
f 1246//1246 1247//1247 1248//1248
f 1249//1249 1250//1250 1251//1251
f 1252//1252 1253//1253 1254//1254
f 1255//1255 1256//1256 1257//1257
f 1258//1258 1259//1259 1260//1260
f 1261//1261 1262//1262 1263//1263
f 1264//1264 1265//1265 1266//1266
f 1267//1267 1268//1268 1269//1269
f 1270//1270 1271//1271 1272//1272
f 1273//1273 1274//1274 1275//1275
f 1276//1276 1277//1277 1278//1278
f 1279//1279 1280//1280 1281//1281
f 1282//1282 1283//1283 1284//1284
f 1285//1285 1286//1286 1287//1287
f 1288//1288 1289//1289 1290//1290
f 1291//1291 1292//1292 1293//1293
f 1294//1294 1295//1295 1296//1296
f 1297//1297 1298//1298 1299//1299
f 1300//1300 1301//1301 1302//1302
f 1303//1303 1304//1304 1305//1305
f 1306//1306 1307//1307 1308//1308
f 1309//1309 1310//1310 1311//1311
f 1312//1312 1313//1313 1314//1314
f 1315//1315 1316//1316 1317//1317
f 1318//1318 1319//1319 1320//1320
f 1321//1321 1322//1322 1323//1323
f 1324//1324 1325//1325 1326//1326
f 1327//1327 1328//1328 1329//1329
f 1330//1330 1331//1331 1332//1332
f 1333//1333 1334//1334 1335//1335
f 1336//1336 1337//1337 1338//1338
f 1339//1339 1340//1340 1341//1341
f 1342//1342 1343//1343 1344//1344
f 1345//1345 1346//1346 1347//1347
f 1348//1348 1349//1349 1350//1350
f 1351//1351 1352//1352 1353//1353
f 1354//1354 1355//1355 1356//1356
f 1357//1357 1358//1358 1359//1359
f 1360//1360 1361//1361 1362//1362
f 1363//1363 1364//1364 1365//1365
f 1366//1366 1367//1367 1368//1368
f 1369//1369 1370//1370 1371//1371
f 1372//1372 1373//1373 1374//1374
f 1375//1375 1376//1376 1377//1377
f 1378//1378 1379//1379 1380//1380
f 1381//1381 1382//1382 1383//1383
f 1384//1384 1385//1385 1386//1386
f 1387//1387 1388//1388 1389//1389
f 1390//1390 1391//1391 1392//1392
f 1393//1393 1394//1394 1395//1395
f 1396//1396 1397//1397 1398//1398
f 1399//1399 1400//1400 1401//1401
f 1402//1402 1403//1403 1404//1404
f 1405//1405 1406//1406 1407//1407
f 1408//1408 1409//1409 1410//1410
f 1411//1411 1412//1412 1413//1413
f 1414//1414 1415//1415 1416//1416
f 1417//1417 1418//1418 1419//1419
f 1420//1420 1421//1421 1422//1422
f 1423//1423 1424//1424 1425//1425
f 1426//1426 1427//1427 1428//1428
f 1429//1429 1430//1430 1431//1431
f 1432//1432 1433//1433 1434//1434
f 1435//1435 1436//1436 1437//1437
f 1438//1438 1439//1439 1440//1440
f 1441//1441 1442//1442 1443//1443
f 1444//1444 1445//1445 1446//1446
f 1447//1447 1448//1448 1449//1449
f 1450//1450 1451//1451 1452//1452
f 1453//1453 1454//1454 1455//1455
f 1456//1456 1457//1457 1458//1458
f 1459//1459 1460//1460 1461//1461
f 1462//1462 1463//1463 1464//1464
f 1465//1465 1466//1466 1467//1467
f 1468//1468 1469//1469 1470//1470
f 1471//1471 1472//1472 1473//1473
f 1474//1474 1475//1475 1476//1476
f 1477//1477 1478//1478 1479//1479
f 1480//1480 1481//1481 1482//1482
f 1483//1483 1484//1484 1485//1485
f 1486//1486 1487//1487 1488//1488
f 1489//1489 1490//1490 1491//1491
f 1492//1492 1493//1493 1494//1494
f 1495//1495 1496//1496 1497//1497
f 1498//1498 1499//1499 1500//1500
f 1501//1501 1502//1502 1503//1503
f 1504//1504 1505//1505 1506//1506
f 1507//1507 1508//1508 1509//1509
f 1510//1510 1511//1511 1512//1512
f 1513//1513 1514//1514 1515//1515
f 1516//1516 1517//1517 1518//1518
f 1519//1519 1520//1520 1521//1521
f 1522//1522 1523//1523 1524//1524
f 1525//1525 1526//1526 1527//1527
f 1528//1528 1529//1529 1530//1530
f 1531//1531 1532//1532 1533//1533
f 1534//1534 1535//1535 1536//1536
f 1537//1537 1538//1538 1539//1539
f 1540//1540 1541//1541 1542//1542
f 1543//1543 1544//1544 1545//1545
f 1546//1546 1547//1547 1548//1548
f 1549//1549 1550//1550 1551//1551
f 1552//1552 1553//1553 1554//1554
f 1555//1555 1556//1556 1557//1557
f 1558//1558 1559//1559 1560//1560
f 1561//1561 1562//1562 1563//1563
f 1564//1564 1565//1565 1566//1566
f 1567//1567 1568//1568 1569//1569
f 1570//1570 1571//1571 1572//1572
f 1573//1573 1574//1574 1575//1575
f 1576//1576 1577//1577 1578//1578
f 1579//1579 1580//1580 1581//1581
f 1582//1582 1583//1583 1584//1584
f 1585//1585 1586//1586 1587//1587
f 1588//1588 1589//1589 1590//1590
f 1591//1591 1592//1592 1593//1593
f 1594//1594 1595//1595 1596//1596
f 1597//1597 1598//1598 1599//1599
f 1600//1600 1601//1601 1602//1602
f 1603//1603 1604//1604 1605//1605
f 1606//1606 1607//1607 1608//1608
f 1609//1609 1610//1610 1611//1611
f 1612//1612 1613//1613 1614//1614
f 1615//1615 1616//1616 1617//1617
f 1618//1618 1619//1619 1620//1620
f 1621//1621 1622//1622 1623//1623
f 1624//1624 1625//1625 1626//1626
f 1627//1627 1628//1628 1629//1629
f 1630//1630 1631//1631 1632//1632
f 1633//1633 1634//1634 1635//1635
f 1636//1636 1637//1637 1638//1638
f 1639//1639 1640//1640 1641//1641
f 1642//1642 1643//1643 1644//1644
f 1645//1645 1646//1646 1647//1647
f 1648//1648 1649//1649 1650//1650
f 1651//1651 1652//1652 1653//1653
f 1654//1654 1655//1655 1656//1656
f 1657//1657 1658//1658 1659//1659
f 1660//1660 1661//1661 1662//1662
f 1663//1663 1664//1664 1665//1665
f 1666//1666 1667//1667 1668//1668
f 1669//1669 1670//1670 1671//1671
f 1672//1672 1673//1673 1674//1674
f 1675//1675 1676//1676 1677//1677
f 1678//1678 1679//1679 1680//1680
f 1681//1681 1682//1682 1683//1683
f 1684//1684 1685//1685 1686//1686
f 1687//1687 1688//1688 1689//1689
f 1690//1690 1691//1691 1692//1692
f 1693//1693 1694//1694 1695//1695
f 1696//1696 1697//1697 1698//1698
f 1699//1699 1700//1700 1701//1701
f 1702//1702 1703//1703 1704//1704
f 1705//1705 1706//1706 1707//1707
f 1708//1708 1709//1709 1710//1710
f 1711//1711 1712//1712 1713//1713
f 1714//1714 1715//1715 1716//1716
f 1717//1717 1718//1718 1719//1719
f 1720//1720 1721//1721 1722//1722
f 1723//1723 1724//1724 1725//1725
f 1726//1726 1727//1727 1728//1728
f 1729//1729 1730//1730 1731//1731
f 1732//1732 1733//1733 1734//1734
f 1735//1735 1736//1736 1737//1737
f 1738//1738 1739//1739 1740//1740
f 1741//1741 1742//1742 1743//1743
f 1744//1744 1745//1745 1746//1746
f 1747//1747 1748//1748 1749//1749
f 1750//1750 1751//1751 1752//1752
f 1753//1753 1754//1754 1755//1755
f 1756//1756 1757//1757 1758//1758
f 1759//1759 1760//1760 1761//1761
f 1762//1762 1763//1763 1764//1764
f 1765//1765 1766//1766 1767//1767
f 1768//1768 1769//1769 1770//1770
f 1771//1771 1772//1772 1773//1773
f 1774//1774 1775//1775 1776//1776
f 1777//1777 1778//1778 1779//1779
f 1780//1780 1781//1781 1782//1782
f 1783//1783 1784//1784 1785//1785
f 1786//1786 1787//1787 1788//1788
f 1789//1789 1790//1790 1791//1791
f 1792//1792 1793//1793 1794//1794
f 1795//1795 1796//1796 1797//1797
f 1798//1798 1799//1799 1800//1800
f 1801//1801 1802//1802 1803//1803
f 1804//1804 1805//1805 1806//1806
f 1807//1807 1808//1808 1809//1809
f 1810//1810 1811//1811 1812//1812
f 1813//1813 1814//1814 1815//1815
f 1816//1816 1817//1817 1818//1818
f 1819//1819 1820//1820 1821//1821
f 1822//1822 1823//1823 1824//1824
f 1825//1825 1826//1826 1827//1827
f 1828//1828 1829//1829 1830//1830
f 1831//1831 1832//1832 1833//1833
f 1834//1834 1835//1835 1836//1836
f 1837//1837 1838//1838 1839//1839
f 1840//1840 1841//1841 1842//1842
f 1843//1843 1844//1844 1845//1845
f 1846//1846 1847//1847 1848//1848
f 1849//1849 1850//1850 1851//1851
f 1852//1852 1853//1853 1854//1854
f 1855//1855 1856//1856 1857//1857
f 1858//1858 1859//1859 1860//1860
f 1861//1861 1862//1862 1863//1863
f 1864//1864 1865//1865 1866//1866
f 1867//1867 1868//1868 1869//1869
f 1870//1870 1871//1871 1872//1872
f 1873//1873 1874//1874 1875//1875
f 1876//1876 1877//1877 1878//1878
f 1879//1879 1880//1880 1881//1881
f 1882//1882 1883//1883 1884//1884
f 1885//1885 1886//1886 1887//1887
f 1888//1888 1889//1889 1890//1890
f 1891//1891 1892//1892 1893//1893
f 1894//1894 1895//1895 1896//1896
f 1897//1897 1898//1898 1899//1899
f 1900//1900 1901//1901 1902//1902
f 1903//1903 1904//1904 1905//1905
f 1906//1906 1907//1907 1908//1908
f 1909//1909 1910//1910 1911//1911
f 1912//1912 1913//1913 1914//1914
f 1915//1915 1916//1916 1917//1917
f 1918//1918 1919//1919 1920//1920
f 1921//1921 1922//1922 1923//1923
f 1924//1924 1925//1925 1926//1926
f 1927//1927 1928//1928 1929//1929
f 1930//1930 1931//1931 1932//1932
f 1933//1933 1934//1934 1935//1935
f 1936//1936 1937//1937 1938//1938
f 1939//1939 1940//1940 1941//1941
f 1942//1942 1943//1943 1944//1944
f 1945//1945 1946//1946 1947//1947
f 1948//1948 1949//1949 1950//1950
f 1951//1951 1952//1952 1953//1953
f 1954//1954 1955//1955 1956//1956
f 1957//1957 1958//1958 1959//1959
f 1960//1960 1961//1961 1962//1962
f 1963//1963 1964//1964 1965//1965
f 1966//1966 1967//1967 1968//1968
f 1969//1969 1970//1970 1971//1971
f 1972//1972 1973//1973 1974//1974
f 1975//1975 1976//1976 1977//1977
f 1978//1978 1979//1979 1980//1980
f 1981//1981 1982//1982 1983//1983
f 1984//1984 1985//1985 1986//1986
f 1987//1987 1988//1988 1989//1989
f 1990//1990 1991//1991 1992//1992
f 1993//1993 1994//1994 1995//1995
f 1996//1996 1997//1997 1998//1998
f 1999//1999 2000//2000 2001//2001
f 2002//2002 2003//2003 2004//2004
f 2005//2005 2006//2006 2007//2007
f 2008//2008 2009//2009 2010//2010
f 2011//2011 2012//2012 2013//2013
f 2014//2014 2015//2015 2016//2016
f 2017//2017 2018//2018 2019//2019
f 2020//2020 2021//2021 2022//2022
f 2023//2023 2024//2024 2025//2025
f 2026//2026 2027//2027 2028//2028
f 2029//2029 2030//2030 2031//2031
f 2032//2032 2033//2033 2034//2034
f 2035//2035 2036//2036 2037//2037
f 2038//2038 2039//2039 2040//2040
f 2041//2041 2042//2042 2043//2043
f 2044//2044 2045//2045 2046//2046
f 2047//2047 2048//2048 2049//2049
f 2050//2050 2051//2051 2052//2052
f 2053//2053 2054//2054 2055//2055
f 2056//2056 2057//2057 2058//2058
f 2059//2059 2060//2060 2061//2061
f 2062//2062 2063//2063 2064//2064
f 2065//2065 2066//2066 2067//2067
f 2068//2068 2069//2069 2070//2070
f 2071//2071 2072//2072 2073//2073
f 2074//2074 2075//2075 2076//2076
f 2077//2077 2078//2078 2079//2079
f 2080//2080 2081//2081 2082//2082
f 2083//2083 2084//2084 2085//2085
f 2086//2086 2087//2087 2088//2088
f 2089//2089 2090//2090 2091//2091
f 2092//2092 2093//2093 2094//2094
f 2095//2095 2096//2096 2097//2097
f 2098//2098 2099//2099 2100//2100
f 2101//2101 2102//2102 2103//2103
f 2104//2104 2105//2105 2106//2106
f 2107//2107 2108//2108 2109//2109
f 2110//2110 2111//2111 2112//2112
f 2113//2113 2114//2114 2115//2115
f 2116//2116 2117//2117 2118//2118
f 2119//2119 2120//2120 2121//2121
f 2122//2122 2123//2123 2124//2124
f 2125//2125 2126//2126 2127//2127
f 2128//2128 2129//2129 2130//2130
f 2131//2131 2132//2132 2133//2133
f 2134//2134 2135//2135 2136//2136
f 2137//2137 2138//2138 2139//2139
f 2140//2140 2141//2141 2142//2142
f 2143//2143 2144//2144 2145//2145
f 2146//2146 2147//2147 2148//2148
f 2149//2149 2150//2150 2151//2151
f 2152//2152 2153//2153 2154//2154
f 2155//2155 2156//2156 2157//2157
f 2158//2158 2159//2159 2160//2160
f 2161//2161 2162//2162 2163//2163
f 2164//2164 2165//2165 2166//2166
f 2167//2167 2168//2168 2169//2169
f 2170//2170 2171//2171 2172//2172
f 2173//2173 2174//2174 2175//2175
f 2176//2176 2177//2177 2178//2178
f 2179//2179 2180//2180 2181//2181
f 2182//2182 2183//2183 2184//2184
f 2185//2185 2186//2186 2187//2187
f 2188//2188 2189//2189 2190//2190
f 2191//2191 2192//2192 2193//2193
f 2194//2194 2195//2195 2196//2196
f 2197//2197 2198//2198 2199//2199
f 2200//2200 2201//2201 2202//2202
f 2203//2203 2204//2204 2205//2205
f 2206//2206 2207//2207 2208//2208
f 2209//2209 2210//2210 2211//2211
f 2212//2212 2213//2213 2214//2214
f 2215//2215 2216//2216 2217//2217
f 2218//2218 2219//2219 2220//2220
f 2221//2221 2222//2222 2223//2223
f 2224//2224 2225//2225 2226//2226
f 2227//2227 2228//2228 2229//2229
f 2230//2230 2231//2231 2232//2232
f 2233//2233 2234//2234 2235//2235
f 2236//2236 2237//2237 2238//2238
f 2239//2239 2240//2240 2241//2241
f 2242//2242 2243//2243 2244//2244
f 2245//2245 2246//2246 2247//2247
f 2248//2248 2249//2249 2250//2250
f 2251//2251 2252//2252 2253//2253
f 2254//2254 2255//2255 2256//2256
f 2257//2257 2258//2258 2259//2259
f 2260//2260 2261//2261 2262//2262
f 2263//2263 2264//2264 2265//2265
f 2266//2266 2267//2267 2268//2268
f 2269//2269 2270//2270 2271//2271
f 2272//2272 2273//2273 2274//2274
f 2275//2275 2276//2276 2277//2277
f 2278//2278 2279//2279 2280//2280
f 2281//2281 2282//2282 2283//2283
f 2284//2284 2285//2285 2286//2286
f 2287//2287 2288//2288 2289//2289
f 2290//2290 2291//2291 2292//2292
f 2293//2293 2294//2294 2295//2295
f 2296//2296 2297//2297 2298//2298
f 2299//2299 2300//2300 2301//2301
f 2302//2302 2303//2303 2304//2304
f 2305//2305 2306//2306 2307//2307
f 2308//2308 2309//2309 2310//2310
f 2311//2311 2312//2312 2313//2313
f 2314//2314 2315//2315 2316//2316
f 2317//2317 2318//2318 2319//2319
f 2320//2320 2321//2321 2322//2322
f 2323//2323 2324//2324 2325//2325
f 2326//2326 2327//2327 2328//2328
f 2329//2329 2330//2330 2331//2331
f 2332//2332 2333//2333 2334//2334
f 2335//2335 2336//2336 2337//2337
f 2338//2338 2339//2339 2340//2340
f 2341//2341 2342//2342 2343//2343
f 2344//2344 2345//2345 2346//2346
f 2347//2347 2348//2348 2349//2349
f 2350//2350 2351//2351 2352//2352
f 2353//2353 2354//2354 2355//2355
f 2356//2356 2357//2357 2358//2358
f 2359//2359 2360//2360 2361//2361
f 2362//2362 2363//2363 2364//2364
f 2365//2365 2366//2366 2367//2367
f 2368//2368 2369//2369 2370//2370
f 2371//2371 2372//2372 2373//2373
f 2374//2374 2375//2375 2376//2376
f 2377//2377 2378//2378 2379//2379
f 2380//2380 2381//2381 2382//2382
f 2383//2383 2384//2384 2385//2385
f 2386//2386 2387//2387 2388//2388
f 2389//2389 2390//2390 2391//2391
f 2392//2392 2393//2393 2394//2394
f 2395//2395 2396//2396 2397//2397
f 2398//2398 2399//2399 2400//2400
f 2401//2401 2402//2402 2403//2403
f 2404//2404 2405//2405 2406//2406
f 2407//2407 2408//2408 2409//2409
f 2410//2410 2411//2411 2412//2412
f 2413//2413 2414//2414 2415//2415
f 2416//2416 2417//2417 2418//2418
f 2419//2419 2420//2420 2421//2421
f 2422//2422 2423//2423 2424//2424
f 2425//2425 2426//2426 2427//2427
f 2428//2428 2429//2429 2430//2430
f 2431//2431 2432//2432 2433//2433
f 2434//2434 2435//2435 2436//2436
f 2437//2437 2438//2438 2439//2439
f 2440//2440 2441//2441 2442//2442
f 2443//2443 2444//2444 2445//2445
f 2446//2446 2447//2447 2448//2448
f 2449//2449 2450//2450 2451//2451
f 2452//2452 2453//2453 2454//2454
f 2455//2455 2456//2456 2457//2457
f 2458//2458 2459//2459 2460//2460
f 2461//2461 2462//2462 2463//2463
f 2464//2464 2465//2465 2466//2466
f 2467//2467 2468//2468 2469//2469
f 2470//2470 2471//2471 2472//2472
f 2473//2473 2474//2474 2475//2475
f 2476//2476 2477//2477 2478//2478
f 2479//2479 2480//2480 2481//2481
f 2482//2482 2483//2483 2484//2484
f 2485//2485 2486//2486 2487//2487
f 2488//2488 2489//2489 2490//2490
f 2491//2491 2492//2492 2493//2493
f 2494//2494 2495//2495 2496//2496
f 2497//2497 2498//2498 2499//2499
f 2500//2500 2501//2501 2502//2502
f 2503//2503 2504//2504 2505//2505
f 2506//2506 2507//2507 2508//2508
f 2509//2509 2510//2510 2511//2511
f 2512//2512 2513//2513 2514//2514
f 2515//2515 2516//2516 2517//2517
f 2518//2518 2519//2519 2520//2520
f 2521//2521 2522//2522 2523//2523
f 2524//2524 2525//2525 2526//2526
f 2527//2527 2528//2528 2529//2529
f 2530//2530 2531//2531 2532//2532
f 2533//2533 2534//2534 2535//2535
f 2536//2536 2537//2537 2538//2538
f 2539//2539 2540//2540 2541//2541
f 2542//2542 2543//2543 2544//2544
f 2545//2545 2546//2546 2547//2547
f 2548//2548 2549//2549 2550//2550
f 2551//2551 2552//2552 2553//2553
f 2554//2554 2555//2555 2556//2556
f 2557//2557 2558//2558 2559//2559
f 2560//2560 2561//2561 2562//2562
f 2563//2563 2564//2564 2565//2565
f 2566//2566 2567//2567 2568//2568
f 2569//2569 2570//2570 2571//2571
f 2572//2572 2573//2573 2574//2574
f 2575//2575 2576//2576 2577//2577
f 2578//2578 2579//2579 2580//2580
f 2581//2581 2582//2582 2583//2583
f 2584//2584 2585//2585 2586//2586
f 2587//2587 2588//2588 2589//2589
f 2590//2590 2591//2591 2592//2592
f 2593//2593 2594//2594 2595//2595
f 2596//2596 2597//2597 2598//2598
f 2599//2599 2600//2600 2601//2601
f 2602//2602 2603//2603 2604//2604
f 2605//2605 2606//2606 2607//2607
f 2608//2608 2609//2609 2610//2610
f 2611//2611 2612//2612 2613//2613
f 2614//2614 2615//2615 2616//2616
f 2617//2617 2618//2618 2619//2619
f 2620//2620 2621//2621 2622//2622
f 2623//2623 2624//2624 2625//2625
f 2626//2626 2627//2627 2628//2628
f 2629//2629 2630//2630 2631//2631
f 2632//2632 2633//2633 2634//2634
f 2635//2635 2636//2636 2637//2637
f 2638//2638 2639//2639 2640//2640
f 2641//2641 2642//2642 2643//2643
f 2644//2644 2645//2645 2646//2646
f 2647//2647 2648//2648 2649//2649
f 2650//2650 2651//2651 2652//2652
f 2653//2653 2654//2654 2655//2655
f 2656//2656 2657//2657 2658//2658
f 2659//2659 2660//2660 2661//2661
f 2662//2662 2663//2663 2664//2664
f 2665//2665 2666//2666 2667//2667
f 2668//2668 2669//2669 2670//2670
f 2671//2671 2672//2672 2673//2673
f 2674//2674 2675//2675 2676//2676
f 2677//2677 2678//2678 2679//2679
f 2680//2680 2681//2681 2682//2682
f 2683//2683 2684//2684 2685//2685
f 2686//2686 2687//2687 2688//2688
f 2689//2689 2690//2690 2691//2691
f 2692//2692 2693//2693 2694//2694
f 2695//2695 2696//2696 2697//2697
f 2698//2698 2699//2699 2700//2700
f 2701//2701 2702//2702 2703//2703
f 2704//2704 2705//2705 2706//2706
f 2707//2707 2708//2708 2709//2709
f 2710//2710 2711//2711 2712//2712
f 2713//2713 2714//2714 2715//2715
f 2716//2716 2717//2717 2718//2718
f 2719//2719 2720//2720 2721//2721
f 2722//2722 2723//2723 2724//2724
f 2725//2725 2726//2726 2727//2727
f 2728//2728 2729//2729 2730//2730
f 2731//2731 2732//2732 2733//2733
f 2734//2734 2735//2735 2736//2736
f 2737//2737 2738//2738 2739//2739
f 2740//2740 2741//2741 2742//2742
f 2743//2743 2744//2744 2745//2745
f 2746//2746 2747//2747 2748//2748
f 2749//2749 2750//2750 2751//2751
f 2752//2752 2753//2753 2754//2754
f 2755//2755 2756//2756 2757//2757
f 2758//2758 2759//2759 2760//2760
f 2761//2761 2762//2762 2763//2763
f 2764//2764 2765//2765 2766//2766
f 2767//2767 2768//2768 2769//2769
f 2770//2770 2771//2771 2772//2772
f 2773//2773 2774//2774 2775//2775
f 2776//2776 2777//2777 2778//2778
f 2779//2779 2780//2780 2781//2781
f 2782//2782 2783//2783 2784//2784
f 2785//2785 2786//2786 2787//2787
f 2788//2788 2789//2789 2790//2790
f 2791//2791 2792//2792 2793//2793
f 2794//2794 2795//2795 2796//2796
f 2797//2797 2798//2798 2799//2799
f 2800//2800 2801//2801 2802//2802
f 2803//2803 2804//2804 2805//2805
f 2806//2806 2807//2807 2808//2808
f 2809//2809 2810//2810 2811//2811
f 2812//2812 2813//2813 2814//2814
f 2815//2815 2816//2816 2817//2817
f 2818//2818 2819//2819 2820//2820
f 2821//2821 2822//2822 2823//2823
f 2824//2824 2825//2825 2826//2826
f 2827//2827 2828//2828 2829//2829
f 2830//2830 2831//2831 2832//2832
f 2833//2833 2834//2834 2835//2835
f 2836//2836 2837//2837 2838//2838
f 2839//2839 2840//2840 2841//2841
f 2842//2842 2843//2843 2844//2844
f 2845//2845 2846//2846 2847//2847
f 2848//2848 2849//2849 2850//2850
f 2851//2851 2852//2852 2853//2853
f 2854//2854 2855//2855 2856//2856
f 2857//2857 2858//2858 2859//2859
f 2860//2860 2861//2861 2862//2862
f 2863//2863 2864//2864 2865//2865
f 2866//2866 2867//2867 2868//2868
f 2869//2869 2870//2870 2871//2871
f 2872//2872 2873//2873 2874//2874
f 2875//2875 2876//2876 2877//2877
f 2878//2878 2879//2879 2880//2880
f 2881//2881 2882//2882 2883//2883
f 2884//2884 2885//2885 2886//2886
f 2887//2887 2888//2888 2889//2889
f 2890//2890 2891//2891 2892//2892
f 2893//2893 2894//2894 2895//2895
f 2896//2896 2897//2897 2898//2898
f 2899//2899 2900//2900 2901//2901
f 2902//2902 2903//2903 2904//2904
f 2905//2905 2906//2906 2907//2907
f 2908//2908 2909//2909 2910//2910
f 2911//2911 2912//2912 2913//2913
f 2914//2914 2915//2915 2916//2916
f 2917//2917 2918//2918 2919//2919
f 2920//2920 2921//2921 2922//2922
f 2923//2923 2924//2924 2925//2925
f 2926//2926 2927//2927 2928//2928
f 2929//2929 2930//2930 2931//2931
f 2932//2932 2933//2933 2934//2934
f 2935//2935 2936//2936 2937//2937
f 2938//2938 2939//2939 2940//2940
f 2941//2941 2942//2942 2943//2943
f 2944//2944 2945//2945 2946//2946
f 2947//2947 2948//2948 2949//2949
f 2950//2950 2951//2951 2952//2952
f 2953//2953 2954//2954 2955//2955
f 2956//2956 2957//2957 2958//2958
f 2959//2959 2960//2960 2961//2961
f 2962//2962 2963//2963 2964//2964
f 2965//2965 2966//2966 2967//2967
f 2968//2968 2969//2969 2970//2970
f 2971//2971 2972//2972 2973//2973
f 2974//2974 2975//2975 2976//2976
f 2977//2977 2978//2978 2979//2979
f 2980//2980 2981//2981 2982//2982
f 2983//2983 2984//2984 2985//2985
f 2986//2986 2987//2987 2988//2988
f 2989//2989 2990//2990 2991//2991
f 2992//2992 2993//2993 2994//2994
f 2995//2995 2996//2996 2997//2997
f 2998//2998 2999//2999 3000//3000
f 3001//3001 3002//3002 3003//3003
f 3004//3004 3005//3005 3006//3006
f 3007//3007 3008//3008 3009//3009
f 3010//3010 3011//3011 3012//3012
f 3013//3013 3014//3014 3015//3015
f 3016//3016 3017//3017 3018//3018
f 3019//3019 3020//3020 3021//3021
f 3022//3022 3023//3023 3024//3024
f 3025//3025 3026//3026 3027//3027
f 3028//3028 3029//3029 3030//3030
f 3031//3031 3032//3032 3033//3033
f 3034//3034 3035//3035 3036//3036
f 3037//3037 3038//3038 3039//3039
f 3040//3040 3041//3041 3042//3042
f 3043//3043 3044//3044 3045//3045
f 3046//3046 3047//3047 3048//3048
f 3049//3049 3050//3050 3051//3051
f 3052//3052 3053//3053 3054//3054
f 3055//3055 3056//3056 3057//3057
f 3058//3058 3059//3059 3060//3060
f 3061//3061 3062//3062 3063//3063
f 3064//3064 3065//3065 3066//3066
f 3067//3067 3068//3068 3069//3069
f 3070//3070 3071//3071 3072//3072
f 3073//3073 3074//3074 3075//3075
f 3076//3076 3077//3077 3078//3078
f 3079//3079 3080//3080 3081//3081
f 3082//3082 3083//3083 3084//3084
f 3085//3085 3086//3086 3087//3087
f 3088//3088 3089//3089 3090//3090
f 3091//3091 3092//3092 3093//3093
f 3094//3094 3095//3095 3096//3096
f 3097//3097 3098//3098 3099//3099
f 3100//3100 3101//3101 3102//3102
f 3103//3103 3104//3104 3105//3105
f 3106//3106 3107//3107 3108//3108
f 3109//3109 3110//3110 3111//3111
f 3112//3112 3113//3113 3114//3114
f 3115//3115 3116//3116 3117//3117
f 3118//3118 3119//3119 3120//3120
f 3121//3121 3122//3122 3123//3123
f 3124//3124 3125//3125 3126//3126
f 3127//3127 3128//3128 3129//3129
f 3130//3130 3131//3131 3132//3132
f 3133//3133 3134//3134 3135//3135
f 3136//3136 3137//3137 3138//3138
f 3139//3139 3140//3140 3141//3141
f 3142//3142 3143//3143 3144//3144
f 3145//3145 3146//3146 3147//3147
f 3148//3148 3149//3149 3150//3150
f 3151//3151 3152//3152 3153//3153
f 3154//3154 3155//3155 3156//3156
f 3157//3157 3158//3158 3159//3159
f 3160//3160 3161//3161 3162//3162
f 3163//3163 3164//3164 3165//3165
f 3166//3166 3167//3167 3168//3168
f 3169//3169 3170//3170 3171//3171
f 3172//3172 3173//3173 3174//3174
f 3175//3175 3176//3176 3177//3177
f 3178//3178 3179//3179 3180//3180
f 3181//3181 3182//3182 3183//3183
f 3184//3184 3185//3185 3186//3186
f 3187//3187 3188//3188 3189//3189
f 3190//3190 3191//3191 3192//3192
f 3193//3193 3194//3194 3195//3195
f 3196//3196 3197//3197 3198//3198
f 3199//3199 3200//3200 3201//3201
f 3202//3202 3203//3203 3204//3204
f 3205//3205 3206//3206 3207//3207
f 3208//3208 3209//3209 3210//3210
f 3211//3211 3212//3212 3213//3213
f 3214//3214 3215//3215 3216//3216
f 3217//3217 3218//3218 3219//3219
f 3220//3220 3221//3221 3222//3222
f 3223//3223 3224//3224 3225//3225
f 3226//3226 3227//3227 3228//3228
f 3229//3229 3230//3230 3231//3231
f 3232//3232 3233//3233 3234//3234
f 3235//3235 3236//3236 3237//3237
f 3238//3238 3239//3239 3240//3240
f 3241//3241 3242//3242 3243//3243
f 3244//3244 3245//3245 3246//3246
f 3247//3247 3248//3248 3249//3249
f 3250//3250 3251//3251 3252//3252
f 3253//3253 3254//3254 3255//3255
f 3256//3256 3257//3257 3258//3258
f 3259//3259 3260//3260 3261//3261
f 3262//3262 3263//3263 3264//3264
f 3265//3265 3266//3266 3267//3267
f 3268//3268 3269//3269 3270//3270
f 3271//3271 3272//3272 3273//3273
f 3274//3274 3275//3275 3276//3276
f 3277//3277 3278//3278 3279//3279
f 3280//3280 3281//3281 3282//3282
f 3283//3283 3284//3284 3285//3285
f 3286//3286 3287//3287 3288//3288
f 3289//3289 3290//3290 3291//3291
f 3292//3292 3293//3293 3294//3294
f 3295//3295 3296//3296 3297//3297
f 3298//3298 3299//3299 3300//3300
f 3301//3301 3302//3302 3303//3303
f 3304//3304 3305//3305 3306//3306
f 3307//3307 3308//3308 3309//3309
f 3310//3310 3311//3311 3312//3312
f 3313//3313 3314//3314 3315//3315
f 3316//3316 3317//3317 3318//3318
f 3319//3319 3320//3320 3321//3321
f 3322//3322 3323//3323 3324//3324
f 3325//3325 3326//3326 3327//3327
f 3328//3328 3329//3329 3330//3330
f 3331//3331 3332//3332 3333//3333
f 3334//3334 3335//3335 3336//3336
f 3337//3337 3338//3338 3339//3339
f 3340//3340 3341//3341 3342//3342
f 3343//3343 3344//3344 3345//3345
f 3346//3346 3347//3347 3348//3348
f 3349//3349 3350//3350 3351//3351
f 3352//3352 3353//3353 3354//3354
f 3355//3355 3356//3356 3357//3357
f 3358//3358 3359//3359 3360//3360
f 3361//3361 3362//3362 3363//3363
f 3364//3364 3365//3365 3366//3366
f 3367//3367 3368//3368 3369//3369
f 3370//3370 3371//3371 3372//3372
f 3373//3373 3374//3374 3375//3375
f 3376//3376 3377//3377 3378//3378
f 3379//3379 3380//3380 3381//3381
f 3382//3382 3383//3383 3384//3384
f 3385//3385 3386//3386 3387//3387
f 3388//3388 3389//3389 3390//3390
f 3391//3391 3392//3392 3393//3393
f 3394//3394 3395//3395 3396//3396
f 3397//3397 3398//3398 3399//3399
f 3400//3400 3401//3401 3402//3402
f 3403//3403 3404//3404 3405//3405
f 3406//3406 3407//3407 3408//3408
f 3409//3409 3410//3410 3411//3411
f 3412//3412 3413//3413 3414//3414
f 3415//3415 3416//3416 3417//3417
f 3418//3418 3419//3419 3420//3420
f 3421//3421 3422//3422 3423//3423
f 3424//3424 3425//3425 3426//3426
f 3427//3427 3428//3428 3429//3429
f 3430//3430 3431//3431 3432//3432
f 3433//3433 3434//3434 3435//3435
f 3436//3436 3437//3437 3438//3438
f 3439//3439 3440//3440 3441//3441
f 3442//3442 3443//3443 3444//3444
f 3445//3445 3446//3446 3447//3447
f 3448//3448 3449//3449 3450//3450
f 3451//3451 3452//3452 3453//3453
f 3454//3454 3455//3455 3456//3456
f 3457//3457 3458//3458 3459//3459
f 3460//3460 3461//3461 3462//3462
f 3463//3463 3464//3464 3465//3465
f 3466//3466 3467//3467 3468//3468
f 3469//3469 3470//3470 3471//3471
f 3472//3472 3473//3473 3474//3474
f 3475//3475 3476//3476 3477//3477
f 3478//3478 3479//3479 3480//3480
f 3481//3481 3482//3482 3483//3483
f 3484//3484 3485//3485 3486//3486
f 3487//3487 3488//3488 3489//3489
f 3490//3490 3491//3491 3492//3492
f 3493//3493 3494//3494 3495//3495
f 3496//3496 3497//3497 3498//3498
f 3499//3499 3500//3500 3501//3501
f 3502//3502 3503//3503 3504//3504
f 3505//3505 3506//3506 3507//3507
f 3508//3508 3509//3509 3510//3510
f 3511//3511 3512//3512 3513//3513
f 3514//3514 3515//3515 3516//3516
f 3517//3517 3518//3518 3519//3519
f 3520//3520 3521//3521 3522//3522
f 3523//3523 3524//3524 3525//3525
f 3526//3526 3527//3527 3528//3528
f 3529//3529 3530//3530 3531//3531
f 3532//3532 3533//3533 3534//3534
f 3535//3535 3536//3536 3537//3537
f 3538//3538 3539//3539 3540//3540
f 3541//3541 3542//3542 3543//3543
f 3544//3544 3545//3545 3546//3546
f 3547//3547 3548//3548 3549//3549
f 3550//3550 3551//3551 3552//3552
f 3553//3553 3554//3554 3555//3555
f 3556//3556 3557//3557 3558//3558
f 3559//3559 3560//3560 3561//3561
f 3562//3562 3563//3563 3564//3564
f 3565//3565 3566//3566 3567//3567
f 3568//3568 3569//3569 3570//3570
f 3571//3571 3572//3572 3573//3573
f 3574//3574 3575//3575 3576//3576
f 3577//3577 3578//3578 3579//3579
f 3580//3580 3581//3581 3582//3582
f 3583//3583 3584//3584 3585//3585
f 3586//3586 3587//3587 3588//3588
f 3589//3589 3590//3590 3591//3591
f 3592//3592 3593//3593 3594//3594
f 3595//3595 3596//3596 3597//3597
f 3598//3598 3599//3599 3600//3600
f 3601//3601 3602//3602 3603//3603
f 3604//3604 3605//3605 3606//3606
f 3607//3607 3608//3608 3609//3609
f 3610//3610 3611//3611 3612//3612
f 3613//3613 3614//3614 3615//3615
f 3616//3616 3617//3617 3618//3618
f 3619//3619 3620//3620 3621//3621
f 3622//3622 3623//3623 3624//3624
f 3625//3625 3626//3626 3627//3627
f 3628//3628 3629//3629 3630//3630
f 3631//3631 3632//3632 3633//3633
f 3634//3634 3635//3635 3636//3636
f 3637//3637 3638//3638 3639//3639
f 3640//3640 3641//3641 3642//3642
f 3643//3643 3644//3644 3645//3645
f 3646//3646 3647//3647 3648//3648
f 3649//3649 3650//3650 3651//3651
f 3652//3652 3653//3653 3654//3654
f 3655//3655 3656//3656 3657//3657
f 3658//3658 3659//3659 3660//3660
f 3661//3661 3662//3662 3663//3663
f 3664//3664 3665//3665 3666//3666
f 3667//3667 3668//3668 3669//3669
f 3670//3670 3671//3671 3672//3672
f 3673//3673 3674//3674 3675//3675
f 3676//3676 3677//3677 3678//3678
f 3679//3679 3680//3680 3681//3681
f 3682//3682 3683//3683 3684//3684
f 3685//3685 3686//3686 3687//3687
f 3688//3688 3689//3689 3690//3690
f 3691//3691 3692//3692 3693//3693
f 3694//3694 3695//3695 3696//3696
f 3697//3697 3698//3698 3699//3699
f 3700//3700 3701//3701 3702//3702
f 3703//3703 3704//3704 3705//3705
f 3706//3706 3707//3707 3708//3708
f 3709//3709 3710//3710 3711//3711
f 3712//3712 3713//3713 3714//3714
f 3715//3715 3716//3716 3717//3717
f 3718//3718 3719//3719 3720//3720
f 3721//3721 3722//3722 3723//3723
f 3724//3724 3725//3725 3726//3726
f 3727//3727 3728//3728 3729//3729
f 3730//3730 3731//3731 3732//3732
f 3733//3733 3734//3734 3735//3735
f 3736//3736 3737//3737 3738//3738
f 3739//3739 3740//3740 3741//3741
f 3742//3742 3743//3743 3744//3744
f 3745//3745 3746//3746 3747//3747
f 3748//3748 3749//3749 3750//3750
f 3751//3751 3752//3752 3753//3753
f 3754//3754 3755//3755 3756//3756
f 3757//3757 3758//3758 3759//3759
f 3760//3760 3761//3761 3762//3762
f 3763//3763 3764//3764 3765//3765
f 3766//3766 3767//3767 3768//3768
f 3769//3769 3770//3770 3771//3771
f 3772//3772 3773//3773 3774//3774
f 3775//3775 3776//3776 3777//3777
f 3778//3778 3779//3779 3780//3780
f 3781//3781 3782//3782 3783//3783
f 3784//3784 3785//3785 3786//3786
f 3787//3787 3788//3788 3789//3789
f 3790//3790 3791//3791 3792//3792
f 3793//3793 3794//3794 3795//3795
f 3796//3796 3797//3797 3798//3798
f 3799//3799 3800//3800 3801//3801
f 3802//3802 3803//3803 3804//3804
f 3805//3805 3806//3806 3807//3807
f 3808//3808 3809//3809 3810//3810
f 3811//3811 3812//3812 3813//3813
f 3814//3814 3815//3815 3816//3816
f 3817//3817 3818//3818 3819//3819
f 3820//3820 3821//3821 3822//3822
f 3823//3823 3824//3824 3825//3825
f 3826//3826 3827//3827 3828//3828
f 3829//3829 3830//3830 3831//3831
f 3832//3832 3833//3833 3834//3834
f 3835//3835 3836//3836 3837//3837
f 3838//3838 3839//3839 3840//3840
f 3841//3841 3842//3842 3843//3843
f 3844//3844 3845//3845 3846//3846
f 3847//3847 3848//3848 3849//3849
f 3850//3850 3851//3851 3852//3852
f 3853//3853 3854//3854 3855//3855
f 3856//3856 3857//3857 3858//3858
f 3859//3859 3860//3860 3861//3861
f 3862//3862 3863//3863 3864//3864
f 3865//3865 3866//3866 3867//3867
f 3868//3868 3869//3869 3870//3870
f 3871//3871 3872//3872 3873//3873
f 3874//3874 3875//3875 3876//3876
f 3877//3877 3878//3878 3879//3879
f 3880//3880 3881//3881 3882//3882
f 3883//3883 3884//3884 3885//3885
f 3886//3886 3887//3887 3888//3888
f 3889//3889 3890//3890 3891//3891
f 3892//3892 3893//3893 3894//3894
f 3895//3895 3896//3896 3897//3897
f 3898//3898 3899//3899 3900//3900
f 3901//3901 3902//3902 3903//3903
f 3904//3904 3905//3905 3906//3906
f 3907//3907 3908//3908 3909//3909
f 3910//3910 3911//3911 3912//3912
f 3913//3913 3914//3914 3915//3915
f 3916//3916 3917//3917 3918//3918
f 3919//3919 3920//3920 3921//3921
f 3922//3922 3923//3923 3924//3924
f 3925//3925 3926//3926 3927//3927
f 3928//3928 3929//3929 3930//3930
f 3931//3931 3932//3932 3933//3933
f 3934//3934 3935//3935 3936//3936
f 3937//3937 3938//3938 3939//3939
f 3940//3940 3941//3941 3942//3942
f 3943//3943 3944//3944 3945//3945
f 3946//3946 3947//3947 3948//3948
f 3949//3949 3950//3950 3951//3951
f 3952//3952 3953//3953 3954//3954
f 3955//3955 3956//3956 3957//3957
f 3958//3958 3959//3959 3960//3960
f 3961//3961 3962//3962 3963//3963
f 3964//3964 3965//3965 3966//3966
f 3967//3967 3968//3968 3969//3969
f 3970//3970 3971//3971 3972//3972
f 3973//3973 3974//3974 3975//3975
f 3976//3976 3977//3977 3978//3978
f 3979//3979 3980//3980 3981//3981
f 3982//3982 3983//3983 3984//3984
f 3985//3985 3986//3986 3987//3987
f 3988//3988 3989//3989 3990//3990
f 3991//3991 3992//3992 3993//3993
f 3994//3994 3995//3995 3996//3996
f 3997//3997 3998//3998 3999//3999
f 4000//4000 4001//4001 4002//4002
f 4003//4003 4004//4004 4005//4005
f 4006//4006 4007//4007 4008//4008
f 4009//4009 4010//4010 4011//4011
f 4012//4012 4013//4013 4014//4014
f 4015//4015 4016//4016 4017//4017
f 4018//4018 4019//4019 4020//4020
f 4021//4021 4022//4022 4023//4023
f 4024//4024 4025//4025 4026//4026
f 4027//4027 4028//4028 4029//4029
f 4030//4030 4031//4031 4032//4032
f 4033//4033 4034//4034 4035//4035
f 4036//4036 4037//4037 4038//4038
f 4039//4039 4040//4040 4041//4041
f 4042//4042 4043//4043 4044//4044
f 4045//4045 4046//4046 4047//4047
f 4048//4048 4049//4049 4050//4050
f 4051//4051 4052//4052 4053//4053
f 4054//4054 4055//4055 4056//4056
f 4057//4057 4058//4058 4059//4059
f 4060//4060 4061//4061 4062//4062
f 4063//4063 4064//4064 4065//4065
f 4066//4066 4067//4067 4068//4068
f 4069//4069 4070//4070 4071//4071
f 4072//4072 4073//4073 4074//4074
f 4075//4075 4076//4076 4077//4077
f 4078//4078 4079//4079 4080//4080
f 4081//4081 4082//4082 4083//4083
f 4084//4084 4085//4085 4086//4086
f 4087//4087 4088//4088 4089//4089
f 4090//4090 4091//4091 4092//4092
f 4093//4093 4094//4094 4095//4095
f 4096//4096 4097//4097 4098//4098
f 4099//4099 4100//4100 4101//4101
f 4102//4102 4103//4103 4104//4104
f 4105//4105 4106//4106 4107//4107
f 4108//4108 4109//4109 4110//4110
f 4111//4111 4112//4112 4113//4113
f 4114//4114 4115//4115 4116//4116
f 4117//4117 4118//4118 4119//4119
f 4120//4120 4121//4121 4122//4122
f 4123//4123 4124//4124 4125//4125
f 4126//4126 4127//4127 4128//4128
f 4129//4129 4130//4130 4131//4131
f 4132//4132 4133//4133 4134//4134
f 4135//4135 4136//4136 4137//4137
f 4138//4138 4139//4139 4140//4140
f 4141//4141 4142//4142 4143//4143
f 4144//4144 4145//4145 4146//4146
f 4147//4147 4148//4148 4149//4149
f 4150//4150 4151//4151 4152//4152
f 4153//4153 4154//4154 4155//4155
f 4156//4156 4157//4157 4158//4158
f 4159//4159 4160//4160 4161//4161
f 4162//4162 4163//4163 4164//4164
f 4165//4165 4166//4166 4167//4167
f 4168//4168 4169//4169 4170//4170
f 4171//4171 4172//4172 4173//4173
f 4174//4174 4175//4175 4176//4176
f 4177//4177 4178//4178 4179//4179
f 4180//4180 4181//4181 4182//4182
f 4183//4183 4184//4184 4185//4185
f 4186//4186 4187//4187 4188//4188
f 4189//4189 4190//4190 4191//4191
f 4192//4192 4193//4193 4194//4194
f 4195//4195 4196//4196 4197//4197
f 4198//4198 4199//4199 4200//4200
f 4201//4201 4202//4202 4203//4203
f 4204//4204 4205//4205 4206//4206
f 4207//4207 4208//4208 4209//4209
f 4210//4210 4211//4211 4212//4212
f 4213//4213 4214//4214 4215//4215
f 4216//4216 4217//4217 4218//4218
f 4219//4219 4220//4220 4221//4221
f 4222//4222 4223//4223 4224//4224
f 4225//4225 4226//4226 4227//4227
f 4228//4228 4229//4229 4230//4230
f 4231//4231 4232//4232 4233//4233
f 4234//4234 4235//4235 4236//4236
f 4237//4237 4238//4238 4239//4239
f 4240//4240 4241//4241 4242//4242
f 4243//4243 4244//4244 4245//4245
f 4246//4246 4247//4247 4248//4248
f 4249//4249 4250//4250 4251//4251
f 4252//4252 4253//4253 4254//4254
f 4255//4255 4256//4256 4257//4257
f 4258//4258 4259//4259 4260//4260
f 4261//4261 4262//4262 4263//4263
f 4264//4264 4265//4265 4266//4266
f 4267//4267 4268//4268 4269//4269
f 4270//4270 4271//4271 4272//4272
f 4273//4273 4274//4274 4275//4275
f 4276//4276 4277//4277 4278//4278
f 4279//4279 4280//4280 4281//4281
f 4282//4282 4283//4283 4284//4284
f 4285//4285 4286//4286 4287//4287
f 4288//4288 4289//4289 4290//4290
f 4291//4291 4292//4292 4293//4293
f 4294//4294 4295//4295 4296//4296
f 4297//4297 4298//4298 4299//4299
f 4300//4300 4301//4301 4302//4302
f 4303//4303 4304//4304 4305//4305
f 4306//4306 4307//4307 4308//4308
f 4309//4309 4310//4310 4311//4311
f 4312//4312 4313//4313 4314//4314
f 4315//4315 4316//4316 4317//4317
f 4318//4318 4319//4319 4320//4320
f 4321//4321 4322//4322 4323//4323
f 4324//4324 4325//4325 4326//4326
f 4327//4327 4328//4328 4329//4329
f 4330//4330 4331//4331 4332//4332
f 4333//4333 4334//4334 4335//4335
f 4336//4336 4337//4337 4338//4338
f 4339//4339 4340//4340 4341//4341
f 4342//4342 4343//4343 4344//4344
f 4345//4345 4346//4346 4347//4347
f 4348//4348 4349//4349 4350//4350
f 4351//4351 4352//4352 4353//4353
f 4354//4354 4355//4355 4356//4356
f 4357//4357 4358//4358 4359//4359
f 4360//4360 4361//4361 4362//4362
f 4363//4363 4364//4364 4365//4365
f 4366//4366 4367//4367 4368//4368
f 4369//4369 4370//4370 4371//4371
f 4372//4372 4373//4373 4374//4374
f 4375//4375 4376//4376 4377//4377
f 4378//4378 4379//4379 4380//4380
f 4381//4381 4382//4382 4383//4383
f 4384//4384 4385//4385 4386//4386
f 4387//4387 4388//4388 4389//4389
f 4390//4390 4391//4391 4392//4392
f 4393//4393 4394//4394 4395//4395
f 4396//4396 4397//4397 4398//4398
f 4399//4399 4400//4400 4401//4401
f 4402//4402 4403//4403 4404//4404
f 4405//4405 4406//4406 4407//4407
f 4408//4408 4409//4409 4410//4410
f 4411//4411 4412//4412 4413//4413
f 4414//4414 4415//4415 4416//4416
f 4417//4417 4418//4418 4419//4419
f 4420//4420 4421//4421 4422//4422
f 4423//4423 4424//4424 4425//4425
f 4426//4426 4427//4427 4428//4428
f 4429//4429 4430//4430 4431//4431
f 4432//4432 4433//4433 4434//4434
f 4435//4435 4436//4436 4437//4437
f 4438//4438 4439//4439 4440//4440
f 4441//4441 4442//4442 4443//4443
f 4444//4444 4445//4445 4446//4446
f 4447//4447 4448//4448 4449//4449
f 4450//4450 4451//4451 4452//4452
f 4453//4453 4454//4454 4455//4455
f 4456//4456 4457//4457 4458//4458
f 4459//4459 4460//4460 4461//4461
f 4462//4462 4463//4463 4464//4464
f 4465//4465 4466//4466 4467//4467
f 4468//4468 4469//4469 4470//4470
f 4471//4471 4472//4472 4473//4473
f 4474//4474 4475//4475 4476//4476
f 4477//4477 4478//4478 4479//4479
f 4480//4480 4481//4481 4482//4482
f 4483//4483 4484//4484 4485//4485
f 4486//4486 4487//4487 4488//4488
f 4489//4489 4490//4490 4491//4491
f 4492//4492 4493//4493 4494//4494
f 4495//4495 4496//4496 4497//4497
f 4498//4498 4499//4499 4500//4500
f 4501//4501 4502//4502 4503//4503
f 4504//4504 4505//4505 4506//4506
f 4507//4507 4508//4508 4509//4509
f 4510//4510 4511//4511 4512//4512
f 4513//4513 4514//4514 4515//4515
f 4516//4516 4517//4517 4518//4518
f 4519//4519 4520//4520 4521//4521
f 4522//4522 4523//4523 4524//4524
f 4525//4525 4526//4526 4527//4527
f 4528//4528 4529//4529 4530//4530
f 4531//4531 4532//4532 4533//4533
f 4534//4534 4535//4535 4536//4536
f 4537//4537 4538//4538 4539//4539
f 4540//4540 4541//4541 4542//4542
f 4543//4543 4544//4544 4545//4545
f 4546//4546 4547//4547 4548//4548
f 4549//4549 4550//4550 4551//4551
f 4552//4552 4553//4553 4554//4554
f 4555//4555 4556//4556 4557//4557
f 4558//4558 4559//4559 4560//4560
f 4561//4561 4562//4562 4563//4563
f 4564//4564 4565//4565 4566//4566
f 4567//4567 4568//4568 4569//4569
f 4570//4570 4571//4571 4572//4572
f 4573//4573 4574//4574 4575//4575
f 4576//4576 4577//4577 4578//4578
f 4579//4579 4580//4580 4581//4581
f 4582//4582 4583//4583 4584//4584
f 4585//4585 4586//4586 4587//4587
f 4588//4588 4589//4589 4590//4590
f 4591//4591 4592//4592 4593//4593
f 4594//4594 4595//4595 4596//4596
f 4597//4597 4598//4598 4599//4599
f 4600//4600 4601//4601 4602//4602
f 4603//4603 4604//4604 4605//4605
f 4606//4606 4607//4607 4608//4608
f 4609//4609 4610//4610 4611//4611
f 4612//4612 4613//4613 4614//4614
f 4615//4615 4616//4616 4617//4617
f 4618//4618 4619//4619 4620//4620
f 4621//4621 4622//4622 4623//4623
f 4624//4624 4625//4625 4626//4626
f 4627//4627 4628//4628 4629//4629
f 4630//4630 4631//4631 4632//4632
f 4633//4633 4634//4634 4635//4635
f 4636//4636 4637//4637 4638//4638
f 4639//4639 4640//4640 4641//4641
f 4642//4642 4643//4643 4644//4644
f 4645//4645 4646//4646 4647//4647
f 4648//4648 4649//4649 4650//4650
f 4651//4651 4652//4652 4653//4653
f 4654//4654 4655//4655 4656//4656
f 4657//4657 4658//4658 4659//4659
f 4660//4660 4661//4661 4662//4662
f 4663//4663 4664//4664 4665//4665
f 4666//4666 4667//4667 4668//4668
f 4669//4669 4670//4670 4671//4671
f 4672//4672 4673//4673 4674//4674
f 4675//4675 4676//4676 4677//4677
f 4678//4678 4679//4679 4680//4680
f 4681//4681 4682//4682 4683//4683
f 4684//4684 4685//4685 4686//4686
f 4687//4687 4688//4688 4689//4689
f 4690//4690 4691//4691 4692//4692
f 4693//4693 4694//4694 4695//4695
f 4696//4696 4697//4697 4698//4698
f 4699//4699 4700//4700 4701//4701
f 4702//4702 4703//4703 4704//4704
f 4705//4705 4706//4706 4707//4707
f 4708//4708 4709//4709 4710//4710
f 4711//4711 4712//4712 4713//4713
f 4714//4714 4715//4715 4716//4716
f 4717//4717 4718//4718 4719//4719
f 4720//4720 4721//4721 4722//4722
f 4723//4723 4724//4724 4725//4725
f 4726//4726 4727//4727 4728//4728
f 4729//4729 4730//4730 4731//4731
f 4732//4732 4733//4733 4734//4734
f 4735//4735 4736//4736 4737//4737
f 4738//4738 4739//4739 4740//4740
f 4741//4741 4742//4742 4743//4743
f 4744//4744 4745//4745 4746//4746
f 4747//4747 4748//4748 4749//4749
f 4750//4750 4751//4751 4752//4752
f 4753//4753 4754//4754 4755//4755
f 4756//4756 4757//4757 4758//4758
f 4759//4759 4760//4760 4761//4761
f 4762//4762 4763//4763 4764//4764
f 4765//4765 4766//4766 4767//4767
f 4768//4768 4769//4769 4770//4770
f 4771//4771 4772//4772 4773//4773
f 4774//4774 4775//4775 4776//4776
f 4777//4777 4778//4778 4779//4779
f 4780//4780 4781//4781 4782//4782
f 4783//4783 4784//4784 4785//4785
f 4786//4786 4787//4787 4788//4788
f 4789//4789 4790//4790 4791//4791
f 4792//4792 4793//4793 4794//4794
f 4795//4795 4796//4796 4797//4797
f 4798//4798 4799//4799 4800//4800
f 4801//4801 4802//4802 4803//4803
f 4804//4804 4805//4805 4806//4806
f 4807//4807 4808//4808 4809//4809
f 4810//4810 4811//4811 4812//4812
f 4813//4813 4814//4814 4815//4815
f 4816//4816 4817//4817 4818//4818
f 4819//4819 4820//4820 4821//4821
f 4822//4822 4823//4823 4824//4824
f 4825//4825 4826//4826 4827//4827
f 4828//4828 4829//4829 4830//4830
f 4831//4831 4832//4832 4833//4833
f 4834//4834 4835//4835 4836//4836
f 4837//4837 4838//4838 4839//4839
f 4840//4840 4841//4841 4842//4842
f 4843//4843 4844//4844 4845//4845
f 4846//4846 4847//4847 4848//4848
f 4849//4849 4850//4850 4851//4851
f 4852//4852 4853//4853 4854//4854
f 4855//4855 4856//4856 4857//4857
f 4858//4858 4859//4859 4860//4860
f 4861//4861 4862//4862 4863//4863
f 4864//4864 4865//4865 4866//4866
f 4867//4867 4868//4868 4869//4869
f 4870//4870 4871//4871 4872//4872
f 4873//4873 4874//4874 4875//4875
f 4876//4876 4877//4877 4878//4878
f 4879//4879 4880//4880 4881//4881
f 4882//4882 4883//4883 4884//4884
f 4885//4885 4886//4886 4887//4887
f 4888//4888 4889//4889 4890//4890
f 4891//4891 4892//4892 4893//4893
f 4894//4894 4895//4895 4896//4896
f 4897//4897 4898//4898 4899//4899
f 4900//4900 4901//4901 4902//4902
f 4903//4903 4904//4904 4905//4905
f 4906//4906 4907//4907 4908//4908
f 4909//4909 4910//4910 4911//4911
f 4912//4912 4913//4913 4914//4914
f 4915//4915 4916//4916 4917//4917
f 4918//4918 4919//4919 4920//4920
f 4921//4921 4922//4922 4923//4923
f 4924//4924 4925//4925 4926//4926
f 4927//4927 4928//4928 4929//4929
f 4930//4930 4931//4931 4932//4932
f 4933//4933 4934//4934 4935//4935
f 4936//4936 4937//4937 4938//4938
f 4939//4939 4940//4940 4941//4941
f 4942//4942 4943//4943 4944//4944
f 4945//4945 4946//4946 4947//4947
f 4948//4948 4949//4949 4950//4950
f 4951//4951 4952//4952 4953//4953
f 4954//4954 4955//4955 4956//4956
f 4957//4957 4958//4958 4959//4959
f 4960//4960 4961//4961 4962//4962
f 4963//4963 4964//4964 4965//4965
f 4966//4966 4967//4967 4968//4968
f 4969//4969 4970//4970 4971//4971
f 4972//4972 4973//4973 4974//4974
f 4975//4975 4976//4976 4977//4977
f 4978//4978 4979//4979 4980//4980
f 4981//4981 4982//4982 4983//4983
f 4984//4984 4985//4985 4986//4986
f 4987//4987 4988//4988 4989//4989
f 4990//4990 4991//4991 4992//4992
f 4993//4993 4994//4994 4995//4995
f 4996//4996 4997//4997 4998//4998
f 4999//4999 5000//5000 5001//5001
f 5002//5002 5003//5003 5004//5004
f 5005//5005 5006//5006 5007//5007
f 5008//5008 5009//5009 5010//5010
f 5011//5011 5012//5012 5013//5013
f 5014//5014 5015//5015 5016//5016
f 5017//5017 5018//5018 5019//5019
f 5020//5020 5021//5021 5022//5022
f 5023//5023 5024//5024 5025//5025
f 5026//5026 5027//5027 5028//5028
f 5029//5029 5030//5030 5031//5031
f 5032//5032 5033//5033 5034//5034
f 5035//5035 5036//5036 5037//5037
f 5038//5038 5039//5039 5040//5040
f 5041//5041 5042//5042 5043//5043
f 5044//5044 5045//5045 5046//5046
f 5047//5047 5048//5048 5049//5049
f 5050//5050 5051//5051 5052//5052
f 5053//5053 5054//5054 5055//5055
f 5056//5056 5057//5057 5058//5058
f 5059//5059 5060//5060 5061//5061
f 5062//5062 5063//5063 5064//5064
f 5065//5065 5066//5066 5067//5067
f 5068//5068 5069//5069 5070//5070
f 5071//5071 5072//5072 5073//5073
f 5074//5074 5075//5075 5076//5076
f 5077//5077 5078//5078 5079//5079
f 5080//5080 5081//5081 5082//5082
f 5083//5083 5084//5084 5085//5085
f 5086//5086 5087//5087 5088//5088
f 5089//5089 5090//5090 5091//5091
f 5092//5092 5093//5093 5094//5094
f 5095//5095 5096//5096 5097//5097
f 5098//5098 5099//5099 5100//5100
f 5101//5101 5102//5102 5103//5103
f 5104//5104 5105//5105 5106//5106
f 5107//5107 5108//5108 5109//5109
f 5110//5110 5111//5111 5112//5112
f 5113//5113 5114//5114 5115//5115
f 5116//5116 5117//5117 5118//5118
f 5119//5119 5120//5120 5121//5121
f 5122//5122 5123//5123 5124//5124
f 5125//5125 5126//5126 5127//5127
f 5128//5128 5129//5129 5130//5130
f 5131//5131 5132//5132 5133//5133
f 5134//5134 5135//5135 5136//5136
f 5137//5137 5138//5138 5139//5139
f 5140//5140 5141//5141 5142//5142
f 5143//5143 5144//5144 5145//5145
f 5146//5146 5147//5147 5148//5148
f 5149//5149 5150//5150 5151//5151
f 5152//5152 5153//5153 5154//5154
f 5155//5155 5156//5156 5157//5157
f 5158//5158 5159//5159 5160//5160
f 5161//5161 5162//5162 5163//5163
f 5164//5164 5165//5165 5166//5166
f 5167//5167 5168//5168 5169//5169
f 5170//5170 5171//5171 5172//5172
f 5173//5173 5174//5174 5175//5175
f 5176//5176 5177//5177 5178//5178
f 5179//5179 5180//5180 5181//5181
f 5182//5182 5183//5183 5184//5184
f 5185//5185 5186//5186 5187//5187
f 5188//5188 5189//5189 5190//5190
f 5191//5191 5192//5192 5193//5193
f 5194//5194 5195//5195 5196//5196
f 5197//5197 5198//5198 5199//5199
f 5200//5200 5201//5201 5202//5202
f 5203//5203 5204//5204 5205//5205
f 5206//5206 5207//5207 5208//5208
f 5209//5209 5210//5210 5211//5211
f 5212//5212 5213//5213 5214//5214
f 5215//5215 5216//5216 5217//5217
f 5218//5218 5219//5219 5220//5220
f 5221//5221 5222//5222 5223//5223
f 5224//5224 5225//5225 5226//5226
f 5227//5227 5228//5228 5229//5229
f 5230//5230 5231//5231 5232//5232
f 5233//5233 5234//5234 5235//5235
f 5236//5236 5237//5237 5238//5238
f 5239//5239 5240//5240 5241//5241
f 5242//5242 5243//5243 5244//5244
f 5245//5245 5246//5246 5247//5247
f 5248//5248 5249//5249 5250//5250
f 5251//5251 5252//5252 5253//5253
f 5254//5254 5255//5255 5256//5256
f 5257//5257 5258//5258 5259//5259
f 5260//5260 5261//5261 5262//5262
f 5263//5263 5264//5264 5265//5265
f 5266//5266 5267//5267 5268//5268
f 5269//5269 5270//5270 5271//5271
f 5272//5272 5273//5273 5274//5274
f 5275//5275 5276//5276 5277//5277
f 5278//5278 5279//5279 5280//5280
f 5281//5281 5282//5282 5283//5283
f 5284//5284 5285//5285 5286//5286
f 5287//5287 5288//5288 5289//5289
f 5290//5290 5291//5291 5292//5292
f 5293//5293 5294//5294 5295//5295
f 5296//5296 5297//5297 5298//5298
f 5299//5299 5300//5300 5301//5301
f 5302//5302 5303//5303 5304//5304
f 5305//5305 5306//5306 5307//5307
f 5308//5308 5309//5309 5310//5310
f 5311//5311 5312//5312 5313//5313
f 5314//5314 5315//5315 5316//5316
f 5317//5317 5318//5318 5319//5319
f 5320//5320 5321//5321 5322//5322
f 5323//5323 5324//5324 5325//5325
f 5326//5326 5327//5327 5328//5328
f 5329//5329 5330//5330 5331//5331
f 5332//5332 5333//5333 5334//5334
f 5335//5335 5336//5336 5337//5337
f 5338//5338 5339//5339 5340//5340
f 5341//5341 5342//5342 5343//5343
f 5344//5344 5345//5345 5346//5346
f 5347//5347 5348//5348 5349//5349
f 5350//5350 5351//5351 5352//5352
f 5353//5353 5354//5354 5355//5355
f 5356//5356 5357//5357 5358//5358
f 5359//5359 5360//5360 5361//5361
f 5362//5362 5363//5363 5364//5364
f 5365//5365 5366//5366 5367//5367
f 5368//5368 5369//5369 5370//5370
f 5371//5371 5372//5372 5373//5373
f 5374//5374 5375//5375 5376//5376
f 5377//5377 5378//5378 5379//5379
f 5380//5380 5381//5381 5382//5382
f 5383//5383 5384//5384 5385//5385
f 5386//5386 5387//5387 5388//5388
f 5389//5389 5390//5390 5391//5391
f 5392//5392 5393//5393 5394//5394
f 5395//5395 5396//5396 5397//5397
f 5398//5398 5399//5399 5400//5400
f 5401//5401 5402//5402 5403//5403
f 5404//5404 5405//5405 5406//5406
f 5407//5407 5408//5408 5409//5409
f 5410//5410 5411//5411 5412//5412
f 5413//5413 5414//5414 5415//5415
f 5416//5416 5417//5417 5418//5418
f 5419//5419 5420//5420 5421//5421
f 5422//5422 5423//5423 5424//5424
f 5425//5425 5426//5426 5427//5427
f 5428//5428 5429//5429 5430//5430
f 5431//5431 5432//5432 5433//5433
f 5434//5434 5435//5435 5436//5436
f 5437//5437 5438//5438 5439//5439
f 5440//5440 5441//5441 5442//5442
f 5443//5443 5444//5444 5445//5445
f 5446//5446 5447//5447 5448//5448
f 5449//5449 5450//5450 5451//5451
f 5452//5452 5453//5453 5454//5454
f 5455//5455 5456//5456 5457//5457
f 5458//5458 5459//5459 5460//5460
f 5461//5461 5462//5462 5463//5463
f 5464//5464 5465//5465 5466//5466
f 5467//5467 5468//5468 5469//5469
f 5470//5470 5471//5471 5472//5472
f 5473//5473 5474//5474 5475//5475
f 5476//5476 5477//5477 5478//5478
f 5479//5479 5480//5480 5481//5481
f 5482//5482 5483//5483 5484//5484
f 5485//5485 5486//5486 5487//5487
f 5488//5488 5489//5489 5490//5490
f 5491//5491 5492//5492 5493//5493
f 5494//5494 5495//5495 5496//5496
f 5497//5497 5498//5498 5499//5499
f 5500//5500 5501//5501 5502//5502
f 5503//5503 5504//5504 5505//5505
f 5506//5506 5507//5507 5508//5508
f 5509//5509 5510//5510 5511//5511
f 5512//5512 5513//5513 5514//5514
f 5515//5515 5516//5516 5517//5517
f 5518//5518 5519//5519 5520//5520
f 5521//5521 5522//5522 5523//5523
f 5524//5524 5525//5525 5526//5526
f 5527//5527 5528//5528 5529//5529
f 5530//5530 5531//5531 5532//5532
f 5533//5533 5534//5534 5535//5535
f 5536//5536 5537//5537 5538//5538
f 5539//5539 5540//5540 5541//5541
f 5542//5542 5543//5543 5544//5544
f 5545//5545 5546//5546 5547//5547
f 5548//5548 5549//5549 5550//5550
f 5551//5551 5552//5552 5553//5553
f 5554//5554 5555//5555 5556//5556
f 5557//5557 5558//5558 5559//5559
f 5560//5560 5561//5561 5562//5562
f 5563//5563 5564//5564 5565//5565
f 5566//5566 5567//5567 5568//5568
f 5569//5569 5570//5570 5571//5571
f 5572//5572 5573//5573 5574//5574
f 5575//5575 5576//5576 5577//5577
f 5578//5578 5579//5579 5580//5580
f 5581//5581 5582//5582 5583//5583
f 5584//5584 5585//5585 5586//5586
f 5587//5587 5588//5588 5589//5589
f 5590//5590 5591//5591 5592//5592
f 5593//5593 5594//5594 5595//5595
f 5596//5596 5597//5597 5598//5598
f 5599//5599 5600//5600 5601//5601
f 5602//5602 5603//5603 5604//5604
f 5605//5605 5606//5606 5607//5607
f 5608//5608 5609//5609 5610//5610
f 5611//5611 5612//5612 5613//5613
f 5614//5614 5615//5615 5616//5616
f 5617//5617 5618//5618 5619//5619
f 5620//5620 5621//5621 5622//5622
f 5623//5623 5624//5624 5625//5625
f 5626//5626 5627//5627 5628//5628
f 5629//5629 5630//5630 5631//5631
f 5632//5632 5633//5633 5634//5634
f 5635//5635 5636//5636 5637//5637
f 5638//5638 5639//5639 5640//5640
f 5641//5641 5642//5642 5643//5643
f 5644//5644 5645//5645 5646//5646
f 5647//5647 5648//5648 5649//5649
f 5650//5650 5651//5651 5652//5652
f 5653//5653 5654//5654 5655//5655
f 5656//5656 5657//5657 5658//5658
f 5659//5659 5660//5660 5661//5661
f 5662//5662 5663//5663 5664//5664
f 5665//5665 5666//5666 5667//5667
f 5668//5668 5669//5669 5670//5670
f 5671//5671 5672//5672 5673//5673
f 5674//5674 5675//5675 5676//5676
f 5677//5677 5678//5678 5679//5679
f 5680//5680 5681//5681 5682//5682
f 5683//5683 5684//5684 5685//5685
f 5686//5686 5687//5687 5688//5688
f 5689//5689 5690//5690 5691//5691
f 5692//5692 5693//5693 5694//5694
f 5695//5695 5696//5696 5697//5697
f 5698//5698 5699//5699 5700//5700
f 5701//5701 5702//5702 5703//5703
f 5704//5704 5705//5705 5706//5706
f 5707//5707 5708//5708 5709//5709
f 5710//5710 5711//5711 5712//5712
f 5713//5713 5714//5714 5715//5715
f 5716//5716 5717//5717 5718//5718
f 5719//5719 5720//5720 5721//5721
f 5722//5722 5723//5723 5724//5724
f 5725//5725 5726//5726 5727//5727
f 5728//5728 5729//5729 5730//5730
f 5731//5731 5732//5732 5733//5733
f 5734//5734 5735//5735 5736//5736
f 5737//5737 5738//5738 5739//5739
f 5740//5740 5741//5741 5742//5742
f 5743//5743 5744//5744 5745//5745
f 5746//5746 5747//5747 5748//5748
f 5749//5749 5750//5750 5751//5751
f 5752//5752 5753//5753 5754//5754
f 5755//5755 5756//5756 5757//5757
f 5758//5758 5759//5759 5760//5760
f 5761//5761 5762//5762 5763//5763
f 5764//5764 5765//5765 5766//5766
f 5767//5767 5768//5768 5769//5769
f 5770//5770 5771//5771 5772//5772
f 5773//5773 5774//5774 5775//5775
f 5776//5776 5777//5777 5778//5778
f 5779//5779 5780//5780 5781//5781
f 5782//5782 5783//5783 5784//5784
f 5785//5785 5786//5786 5787//5787
f 5788//5788 5789//5789 5790//5790
f 5791//5791 5792//5792 5793//5793
f 5794//5794 5795//5795 5796//5796
f 5797//5797 5798//5798 5799//5799
f 5800//5800 5801//5801 5802//5802
f 5803//5803 5804//5804 5805//5805
f 5806//5806 5807//5807 5808//5808
f 5809//5809 5810//5810 5811//5811
f 5812//5812 5813//5813 5814//5814
f 5815//5815 5816//5816 5817//5817
f 5818//5818 5819//5819 5820//5820
f 5821//5821 5822//5822 5823//5823
f 5824//5824 5825//5825 5826//5826
f 5827//5827 5828//5828 5829//5829
f 5830//5830 5831//5831 5832//5832
f 5833//5833 5834//5834 5835//5835
f 5836//5836 5837//5837 5838//5838
f 5839//5839 5840//5840 5841//5841
f 5842//5842 5843//5843 5844//5844
f 5845//5845 5846//5846 5847//5847
f 5848//5848 5849//5849 5850//5850
f 5851//5851 5852//5852 5853//5853
f 5854//5854 5855//5855 5856//5856
f 5857//5857 5858//5858 5859//5859
f 5860//5860 5861//5861 5862//5862
f 5863//5863 5864//5864 5865//5865
f 5866//5866 5867//5867 5868//5868
f 5869//5869 5870//5870 5871//5871
f 5872//5872 5873//5873 5874//5874
f 5875//5875 5876//5876 5877//5877
f 5878//5878 5879//5879 5880//5880
f 5881//5881 5882//5882 5883//5883
f 5884//5884 5885//5885 5886//5886
f 5887//5887 5888//5888 5889//5889
f 5890//5890 5891//5891 5892//5892
f 5893//5893 5894//5894 5895//5895
f 5896//5896 5897//5897 5898//5898
f 5899//5899 5900//5900 5901//5901
f 5902//5902 5903//5903 5904//5904
f 5905//5905 5906//5906 5907//5907
f 5908//5908 5909//5909 5910//5910
f 5911//5911 5912//5912 5913//5913
f 5914//5914 5915//5915 5916//5916
f 5917//5917 5918//5918 5919//5919
f 5920//5920 5921//5921 5922//5922
f 5923//5923 5924//5924 5925//5925
f 5926//5926 5927//5927 5928//5928
f 5929//5929 5930//5930 5931//5931
f 5932//5932 5933//5933 5934//5934
f 5935//5935 5936//5936 5937//5937
f 5938//5938 5939//5939 5940//5940
f 5941//5941 5942//5942 5943//5943
f 5944//5944 5945//5945 5946//5946
f 5947//5947 5948//5948 5949//5949
f 5950//5950 5951//5951 5952//5952
f 5953//5953 5954//5954 5955//5955
f 5956//5956 5957//5957 5958//5958
f 5959//5959 5960//5960 5961//5961
f 5962//5962 5963//5963 5964//5964
f 5965//5965 5966//5966 5967//5967
f 5968//5968 5969//5969 5970//5970
f 5971//5971 5972//5972 5973//5973
f 5974//5974 5975//5975 5976//5976
f 5977//5977 5978//5978 5979//5979
f 5980//5980 5981//5981 5982//5982
f 5983//5983 5984//5984 5985//5985
f 5986//5986 5987//5987 5988//5988
f 5989//5989 5990//5990 5991//5991
f 5992//5992 5993//5993 5994//5994
f 5995//5995 5996//5996 5997//5997
f 5998//5998 5999//5999 6000//6000
f 6001//6001 6002//6002 6003//6003
f 6004//6004 6005//6005 6006//6006
f 6007//6007 6008//6008 6009//6009
f 6010//6010 6011//6011 6012//6012
f 6013//6013 6014//6014 6015//6015
f 6016//6016 6017//6017 6018//6018
f 6019//6019 6020//6020 6021//6021
f 6022//6022 6023//6023 6024//6024
f 6025//6025 6026//6026 6027//6027
f 6028//6028 6029//6029 6030//6030
f 6031//6031 6032//6032 6033//6033
f 6034//6034 6035//6035 6036//6036
f 6037//6037 6038//6038 6039//6039
f 6040//6040 6041//6041 6042//6042
f 6043//6043 6044//6044 6045//6045
f 6046//6046 6047//6047 6048//6048
f 6049//6049 6050//6050 6051//6051
f 6052//6052 6053//6053 6054//6054
f 6055//6055 6056//6056 6057//6057
f 6058//6058 6059//6059 6060//6060
f 6061//6061 6062//6062 6063//6063
f 6064//6064 6065//6065 6066//6066
f 6067//6067 6068//6068 6069//6069
f 6070//6070 6071//6071 6072//6072
f 6073//6073 6074//6074 6075//6075
f 6076//6076 6077//6077 6078//6078
f 6079//6079 6080//6080 6081//6081
f 6082//6082 6083//6083 6084//6084
f 6085//6085 6086//6086 6087//6087
f 6088//6088 6089//6089 6090//6090
f 6091//6091 6092//6092 6093//6093
f 6094//6094 6095//6095 6096//6096
f 6097//6097 6098//6098 6099//6099
f 6100//6100 6101//6101 6102//6102
f 6103//6103 6104//6104 6105//6105
f 6106//6106 6107//6107 6108//6108
f 6109//6109 6110//6110 6111//6111
f 6112//6112 6113//6113 6114//6114
f 6115//6115 6116//6116 6117//6117
f 6118//6118 6119//6119 6120//6120
f 6121//6121 6122//6122 6123//6123
f 6124//6124 6125//6125 6126//6126
f 6127//6127 6128//6128 6129//6129
f 6130//6130 6131//6131 6132//6132
f 6133//6133 6134//6134 6135//6135
f 6136//6136 6137//6137 6138//6138
f 6139//6139 6140//6140 6141//6141
f 6142//6142 6143//6143 6144//6144
f 6145//6145 6146//6146 6147//6147
f 6148//6148 6149//6149 6150//6150
f 6151//6151 6152//6152 6153//6153
f 6154//6154 6155//6155 6156//6156
f 6157//6157 6158//6158 6159//6159
f 6160//6160 6161//6161 6162//6162
f 6163//6163 6164//6164 6165//6165
f 6166//6166 6167//6167 6168//6168
f 6169//6169 6170//6170 6171//6171
f 6172//6172 6173//6173 6174//6174
f 6175//6175 6176//6176 6177//6177
f 6178//6178 6179//6179 6180//6180
f 6181//6181 6182//6182 6183//6183
f 6184//6184 6185//6185 6186//6186
f 6187//6187 6188//6188 6189//6189
f 6190//6190 6191//6191 6192//6192
f 6193//6193 6194//6194 6195//6195
f 6196//6196 6197//6197 6198//6198
f 6199//6199 6200//6200 6201//6201
f 6202//6202 6203//6203 6204//6204
f 6205//6205 6206//6206 6207//6207
f 6208//6208 6209//6209 6210//6210
f 6211//6211 6212//6212 6213//6213
f 6214//6214 6215//6215 6216//6216
f 6217//6217 6218//6218 6219//6219
f 6220//6220 6221//6221 6222//6222
f 6223//6223 6224//6224 6225//6225
f 6226//6226 6227//6227 6228//6228
f 6229//6229 6230//6230 6231//6231
f 6232//6232 6233//6233 6234//6234
f 6235//6235 6236//6236 6237//6237
f 6238//6238 6239//6239 6240//6240
f 6241//6241 6242//6242 6243//6243
f 6244//6244 6245//6245 6246//6246
f 6247//6247 6248//6248 6249//6249
f 6250//6250 6251//6251 6252//6252
f 6253//6253 6254//6254 6255//6255
f 6256//6256 6257//6257 6258//6258
f 6259//6259 6260//6260 6261//6261
f 6262//6262 6263//6263 6264//6264
f 6265//6265 6266//6266 6267//6267
f 6268//6268 6269//6269 6270//6270
f 6271//6271 6272//6272 6273//6273
f 6274//6274 6275//6275 6276//6276
f 6277//6277 6278//6278 6279//6279
f 6280//6280 6281//6281 6282//6282
f 6283//6283 6284//6284 6285//6285
f 6286//6286 6287//6287 6288//6288
f 6289//6289 6290//6290 6291//6291
f 6292//6292 6293//6293 6294//6294
f 6295//6295 6296//6296 6297//6297
f 6298//6298 6299//6299 6300//6300
f 6301//6301 6302//6302 6303//6303
f 6304//6304 6305//6305 6306//6306
f 6307//6307 6308//6308 6309//6309
f 6310//6310 6311//6311 6312//6312
f 6313//6313 6314//6314 6315//6315
f 6316//6316 6317//6317 6318//6318
f 6319//6319 6320//6320 6321//6321
f 6322//6322 6323//6323 6324//6324
